"conversation_id_str","created_at","favorite_count","full_text","id_str","image_url","in_reply_to_screen_name","lang","location","quote_count","reply_count","retweet_count","tweet_url","user_id_str","username"
"2070532360622469305","2026-06-26T15:39:18.000Z","18","Banyak yang nanya, harga minyak dunia turun, kok harga BBM di Indonesia gak ikut turun? 

Ternyata sistemnya emang gak sesederhana yang kita bayangin. Aku coba rangkum biar kebayang :

1. Yang dipakai bukan harga minyak mentah.
Harga minyak yang kita lihat di berita itu minyak https://t.co/DYUL8DiKgC","2070532360622469305","https://pbs.twimg.com/media/HLwCMifbcAE20bf.jpg","","in","","1","1","2","https://x.com/iamretardio/status/2070532360622469305","1844430012289777670","iamretardio"
"2070366020439601409","2026-06-26T11:58:15.000Z","0","@dimarsasongko98 Pak Bahlil...., bagi orang punya duit nggak masalah harga BBM non subsidi naik. Yang jadi masalah adalah dampak berantai kenaikan BBM nonsubsidi yg sampai ke orang menengah dan miskin.","2070476732453552527","","dimarsasongko98","in","","0","0","0","https://x.com/stobsjr/status/2070476732453552527","1526915443","stobsjr"
"2070452568460034386","2026-06-26T10:22:14.000Z","152","Pertamax disebut BBM ""non-subsidi.""

Tapi Ketua Komisi XII DPR mengungkap langsung dari diskusi dengan Pertamina: harga aslinya Rp19.000–20.000/liter. 

Dijual Rp16.250 karena pemerintah intervensi. 

VP Pertamina sendiri mengakui: ""di pasar internasional sudah Rp20.000–21.000, https://t.co/omOvULn7L8","2070452568460034386","https://pbs.twimg.com/media/HLu4-1BawAAp4Fj.png","","in","","3","13","39","https://x.com/dimarsasongko98/status/2070452568460034386","1781618112259076096","dimarsasongko98"
"2070366020439601409","2026-06-26T05:32:52.000Z","0","@dimarsasongko98 bbm non subsidi mau naik berapa juga ga akan masalah jika sembako dan kebutuhan dasar lainnya tidak ikut naik. dollar stabil.","2070379749831217390","","dimarsasongko98","in","","0","0","0","https://x.com/Neonboxyellow/status/2070379749831217390","259119366","Neonboxyellow"
"2070336060199239858","2026-06-26T02:39:16.000Z","0","Sapa tu ya yg kemaren ngetawain orang2 yg protes bbm non subsidi naik dan dikatain gak mampu?

MAM NOH KELANGKAAN BBM SUBSIDI","2070336060199239858","","","in","","0","0","0","https://x.com/myyoongles96/status/2070336060199239858","78581279","myyoongles96"
"2070293715923644896","2026-06-25T23:51:00.000Z","1","Direktur Jenderal Komunikasi Publik dan Media Kementerian Komunikasi dan Digital, Fifi Aleyda Yahya, memberikan penjelasan resmi terkait penyesuaian harga BBM non-subsidi jenis Pertamax yang kini naik menjadi Rp16.250 per liter. https://t.co/J3n7UQddoL","2070293715923644896","https://pbs.twimg.com/amplify_video_thumb/2070293634369683456/img/NQKWQwR_gM-BnEuZ.jpg","","in","","0","1","0","https://x.com/arteranews/status/2070293715923644896","2013132338109288449","arteranews"
"2069973022631743497","2026-06-25T04:26:05.000Z","0","@TxtdariHI harusnya bisa juga pertamina menurunkan harga bbm non subsidi, semoga saja harga ini juga stabil turun, cukup bagus juga pertamina masih bisa menahan harga hingga bulan juli bbm naik","2070000553208516856","","TxtdariHI","in","","0","0","0","https://x.com/cloudsmahe/status/2070000553208516856","583478638","cloudsmahe"
"2069973022631743497","2026-06-25T04:11:54.000Z","0","@TxtdariHI Pejabat yg bilang BBM non subsidi hrsnya sdh naik dr dulu akan bilang harusnya turun dr dulu jg gak ya ?","2069996985957196028","","TxtdariHI","in","","0","0","0","https://x.com/DewaRama/status/2069996985957196028","58759760","DewaRama"
"2069676182103372131","2026-06-24T13:35:17.000Z","22","@boxxtoc ""Emang gue pikirin!""

Kalimat yg terucap, sewaktu kondisi negara:

- banyak PHK, entah jilid ke berapa
- lapangan pekerjaan yg ternyata nggak lapang
- masih banyak sekali pengangguran
- harga bbm non subsidi naik 30%-an, padahal gaji kita naiknya nggak segitu, tuh

Syt.","2069776377814147314","","boxxtoc","in","","0","0","0","https://x.com/setowicaksono/status/2069776377814147314","92164568","setowicaksono"
"2069765004652691483","2026-06-24T12:50:06.000Z","4","""Emang gue pikirin!""

Kalimat yg terucap, sewaktu kondisi negara:

- banyak PHK, entah jilid ke berapa
- lapangan pekerjaan yg ternyata nggak lapang
- masih banyak sekali pengangguran
- harga bbm non subsidi naik 30%-an, padahal gaji kita naiknya nggak segitu, tuh

Syt.","2069765004652691483","","","in","","0","0","1","https://x.com/setowicaksono/status/2069765004652691483","92164568","setowicaksono"
"2069582527510044793","2026-06-24T08:35:10.000Z","0","@P0113R Dek Fatimah... kamunitu cuma anak yang cadas bukan cerdas. kalian bukan dewa.
Apa yg jadi tuntutan kalian sebenarnya bukan ranah kalian. Itu ranah orang tua. Lagian, ngga ada harga2 kebutuhan yg naik tajam, bbm pun ngga naik koq, kecuali pertamax itupun bbm non subsidi.","2069700851036479698","","P0113R","in","","0","0","0","https://x.com/Sang9Bro/status/2069700851036479698","950947290604232705","Sang9Bro"
"2069401685563523079","2026-06-23T12:46:24.000Z","2","Menkeu Purbaya Optimistis Harga Pertamax akan Segera Turun

Menteri Keuangan Purbaya Yudhi Sadewa optimistis harga bahan bakar minyak (BBM) non-subsidi seperti Pertamax dan Pertamax Green 95 yang sempat naik pada 9 Juni 2026 akan kembali turun. Keyakinan tersebut didorong oleh https://t.co/5HDk5lybzL","2069401685563523079","https://pbs.twimg.com/amplify_video_thumb/2069401560694849537/img/dlucXwWax5C6NoeJ.jpg","","in","","0","0","0","https://x.com/mediaindonesia/status/2069401685563523079","68930552","mediaindonesia"
"2069339716714217781","2026-06-23T10:41:12.000Z","1","@kompascom gara gara BBM tidak naik? lah apa presiden tidak tau kalo BBM non subsidi naik?","2069370177855340776","","kompascom","in","","0","0","0","https://x.com/kesadaran_ku/status/2069370177855340776","1073806929162457090","kesadaran_ku"
"2069299416457003329","2026-06-23T06:00:01.000Z","2","Konflik di Timur Tengah tidak hanya memicu sentimen risk-off global, tetapi juga menaikkan harga energi yang memicu cost-push inflation (inflasi didorong biaya produksi). Terbukti, inflasi IHK Mei 2026 merangkak naik ke level 3,08% karena penyesuaian harga BBM non-subsidi dan https://t.co/6FY71IAWLr","2069299416457003329","https://pbs.twimg.com/media/HLePSkJacAAPFSk.jpg","","in","","0","0","0","https://x.com/TirtoID/status/2069299416457003329","4187275698","TirtoID"
"2068525119337841031","2026-06-22T15:04:28.000Z","0","@MiskinTV_ Bbm non subsidi naik = pengguna subsidi ga usah protes
Listrik mati bergilir = pengguna subsidi ga usah protes","2069074042846621848","","MiskinTV_","in","","0","0","0","https://x.com/ayamkechill/status/2069074042846621848","831247500","ayamkechill"
"2069028051326034249","2026-06-22T14:03:29.000Z","0","@kompascom Saat menaikkan harga BBM Non Subsidi jenis Pertamax tidak ada diksi ""Berpeluang Naik"", langsung naik aja😂","2069058699222753725","","kompascom","in","","0","0","0","https://x.com/Ombahku/status/2069058699222753725","387748122","Ombahku"
"2068860775826112807","2026-06-22T00:58:35.000Z","0","Yang tetap menanggungnya, sedangkan harusnya yg non subsidi mengikuti harga minyak dunia yg katanya turun gak ikut turun juga tuh. Di hitung juga kah inflasi lainnya dampak bbm naik sampai 30 %++ kenyataannya di masyarakat juga harga² naik segitu juga kurleb 30%++ jd masih bangga","2068861171458089408","","AdamVelcro","in","","0","1","0","https://x.com/AdamVelcro/status/2068861171458089408","267795457","AdamVelcro"
"2068757300773593199","2026-06-21T18:05:50.000Z","0","Pertamax bbm non subsidi harganya pasti mengikuti harga minyak dunia, kenapa jadi persoalan kalau naik ? Kelangkaan pertalite karena pertalite itu bbm subsidi, semua hal yang di subsidi pasti ada kuotanya, kalau seluruh rakyat indonesia pakai bbm subsidi berarti ada APBN terbeban","2068757300773593199","","","in","","0","0","0","https://x.com/mridhoalhazmi/status/2068757300773593199","1558070906","mridhoalhazmi"
"2068640799353442704","2026-06-21T10:22:54.000Z","4","PERTAMAX NAIK RP 3.950/LITER. BERTAHAN DEMI MESIN ATAU PINDAH MAZHAB?

Tiap mampir ke SPBU sekarang bawaannya pengen istighfar. 

Per 10 Juni 2026 kemarin, Pertamina resmi mengerek harga BBM non-subsidi. Gak tanggung-tanggung, Pertamax (RON 92) lompat dari Rp 12.300 menjadi Rp https://t.co/oG0dwn4lJm","2068640799353442704","https://pbs.twimg.com/media/HLVJ1pFakAE4ZN8.jpg","","in","","2","1","0","https://x.com/hendrasumar/status/2068640799353442704","68635629","hendrasumar"
"2068519306124841234","2026-06-21T02:45:58.000Z","0","2. BBM Non subsidi naik -&gt; bisa jadi pisau bermata dua. Untuk ojol, angkutan umum, masyarakat menengah kebawah, ekspedisi dan angkutan sembako (sebagai prioritas) Tapi ati ati dibelakang investor kebanyakan sektor swasta yg kendaraannya harus non subsidi, mereka bisa gerakin masa","2068525807119839692","","REVAIZAL","in","","0","1","0","https://x.com/REVAIZAL/status/2068525807119839692","60230291","REVAIZAL"
"2068412291138437304","2026-06-20T19:14:54.000Z","0","NIH LIHAAATTTTT. Gue tampol lu ya yg bilang “BBM yg naik kan non subsidi, lu pada belain orang kaya ya aneh” ELU YANG ANEH tolol gabisa mikir efek domino","2068412291138437304","","","in","","0","0","0","https://x.com/timleocity/status/2068412291138437304","1152141328303550464","timleocity"
"2068154407389184421","2026-06-20T03:03:37.000Z","0","@tanyakanrl abis bbm non subsidi naik apakah bntr lagi ada berita tiba2 tarif listrik naik? kan pemerintahan kita lg kejar setoran pajak https://t.co/gUZGrVVxBD","2068167863106748820","https://pbs.twimg.com/media/HLObs3gbEAA7cHA.jpg","tanyakanrl","in","","0","0","0","https://x.com/Chicitcuiit/status/2068167863106748820","3233236290","Chicitcuiit"
"2068139754982613283","2026-06-20T01:11:56.000Z","15430","PIUTANG PLN KE PEMERINTAH NAIK 156%. 
ARTINYA PEMERINTAH NUNGGAK BAYAR KE PLN SEHINGGA PLN TIDAK PUNYA DUIT.
TIDAK PUNYA DUIT SEHINGGA TIDAK BISA BEKI BATUBARA

TIDAK BISA BELI BATUBARA, SUPLAI LISTRIK BERKURANG.
SIAP2 MENYALA BERGILIR

BUKAN PEMADAMAN BERGILIR

Dari foto laporan https://t.co/3Q3IeAnhSi","2068139754982613283","https://pbs.twimg.com/media/HLNTunSaEAAItRT.jpg","","in","","693","339","6918","https://x.com/Hidupsebagai62/status/2068139754982613283","1031420690505785349","Hidupsebagai62"
"2067884579722272775","2026-06-19T08:17:57.000Z","5","Harga BBM Pertamina hari ini menunjukkan adanya kenaikan signifikan pada produk non-subsidi, terutama Pertamax dan Pertamax Green 95 yang naik mulai 10 Juni 2026. 

https://t.co/YobIi6qCQo","2067884579722272775","","","in","","0","0","0","https://x.com/putrapostdaily/status/2067884579722272775","1981555039820001280","putrapostdaily"
"2067851424722264385","2026-06-19T06:06:13.000Z","33","Di tengah guncangan harga energi global yang memaksa hampir semua negara mencabut subsidi BBM  Indonesia justru memilih bertahan. Pertalite masih Rp10.000 per liter. 

Solar bersubsidi Rp6.800. Bahkan Pertamax non-subsidi yang naik ke Rp16.250 per Juni 2026 pun masih termasuk https://t.co/Zsv22GZQ5M","2067851424722264385","https://pbs.twimg.com/amplify_video_thumb/2067850863167893504/img/KSPlQSZqmAExLYVE.jpg","","in","","2","34","14","https://x.com/fadlizon/status/2067851424722264385","79139422","fadlizon"
"2067635426870050819","2026-06-18T15:47:55.000Z","9","#MahasiswaDitunggangi
Demo Untuk Siapa?

Bela orang kaya, perubahan orientasi mahasiswa. Yang naik itu Pertamax &amp; BBM non-subsidi. Yang dipakai rakyat kecil, Pertalite, gak naik. https://t.co/5KXYB4WoFp","2067635426870050819","https://pbs.twimg.com/media/HLG3dT7awAAfBVy.jpg","","in","","0","2","1","https://x.com/Sitakim0x/status/2067635426870050819","1156244481160577024","Sitakim0x"
"2067566090696487247","2026-06-18T11:12:24.000Z","2","Demo untuk siapa? Pertalite dan Solar tetap terjangkau, yang naik hanya BBM non-subsidi. Jelas bukan untuk rakyat kecil.
#MahasiswaDitunggangi https://t.co/zyvRv8cJ3Y","2067566090696487247","https://pbs.twimg.com/media/HLF4XzOaAAAosGU.jpg","","in","","0","0","0","https://x.com/epiiee118172/status/2067566090696487247","1991724778739335168","epiiee118172"
"2067466824015663572","2026-06-18T10:33:43.000Z","3","@eddesign_ Wah, ini justru memperkuat argumen bahwa pemerintah menjalankan kebijakan BBM non-subsidi dgn tepat sesuai mekanisme pasar yg transparan. Bukan hipokrit, tapi dinamika ekonomi yg rasional &amp; sudah diantisipasi.

Fakta yang jelas:

•)) BBM non-subsidi memang ikut harga keekonomian","2067556358237647207","","eddesign_","in","","0","1","1","https://x.com/kangdede78/status/2067556358237647207","235931838","kangdede78"
"2067550387414929718","2026-06-18T10:10:00.000Z","14","harusnya mahasiswa lebih jeli liat isu pertamax naik itu bbm non subsidi bukan isu utama rakyat kecil lalu demo untuk siapa coba
#MahasiswaDitunggangi
Demo Untuk Siapa https://t.co/8hOEK1pYGl","2067550387414929718","https://pbs.twimg.com/media/HLFooV2bUAAVn9L.jpg","","in","","0","29","13","https://x.com/rinducahaya70/status/2067550387414929718","1162301875","rinducahaya70"
"2067550387192959123","2026-06-18T10:10:00.000Z","2","Pertamax naik kok demo? Itu kan BBM non-subsidi orang kaya. Rakyat kecil aman. Demo Untuk Siapa sebenarnya gerakan ini? #MahasiswaDitunggangi https://t.co/fJDndR05W3","2067550387192959123","https://pbs.twimg.com/media/HLFpY2hbMAAqnyO.jpg","","in","","0","0","0","https://x.com/mourin362/status/2067550387192959123","1729741217603416064","mourin362"
"2067466824015663572","2026-06-18T04:37:57.000Z","19","SESAT LOGIKA BBM NON-SUBSIDI &amp; KELAS MENENGAH

Pandangan ini keliru membedakan mekanisme pasar BBM non-subsidi &amp; kebijakan subsidi negara, serta mengabaikan faktor makroekonomi.

Harga Pertamax ditetapkan mengikuti batas harga keekonomian yg berbasis ICP &amp; rata² harga publikasi","2067466824015663572","","","in","","1","4","8","https://x.com/eddesign_/status/2067466824015663572","325599485","eddesign_"
"2067235947977359647","2026-06-17T13:20:32.000Z","193","jubir kementrian ESDM: 
""ketika harga minyak dunia naik, mau tidak mau, harga BBM non-subsidi naik""

""begitu sebaliknya. kalau harga minyak dunia turun, dipastikan harga BBM non-subsidi jg turun"" 

 ""berapa pun harga minyak dunia, BBM non-subsidi harus mengikuti""

realitanya? https://t.co/Uy7cvT9KZD","2067235947977359647","https://pbs.twimg.com/media/HLBMIXZa4AAoMQe.jpg","","in","","2","41","53","https://x.com/txtdrimedia/status/2067235947977359647","1300484934449000448","txtdrimedia"
"2067185061196423567","2026-06-17T09:58:19.000Z","70","Baru kemarin kalian ngamuk-ngamuk, hujat pemerintah, bilang ‘harga minyak dunia naik jangan jadi alasan naikin BBM non-subsidi!’
‘Jangan bebanin rakyat!’, ‘Kelas menengah udah susah!’, ‘Otak pemerintah buntu!’

Sekarang harga minyak dunia turun ke bawah $80, langsung rame-rame","2067185061196423567","","","in","","4","27","12","https://x.com/kangdede78/status/2067185061196423567","235931838","kangdede78"
"2066982548006404485","2026-06-17T04:21:13.000Z","3","@YgMenang_KPU_MK BBM non subsidi emang naik tp Pertalite yg dipake 80% masyarakat tetap di harga Rp 10.000 karena pemerintah lindungi rakyat kecil. Jangan keblinger sama narasi miring.","2067100225614061947","","yudiwibowo976","in","","0","1","0","https://x.com/yudiwibowo976/status/2067100225614061947","1613778783760416768","yudiwibowo976"
"2067054688848191916","2026-06-17T01:20:16.000Z","19","Konsep dari BBM Non Subsidi itu sebenarnya sederhana: Harga bergerak MENGIKUTI harga minyak internasional.  

Masalahnya: Banyak pihak yang kemudian cawe-cawe ini itu ini itu, sehingga harga yang seharusnya naik/turun kemudian DITAHAN.  Cawe-cawe yang membuat harga BBM Non https://t.co/rD6Ta8cpJG","2067054688848191916","https://pbs.twimg.com/media/HK-mIecaQAAHhBy.png","","in","","0","4","4","https://x.com/RencanaTrading/status/2067054688848191916","57574639","RencanaTrading"
"2066355891654578509","2026-06-16T12:42:54.000Z","2","@OmJ_J3Nggott BBM non subsidi emang naik tp Pertalite yg dipake 80% masyarakat tetap di harga Rp 10.000 karena pemerintah lindungi rakyat kecil. Jangan keblinger sama narasi miring.

Tuntutan stop PHK? Coba liat PMI manufaktur udh ekspansi lagi dan kredit perbankan naik 13% artinya sektor riil","2066864090686087372","","yudiwibowo976","in","","0","1","0","https://x.com/yudiwibowo976/status/2066864090686087372","1613778783760416768","yudiwibowo976"
"2066504512702239016","2026-06-15T12:54:04.000Z","37","Muncul konten viral nih 🤣🤣🤣 Seorang anak SMP secara logis mematahkan dasar argumen demo mahasiswa. Ia menyoroti cacat logika mahasiswa membela Pertamax (BBM non-subsidi/orang kaya) padahal BBM subsidi tidak naik harganya, dan menyarankan mereka menuntut RUU Perampasan Aset https://t.co/ffpuwwnqUh","2066504512702239016","https://pbs.twimg.com/amplify_video_thumb/2066504465407168512/img/sUBzo5GW6acaxySj.jpg","","in","","1","109","45","https://x.com/puspitagafur/status/2066504512702239016","1945874837937008640","puspitagafur"
"2066419250089316559","2026-06-15T07:19:05.000Z","3","@_pandangsudut Feeling gue baru turun Juli 2026 mint. Soalnya, harga BBM non-subsidi ditahan dari April 2026 pas minyak dunia tinggi.

Baru Juni 2026 naik drastis. Jadi, nunggu balik modal atau bahkan cuan dulu baru turun lagi ngikut harga pasar hahaha.","2066420210920513971","","_pandangsudut","in","","0","1","1","https://x.com/mesatu_/status/2066420210920513971","1990614200331472896","mesatu_"
"2066416242182041688","2026-06-15T07:03:18.000Z","25","Kata para penjilatnya
Yg naik BBM non subsidi 
Klo ada kenaikan kebutuhan, itu permainan tengkulak.

Hhmmm...
Brarti pemerintah selemah itu smp kalah sm permainan tengkulak?!
Intinya sama Kan? Pemerintah lemah dlm mengendalikan keadaan pasar saat ini. 

Ape loe!
Jilat terus saja https://t.co/k3WBm75MT4","2066416242182041688","https://pbs.twimg.com/amplify_video_thumb/2066416029056856064/img/9DertmnQldtDvs6G.jpg","","in","","0","4","10","https://x.com/Jelli_cent/status/2066416242182041688","2669430458","Jelli_cent"
"2066398081948766588","2026-06-15T05:51:09.000Z","9","HARGA MINYAK DUNIA RUNTUH, TAPI KOK BBM MASIH MAHAL BANG?

Harga minyak dunia anjlok tajam hari ini (15 Juni 2026), Brent turun ke kisaran US$83–84 per barel.
Tapi seminggu lalu (10 Juni), Pertamax justru naik hampir Rp4.000 dari Rp12.300 jadi Rp16.250 per liter.

Harga minyak https://t.co/tBc9ohWvtT","2066398081948766588","https://pbs.twimg.com/media/HK1SGcdbAAAhKOc.jpg","","in","","0","2","1","https://x.com/boahamncook/status/2066398081948766588","947688331541864449","boahamncook"
"2065462096368898220","2026-06-12T15:51:52.000Z","14","lirik lagu Slank mewakili apa yang sedang dilakukan Presiden Prabowo yang lagi mencanangkan negara mandiri tanpa hutang dari IMF,pak Prabowo memilih jalan untuk tidak ditekan dijajah halus bangsa lain.pilih mana bangsa ini gak bisa mandiri atau BBM non subsidi naik sementara? https://t.co/cZY3mnAuwA","2065462096368898220","https://pbs.twimg.com/media/HKn-1JTbIAAS_u4.jpg","","in","","0","18","7","https://x.com/macirecord/status/2065462096368898220","2041807428463874049","macirecord"
"2065445003904811396","2026-06-12T15:07:28.000Z","4","@hollowlaundrY32 @nonton_radio karena saking Pinternya 
IQ luar angkasa
BBM non-subsidi demonya ke Pemerintah 
bukan ke Trump yg bikin Crude naik","2065450921992323299","","hollowlaundrY32","in","","0","1","2","https://x.com/UseKidd/status/2065450921992323299","1672969690703081474","UseKidd"
"2065315556224606482","2026-06-12T14:25:33.000Z","2","@tempodotco saking matang ngehitung harganya sampai lupa menejemen resiko dampak dari kenaikan bbm non subsidi ya?😌 ini bukan ttg harga naik. tapi tentang masyarakat ekonomi kelas menengah yg pindah dari non subsidi ke subsidi. yg mana demand meningkat berefek antrian, kelangkaan dll","2065440372093014167","","tempodotco","in","","0","0","1","https://x.com/nadiaputri2996/status/2065440372093014167","2024887148542132227","nadiaputri2996"
"2065437525116850176","2026-06-12T14:14:14.000Z","12","Kenapa ribut sih...yang naik BBM non subsidi...makanya kerja jangan ngoceh melulu...biar rasain dampak naiknya pertamax....jalanan sepi...hidup MBG (Mas Bahlil Ganteng) 😝👍","2065437525116850176","","","in","","0","9","1","https://x.com/harsono__/status/2065437525116850176","322126030","harsono__"
"2065429409361006982","2026-06-12T13:41:59.000Z","66","Btw pola timing naikin harga BBM yang sama buruknya juga pernah kejadian di masa lalu loh, dan jadi salah satu pemantik api matinya orde baru.

Balik dulu ke Mei 1998.
Saat itu Indonesia lagi sekarat. Rupiah anjlok berkali-kali lipat dalam hitungan bulan, PHK massal dimana-mana,","2065429409361006982","","","in","","0","2","34","https://x.com/AvelinoGuido28/status/2065429409361006982","1829458796118441984","AvelinoGuido28"
"2065421607410315664","2026-06-12T13:10:59.000Z","2","Sudah Sukses Menjilat, dan duduk di Pemerintahan 🤣😛
.
Buruh ogah demo meski harga BBM non-subsidi naik?
Said Iqbal, Presiden KSPI, menegaskan tidak ada rencana aksi massa. https://t.co/AZIDrAeEHE","2065421607410315664","https://pbs.twimg.com/ext_tw_video_thumb/2065421459997294592/pu/img/N79YIcVIePQIldmp.jpg","","in","","1","1","0","https://x.com/YudhaShanny2/status/2065421607410315664","1244292531090624512","YudhaShanny2"
"2065354732269715456","2026-06-12T12:35:43.000Z","9","@adsetting23 @_Haris_Srg @prabowo Lah harga minyak dunia yang naik.
Ini sesuai jg dgn data kalau stok BBM Indonesia itu paling kuat 3 bulan.
Kalau trend minyak dunia turun, ya non subsidi jg bakal turun. Minyak yg ada dipakai hari ini bisa jadi adalah minyak yg dibeli 3 bulan lalu. Apa maunya disubsidi semua ?","2065412732522987884","","adsetting23","in","","0","0","3","https://x.com/Graminale/status/2065412732522987884","1071545084","Graminale"
"2065402681972457677","2026-06-12T11:55:47.000Z","31","buat ibu-ibu, bapak-bapak ini namanya antri bensin ya. barangkali gapernah ngerasain antri bbm subsidi karna di supirin dan pake mobil dinas yang mewah, jadi gini nih dampak nya dari bbm non subsidi naik dan bbm yang subsidi jadi langka. kira-kira begitu yaa realita di lapangan https://t.co/imFdSnDzqz","2065402681972457677","https://pbs.twimg.com/media/HKnIyjzbYAAU8bw.jpg","","in","","0","31","4","https://x.com/letstrydude/status/2065402681972457677","1467858491918352391","letstrydude"
"2065275248216613350","2026-06-12T11:33:00.000Z","2","@dimarsasongko98 Ada kronologi:
- JK bilang : bbm subsidi dinaikkan
- ada usulan bikin plta
- ada yg bilang indonesia over suply listrik
- sumatera black out
- bbm non subsidi naik
- jawa pemadaman beegilir
- JK dpt proyek plta","2065396949998817425","","dimarsasongko98","in","","0","0","0","https://x.com/lapen_melon/status/2065396949998817425","118082519","lapen_melon"
"2065344516417356023","2026-06-12T11:23:21.000Z","20","@dna_d_destroyer @txtfromIR jujur aneh aja si kak, soalnya sekarang apa² serba naik, mungkin dia anak orang kaya yang ditransfer ratusan juta tiap bulan, dia merasa bbm itu cuma di kendaraan aja, padahal keperluan industri pakai bbm non subsidi. sekarang gas yg pink udah 130k, belum kenaikan harga buah, dll","2065394521480040585","","dna_d_destroyer","in","","0","1","0","https://x.com/SORA50124/status/2065394521480040585","972278841249968128","SORA50124"
"2065355492273324060","2026-06-12T09:08:31.000Z","9","Ada juga harga BBM non-subsidi yang mendadak naik cukup tinggi pada tengah malam, saat kita sedang tidur pulas. https://t.co/eOEnerqpqb","2065360586742099991","https://pbs.twimg.com/media/HKmigRgagAAokYY.jpg","projectm_org","in","","1","1","8","https://x.com/projectm_org/status/2065360586742099991","1369663239718465538","projectm_org"
"2065354732269715456","2026-06-12T08:45:15.000Z","92","Sudah gak organik lagi ini uda. Mengapa?
1. Demo tidak melakukan di DPR, rumah rakyat yg hrs direbut kembali krn sdh penuh kotoran. Bukankah ini biang masalah selama ini? 
2. Mengapa tok soal @prabowo, yg baru memimpin 1,5thn. Mengapa tidak ada tuntutan soal dugaan Ijazah Palsu,","2065354732269715456","","","in","","21","219","30","https://x.com/_Haris_Srg/status/2065354732269715456","213168371","_Haris_Srg"
"2065315556224606482","2026-06-12T07:12:41.000Z","2","@tempodotco Bbm non subsidi naik itu emg gak bakal bisa dihindari,yg bisa dihindari itu jumlah impact negatif nya ke masyarakat,yg musti nya kena satu kali pukulan dari bbm naik dong ini kena berkali2 pukulan dr rupiah lemah,yg mengakibatkan harga barang gaj stabil,beban ush naik,dan phk msl","2065331439529599270","","tempodotco","in","","0","0","0","https://x.com/jakarta48fansid/status/2065331439529599270","1351772977151442944","jakarta48fansid"
"2065330994975236156","2026-06-12T07:10:55.000Z","5","“mahasiswa tp gabisa bedain BBM subsidi &amp; non-subsidi” AH ELU, kaya yang ngerti aje efek domino nya BBM non-subsidi naik??????","2065330994975236156","","","in","","0","1","0","https://x.com/renswct/status/2065330994975236156","1902003862791430144","renswct"
"2065325254738878841","2026-06-12T06:48:07.000Z","57","Demo kali ini males ikutan, capek terlalu receh tapi aku kasih saran-saran aja counternya dari tuntutan mereka sendiri:

1. Pemborosan APBN:
Pemerintah boros APBN untuk orang miskin:
‣MBG.
‣Sekolah Rakyat
‣Menahan pertalite dan LPG agar tidak naik.
dll. Intinya yang dicabut https://t.co/FMBlhPyAda","2065325254738878841","https://pbs.twimg.com/media/HKmCX7MbsAAYYwc.jpg","","in","","4","40","23","https://x.com/tekarok007/status/2065325254738878841","1184695438365974528","tekarok007"
"2065315851310686402","2026-06-12T06:10:45.000Z","4","Menteri Energi dan Sumber Daya Mineral (ESDM) Bahlil Lahadalia menanggapi kenaikan harga Pertamax yang naik dari Rp 12.300 menjadi Rp 16.250 per liter. Menurut Bahlil, perubahan harga BBM non-subsidi tersebut dilakukan mengikuti perkembangan harga pasar yang berlaku.

""Sementara https://t.co/ujJ49dN1Pf","2065315851310686402","https://pbs.twimg.com/amplify_video_thumb/2065315652890718208/img/0El05uqimeb3Y48F.jpg","","in","","2","2","1","https://x.com/RadioElshinta/status/2065315851310686402","121640063","RadioElshinta"
"2065301138212335843","2026-06-12T05:12:17.000Z","6","Pemerintah Pastikan Harga Pertalite Dan LPG subsidi Tidak Naik

Di tengah naiknya harga sejumlah BBM non-subsidi, pemerintah menegaskan harga Pertalite dan LPG subsidi tetap stabil.

Kepastian tersebut disampaikan Menteri ESDM Bahlil Lahadalia usai memenuhi panggilan Presiden https://t.co/apEtEGUorB","2065301138212335843","https://pbs.twimg.com/amplify_video_thumb/2065301122508840960/img/DUK5dYp1iIrVUCNs.jpg","","in","","0","0","4","https://x.com/Ari_Ak2/status/2065301138212335843","1854844141672484864","Ari_Ak2"
"2065297900964548772","2026-06-12T04:59:25.000Z","1","ish kok oon? siapa yang bilang pertalite NAIK? ini demo kan karna naiknya harga bbm NON SUBSIDI— PERTAMAX dan PERTAMAX GREEN 95 😭","2065297900964548772","","","in","","0","1","0","https://x.com/thenafam/status/2065297900964548772","1773058384356671488","thenafam"
"2065296176321269812","2026-06-12T04:52:34.000Z","2","Yang sempat banyak orang khawatirin karna harga BBM non subsidi naik

udah paling bener berkuda https://t.co/5A7Qsp1l35","2065296176321269812","https://pbs.twimg.com/media/HKln7Kbb0AAw7Ny.jpg","","in","","0","0","1","https://x.com/insidelombok_/status/2065296176321269812","984621911723274240","insidelombok_"
"2065285006218715143","2026-06-12T04:08:11.000Z","5","Buruh Tak Akan Demo soal BBM Non-Subsidi Naik, Said Iqbal: Kebijakan Pemerintah Masih Berpihak Rakyat Bawah
.....

Presiden Konfederasi Serikat Pekerja Indonesia (KSPI) sekaligus Penasihat Khusus Presiden Bidang Ketenagakerjaan dan Kesejahteraan Buruh, Said Iqbal, menegaskan https://t.co/B28DXPOBh2","2065285006218715143","https://pbs.twimg.com/amplify_video_thumb/2065284598066745344/img/i226K0pmDncIJx4W.jpg","","in","","1","3","3","https://x.com/pikiran_rakyat/status/2065285006218715143","58880688","pikiran_rakyat"
"2064962053971104180","2026-06-11T06:44:53.000Z","3","Pertamax Rp16.250/liter.

Yang naik cuma BBM non-subsidi, katanya dampak inflasi terbatas.

Tapi pertanyaannya:
kalau biaya transport, logistik, dan psikologi pasar ikut naik…
yang paling dulu terasa siapa?

Orang kaya, pelaku usaha, atau rakyat kecil juga kena pantulannya? https://t.co/P80Xz9yvPs","2064962053971104180","https://pbs.twimg.com/media/HKg4Cd0bcAA3tqB.png","","in","","0","1","0","https://x.com/whoismeid/status/2064962053971104180","165782420","whoismeid"
"2064935660914368578","2026-06-11T05:00:00.000Z","1","Harga BBM non-subsidi resmi naik, dan kenaikannya tidak main-main. Beberapa jenis bensin mengalami kenaikan hingga hampir Rp 4.000 per liter! ⛽️📈

Bagaimana perbandingan harga BBM di Indonesia dengan negara-negara tetangga? 😉

#detikOto #HargaBBM https://t.co/C4Y4M4Lt9w","2064935660914368578","https://pbs.twimg.com/media/HKf4qRoagAA4-Us.jpg","","in","","1","0","1","https://x.com/detikoto/status/2064935660914368578","80543284","detikoto"
"2064932933224542673","2026-06-11T04:49:10.000Z","3","Pengamat kebijakan publik Dr. Firre An Suprapto mengusulkan pemerintah memberikan BLT sementara akibat kenaikan harga BBM non subsidi.

Pertamax naik menjadi Rp16.250 per liter dan Pertamax Green 95 menjadi Rp17.000 per liter.

Firre menilai BLT dapat diberikan selama 3–4 bulan https://t.co/DSa74008pI","2064932933224542673","https://pbs.twimg.com/media/HKgdgrfbMAAooMb.jpg","","in","","2","6","1","https://x.com/tribunnews/status/2064932933224542673","124171593","tribunnews"
"2064929684702560661","2026-06-11T04:36:16.000Z","153","Diskusi dengan kawan,

Dia bilang, kemarin harga Pertamax itu naik karena pemerintah sebenarnya sudah tidak kuat mensubsidinya

Saya pun heran. Bukannya Pertamax itu BBM non-subsidi ya? Makanya mengikuti harga pasar?

Dia sampaikan. Pertamax itu subsidi juga. Kalau ikut harga https://t.co/af5VKpuV17","2064929684702560661","https://pbs.twimg.com/media/HKgac-iaYAAVJY8.png","","in","","6","46","22","https://x.com/RidhaIntifadha/status/2064929684702560661","271922617","RidhaIntifadha"
"2064894586456359073","2026-06-11T04:05:24.000Z","7","@ardisatriawan Soal pertamax ini problemnya di regulasi. BBM non subsidi. Harga minyak dunia naik, maka harga pertamax pun akan naik.

Maka, isu yg harus diangkat adalah soal regulasinya ini. Gugat ke MK, agar pertamax juga disubsidi negara. Minimal yg RON 92.

Banyak ojol yg pake RON 92 ini.","2064921920236392469","","ardisatriawan","in","","0","1","0","https://x.com/txtdrhrdoet/status/2064921920236392469","1605948083074134016","txtdrhrdoet"
"2064920883366654208","2026-06-11T04:01:17.000Z","4","Izin qrt versi beliau ini hehe

&gt; be Prabowo Subianto
&gt; Presiden ke-8 Indonesia
&gt; Harga BBM subsidi flat, BBM non-subsidi naik mengikuti harga pasar
&gt; Anggaran pemulihan bencana banjir di Aceh, Sumut, dan Sumbar Rp100,166 triliun; Pembangunan 15.000 rumah hunian permanen; https://t.co/A3zqFOaMy8","2064920883366654208","https://pbs.twimg.com/media/HKgPx5kaEAAbEZr.jpg","","in","","1","1","1","https://x.com/demeter_mr/status/2064920883366654208","1608096642812776449","demeter_mr"
"2064913477312106876","2026-06-11T03:31:51.000Z","41","Semua paham harga BBM non subsidi pertamax ditentukan pasar, berbeda dg BBM bersubsidi, Pertalite

Saat harga Pertamax naik, didemo maksa diturunkan, ini tidak nyambung

Solusi cerdas beralih ke pertalite

Waspadai hasutan &amp; provokasi memancing chaos atas alasan tidak masuk akal","2064913477312106876","","","in","","4","98","13","https://x.com/BANGSAygSUJUD/status/2064913477312106876","1189039138835554304","BANGSAygSUJUD"
"2064909845292265915","2026-06-11T03:17:25.000Z","55","Rame ribut soal kenaikan harga pertamax lanjut demo ricuh yg dilakukan mahasiswa HMI di cikini
(Ngomong Cikini jd dejavu sama peristiwa di Cikini juga th 57 dimana pemuda2 yg dimotori DI/TII melempar granat kearah Soekarno dan anaknya Guntur dan megawati, target selamat tapi https://t.co/X5BJMNM2HX","2064909845292265915","https://pbs.twimg.com/media/HKgIZVWa0AAIvqv.jpg","","in","","4","23","21","https://x.com/are_inismyname/status/2064909845292265915","1152447574411902977","are_inismyname"
"2064903405601259827","2026-06-11T02:51:50.000Z","15","Harga Pertamax resmi meroket naik 30+%. Katanya sih aman-aman aja, tapi yang aman itu adalah APBN Negara. Bukan Dompet Masyarakat. 

Posisi paling serba salah memang jadi kelas menengah di Indonesia: mau dapet bansos dianggap terlalu kaya, tapi disuruh beli BBM Non-Subsidi malah","2064903405601259827","","","in","","0","2","8","https://x.com/DipoSatriaR/status/2064903405601259827","3240687332","DipoSatriaR"
"2064886935307608382","2026-06-11T01:46:23.000Z","4","Banyak orang sok sok an demo harga BBM non subsidi yang naik, tapi lupa pertalite harganya tetap 10k. beberapa SPBU juga yang beli Pertamax. 

ada yang bawa ke agama : 
(-) BBM non subsidi naek ga bakal mengurangi rejeki , rejeki ada yang ngatur. 

solusi biar hemat ? Transum 👍🏻 https://t.co/iY77wfUazk","2064886935307608382","https://pbs.twimg.com/media/HKfzuZYaIAASrij.jpg","","in","","0","1","4","https://x.com/Boedak_Korporat/status/2064886935307608382","1935295401118285826","Boedak_Korporat"
"2064861976418046310","2026-06-11T00:07:13.000Z","110","rangkuman uneg2 dokter tirta.

Ringkasan Utas @tirta_cipeng (10 Juni 2026)

Utas ini membahas dampak nyata kenaikan harga Pertamax dari Rp12.300 jadi Rp16.250 per liter terhadap masyarakat, khususnya kelas menengah.

Poin utama dari utas:

- Banyak yang komentar ""Kan yang naik https://t.co/xwaCYh1WcS","2064861976418046310","https://pbs.twimg.com/media/HKfdBPobIAAP889.jpg","","in","","4","29","42","https://x.com/direktoridosen/status/2064861976418046310","1901591046","direktoridosen"
"2064568903419011193","2026-06-10T23:34:25.000Z","6","@dydy010101 @syfaeth Buzzer dongo, cara berfikir salah ngotot bener, eh kocak bbm yg  naik itu non subsidi? Kalo ikuti cara lu malah besoknya subsidi naik dan lu nangis krn naik jg","2064853721822244992","","dydy010101","in","","0","0","0","https://x.com/abng_aull/status/2064853721822244992","1788131271740399616","abng_aull"
"2064772859445289417","2026-06-10T19:09:06.000Z","5","@Opposite6888 Logikanya jika yang di naikan non subsidi, pastilah dgn melemahnya ekonomi, para pengguna jenis itu akan banyak yang lari ke BBM subsidi, dan hal yg paling ditakuti adl effectnya...., bisa jadi pertalite nantinya akan langka...., ikutan naik bahkan menghilang. https://t.co/OK5SgMjVhP","2064786956274532564","https://pbs.twimg.com/media/HKeYyk-bMAANsNM.jpg","Opposite6888","in","","0","0","0","https://x.com/Awan2379/status/2064786956274532564","1633008680299012096","Awan2379"
"2064753906643870189","2026-06-10T16:57:47.000Z","6","Pertamina dilaporkan menahan harga BBM non-subsidi tersebut selama tiga bulan (dari Maret hingga Juni 2026).

Jadi pengguna pertalite kenapa harus resah saat BBM NON SUBSIDI naik harganya ?? https://t.co/vR0K22d4mA","2064753906643870189","https://pbs.twimg.com/ext_tw_video_thumb/2064753884556611584/pu/img/vTSFpte7X5qjM84A.jpg","","in","","0","0","4","https://x.com/99propaganda/status/2064753906643870189","1427095335084515333","99propaganda"
"2064749730442486013","2026-06-10T16:41:11.000Z","6","BBM NON SUBSIDI 🇮🇩 NAIK !!
Ya, naik ngga ngotak sampai menyentuh harga yang sama dengan harga rata-rata BBM di Amerika. Tapi para buzzerp dengan lugunya tetap membela bahwa harga di Indonesia masih lebih murah. 

Tolong ya para buzzerp dan pendukung fanatik pemerintah (pakai otak https://t.co/QWw4keU6Fh","2064749730442486013","https://pbs.twimg.com/media/HKd27d9a0AAS5r6.jpg","","in","","0","0","6","https://x.com/FaiNomady/status/2064749730442486013","1254035776322453506","FaiNomady"
"2064744716818948297","2026-06-10T16:21:16.000Z","83","Yang protes saat harga BBM non-subsidi naik, memangnya kalian mau orang kaya yang naik mobil mewah beli minyaknya digendong APBN?

Dari dulu Pertamax memang mengikuti harga pasar. Kalau pernah disubsidi itu hanya sementara untuk meringankan beban kelas menengah bukan untuk https://t.co/lefvEyCGAT","2064744716818948297","https://pbs.twimg.com/media/HKdyYAiboAI84b0.jpg","","in","","12","270","31","https://x.com/ekowboy2/status/2064744716818948297","1006827831995711488","ekowboy2"
"2064738438335856784","2026-06-10T15:56:19.000Z","2","Pertamina resmi menaikkan harga BBM non-subsidi mulai 10 Juni 2026. Di Jakarta, Pertamax (RON 92) naik menjadi Rp16.250/liter dari Rp12.300, dan Pertamax Green 95 menjadi Rp17.000/liter dari Rp12.900. Pertamax Turbo tetap Rp20.750/liter, sementara Dexlite Rp23.000 dan Pertamina https://t.co/ZyRShltCHX","2064738438335856784","https://pbs.twimg.com/media/HKdspfsaQAAfN1k.jpg","","in","","0","1","0","https://x.com/Timanganten_L71/status/2064738438335856784","3313103202","Timanganten_L71"
"2064719024253235274","2026-06-10T14:39:10.000Z","8","Padahal yg naik adalah BBM non subsidi.
Bagaimana kalau yg naik adalah BBM subsidi (pertalite), apa mungkin akan terjadi demo yg lebih besar?","2064719024253235274","","","in","","0","1","0","https://x.com/WongAlasRoban/status/2064719024253235274","1220019150585643009","WongAlasRoban"
"2064701567161553304","2026-06-10T13:29:48.000Z","9","Jd viral nga ya 🤣 …
BBM non-subsidi naik 12.300 jd 16.250 ya, kita liat price harga global, disaat harga $88 turun dr $130 BBMnya naik pdhl di chart harga globalnya turun. 

Ok alesanny mungkin saat $120 msh 12.600, jd skrng saat $ 88 tekornya pertamina di cover WNI yg https://t.co/CEnSh9fppj","2064701567161553304","https://pbs.twimg.com/media/HKdLHTCawAABxUy.jpg","","in","","1","8","2","https://x.com/JuanJulianto2/status/2064701567161553304","1578554778573213696","JuanJulianto2"
"2064699141620720116","2026-06-10T13:20:10.000Z","8","""Bang, kan tinggal pakai BBM subsidi (Pertalite) aja, kenapa harga jasa home service AC ikut dinaikin?""

Gw harus siap menerima pertanyaan itu beberapa hari kedepan.

Sebagai teknisi AC yang tiap hari keliling, ini realita lapangan yang mau gak mau bikin tarif jasa harus","2064699141620720116","","","in","","0","4","0","https://x.com/alfariz220/status/2064699141620720116","1739962198963982337","alfariz220"
"2064682994258919727","2026-06-10T12:16:00.000Z","1","Kata Warga Soal Kenaikan BBM Pertamax, Memberatkan!

PT Pertamina (Persero) resmi menaikkan harga Bahan Bakar Minyak (BBM) non subsidi, termasuk Pertamax, mulai Rabu (10/6/2026). Kenaikan tersebut memicu keluhan dari sejumlah warga karena harga Pertamax melonjak signifikan https://t.co/tXZBwSy0n4","2064682994258919727","https://pbs.twimg.com/amplify_video_thumb/2064667493332054016/img/eaujRMSgj0p3VAlA.jpg","","in","","0","0","1","https://x.com/pikiran_rakyat/status/2064682994258919727","58880688","pikiran_rakyat"
"2064669067609252172","2026-06-10T11:20:40.000Z","2","BM Non-Subsidi Naik, Siapa yang Paling Terdampak?

Kenaikan harga BBM non-subsidi menjadi sorotan publik. Di tengah dinamika harga minyak dunia dan kondisi ekonomi nasional, kebijakan ini memunculkan berbagai pertanyaan mengenai dampaknya terhadap daya beli masyarakat, biaya https://t.co/cKM7l95LIq","2064669067609252172","https://pbs.twimg.com/media/HKctki_XYAAMelW.jpg","","in","","0","0","0","https://x.com/garudatvnews/status/2064669067609252172","502140136","garudatvnews"
"2064667860367265980","2026-06-10T11:15:52.000Z","28","BBM non subsidi resmi naik. Pemicunya karena kondisi ekonomi dunia lagi gak stabil, perang Amerika dan Iran bikin harga minyak mentah melonjak.

Tapi BBM subsidi gak naik. Pemerintah menahan biar beban rakyat kecil gak makin berat. Yang mampu pakai non subsidi, Yang tidak mampu https://t.co/RFqHsAKqnQ","2064667860367265980","https://pbs.twimg.com/media/HKcseUSbUAAcRoX.jpg","","in","","2","11","9","https://x.com/DS_yantie/status/2064667860367265980","1374686160748830724","DS_yantie"
"2064665316081438940","2026-06-10T11:05:45.000Z","6","Pertamax resmi naik 32% hari ini dari Rp12.300 jadi Rp16.250/liter. Kenaikan BBM non-subsidi terbesar dalam beberapa waktu terakhir

Pak Purbaya bilang dampaknya ""relatif kecil"" karena rakyat pakainya Pertalite. Secara teknis, nggak salah sih. Tapi pernyataan itu justru bikin https://t.co/iV6RccG0sa","2064665316081438940","https://pbs.twimg.com/media/HKcnvvjbgAAXjz3.jpg","","in","","1","2","0","https://x.com/0xZiuuu/status/2064665316081438940","3012396391","0xZiuuu"
"2064647559197659160","2026-06-10T09:55:12.000Z","33","kenapa skenario ini masuk akal?

rupiah sedang lemah, harga-harga pada naik, dan tentunya masyarakat akan menghemat pengeluaran hariannya dengan memilih bbm subsidi (pertalite). 

kondisi ini membuat pemintaan bbm subsidi (pertalite) akan melonjak tinggi dan persediaannya menjadi","2064647559197659160","","","in","","1","0","4","https://x.com/ebednoorjaman/status/2064647559197659160","2277735074","ebednoorjaman"
"2064630189741727894","2026-06-10T08:46:10.000Z","2","Kenaikan BBM non subsidi memang tak perlu pemberitahuan ke DPR terlebih dahulu, tapi persoalannya bukan itu.
Dampaknya akan banyak yang beralih ke pertalite, Pertamina siap?
.
Anggota DPR Kecewa BBM Pertamax Naik Mendadak: Kami Pun Tak Dapat Informasi https://t.co/85isE5iI4j","2064630189741727894","","","in","","0","2","1","https://x.com/arifin34533/status/2064630189741727894","1420219650231574533","arifin34533"
"2064627542880125099","2026-06-10T08:35:39.000Z","1","Menkeu Purbaya Pastikan Dampak Kenaikan Pertamax terhadap Inflasi Minim

Menteri Keuangan Purbaya Yudhi Sadewa memastikan, kenaikan harga bahan bakar minyak (BBM) jenis Pertamax tidak akan mempengaruhi harga kebutuhan pokok. Menurutnya, dampak kenaikan Pertamax kepada inflasi https://t.co/qrkCis8D6b","2064627542880125099","https://pbs.twimg.com/amplify_video_thumb/2064627458440384512/img/NP3ph7-PSmMcEbVW.jpg","","in","","0","0","0","https://x.com/pikiran_rakyat/status/2064627542880125099","58880688","pikiran_rakyat"
"2064624647493263419","2026-06-10T08:24:09.000Z","4","PT Pertamina Patra Niaga resmi menyesuaikan harga Bahan Bakar Minyak (BBM) non-subsidi jenis Pertamax 92 dan Pertamax Green 95 pada Rabu (10/6/2026) ⛽

Harga Pertamax 92 yang sebelumnya Rp12.300 per liter kini menjadi Rp16.250 per liter. Sementara itu, Pertamax Green 95 naik https://t.co/3Td3kjHbdv","2064624647493263419","https://pbs.twimg.com/amplify_video_thumb/2064623879017103360/img/ULNCLmryf7wN2d5B.jpg","","in","","0","0","2","https://x.com/RadioElshinta/status/2064624647493263419","121640063","RadioElshinta"
"2064607271309783489","2026-06-10T08:05:20.000Z","50","@kompascom Rezim siapa pun pasti ngomong nya mirip mirip alias polanya sama ""kan yang naik BBM non subsidi ngga ngarur"".
Tapi pada akhirnya pasti ngga akan lama BBM nonsubsidi pasti juga akan ikut naik.","2064619910739927067","","kompascom","in","","0","1","0","https://x.com/sumur_resapan/status/2064619910739927067","1472795403330359297","sumur_resapan"
"2064599033948377100","2026-06-10T07:47:51.000Z","4","@kompascom BBM sudah naik, tapi warga tetap antri buat BBM subsidi. Mengapa?
a. Warga kaget karena pemerintah tau2 menaikkan harga BBM non subsidi.
b. Warga khawatir kehabisan stok BBM subsidi.
c. Warga takut BBM non subsidi juga ikut naik.
d. a, b, c benar
Itu contoh soal pilihan ganda.","2064615511942717715","","kompascom","in","","0","0","0","https://x.com/trimujokobayu/status/2064615511942717715","168693439","trimujokobayu"
"2064613507648356421","2026-06-10T07:39:53.000Z","0","PT Pertamina resmi menaikkan harga dua jenis Bahan Bakar Minyak (BBM) non subsidi mulai 10 Juni 2026.
Berdasarkan situs PT Pertamina Patra Niaga, Pertamina menaikkan harga BBM non subsidi Pertamax (RON 92) dan Pertamax Green (setara RON 95) mulai Rabu, 10 Juni 2026.

Di DKI https://t.co/UVszlNsa0e","2064613507648356421","https://pbs.twimg.com/media/HKb7Ck8bQAA9obu.jpg","","in","","0","0","0","https://x.com/Starhitsid/status/2064613507648356421","385250674","Starhitsid"
"2064611795910676510","2026-06-10T07:33:05.000Z","10","Efek lemahnya nilai tukar rupiah dan dinamika harga energi global mulai semakin terasa dalam kehidupan sehari-hari. Salah satu contohnya adalah kenaikan harga BBM non-subsidi yang berlaku mulai hari ini. Pertamax naik dari Rp 12.300 menjadi Rp 16.250 per liter, sementara Pertamax https://t.co/5qaytWWwb9","2064611795910676510","https://pbs.twimg.com/media/HKb5exWbwAATKRD.jpg","","in","","0","6","0","https://x.com/edyjayakarya/status/2064611795910676510","371225456","edyjayakarya"
"2064610004359864429","2026-06-10T07:25:58.000Z","2","Kanda Bahlil menegaskan subsidi BBM tidak akan naik sampai akhir tahun , bukan BBM non-subsidi

Jangan mudah terpancing isu yang memecah belah bangsa

#JagaIndonesia https://t.co/EcEAs8lxac","2064610004359864429","https://pbs.twimg.com/amplify_video_thumb/2064609931312214016/img/UwgoZYxi2R2pPeIW.jpg","","in","","0","5","0","https://x.com/Criwis_gosip/status/2064610004359864429","1407817804837916674","Criwis_gosip"
"2064600797388968263","2026-06-10T06:49:23.000Z","11","Pertamax naik ke Rp16.250 per liter, Pertalite tetap Rp10.000/liter.

Wajar, Pertamax itu non-subsidi yang harganya ngikut pasar BBM internasional (patokan harga bensin olahan global × kurs rupiah + pajak).

Pemicunya harga minyak mentah dunia yang berada di kisaran 93-94 dolar","2064600797388968263","","","in","","0","1","1","https://x.com/iamretardio/status/2064600797388968263","1844430012289777670","iamretardio"
"2064591189769404665","2026-06-10T06:11:12.000Z","3","HARGA BBM NAIK GESS! 😦🔥

PT Pertamina Patra Niaga resmi menaikkan harga bahan bakar non-subsidi Pertamax (RON 92) dan Pertamax Green 95 (RON 95) pada Rabu (10/6/2026).

Harga Pertamax melonjak menjadi Rp16.250 per liter dari harga sebelumnya Rp12.300 per liter. Sementara https://t.co/bQDVntYMNg","2064591189769404665","https://pbs.twimg.com/amplify_video_thumb/2064590794208759808/img/LxhXZTRFkw_XJFXb.jpg","","in","","0","0","1","https://x.com/RadioElshinta/status/2064591189769404665","121640063","RadioElshinta"
"2064589602082713651","2026-06-10T06:04:54.000Z","2","Etmin SK Ngabarin🙌

BBM NAIK HANCURRR!!!

PT Pertamina Patra Niaga secara resmi melakukan penyesuaian harga BBM non-subsidi, khususnya Pertamax dan Pertamax Green, yang mulai berlaku pada Rabu (10/6). Dalam keterangan resminya yang disampaikan pada Selasa (9/6), perusahaan pelat https://t.co/phOOKYZv54","2064589602082713651","https://pbs.twimg.com/media/HKblTEqakAAGVJl.jpg","","in","","0","0","0","https://x.com/literasiglobal/status/2064589602082713651","2060285912177926144","literasiglobal"
"2064585676776239604","2026-06-10T05:49:18.000Z","8","❓kapan PAHLAWAN itu akan muncul lagi???

Hari ini Pertamax naik gila-gilaan, dari Rp12.300 langsung loncat ke Rp16.250/liter. Kenaikan yang sangat tidak biasa.

Memang benar, sejak konflik US-Iran memanaskan harga minyak dunia, sudah terprediksi akan adanya kenaikan harga BBM, https://t.co/xmU1L9WJcB","2064585676776239604","https://pbs.twimg.com/media/HKbhgVxagAAYvyi.jpg","","in","","1","0","3","https://x.com/uniq_le/status/2064585676776239604","64218685","uniq_le"
"2064583271393165374","2026-06-10T05:39:44.000Z","28","🤡 : “lagian yg naik Pertamax alias BBM non subsidi, klo dirasa kemahalan, ganti pke Pertalite lah”

Bro ini bner2 gatau atau emng template ketikan buzzer??

Yg kena ini kaum menengah yg sdg/sdh beralih ke Pertamax. Ini Pertamax udh 16.250 udh naik aja, trus klo user Pertamax ini https://t.co/HUOH2yjvCV","2064583271393165374","https://pbs.twimg.com/media/HKbfilPaQAECUkC.jpg","","in","","1","2","10","https://x.com/ichazura/status/2064583271393165374","531321912","ichazura"
"2064434600483647787","2026-06-10T05:39:16.000Z","8","@reynadefiip Fokus nya ke bbm non subsidi naik 30% pak","2064583154657022062","","resahnegeri","in","","0","0","0","https://x.com/bree_cov/status/2064583154657022062","2036709047379087360","bree_cov"
"2064580492536775145","2026-06-10T05:28:42.000Z","0","PT Pertamina (Persero) resmi menaikkan harga bahan bakar minyak (BBM) nonsubsidi mulai 10 Juni 2026// Kenaikan paling mencolok terjadi pada Pertamax dan Pertamax Green yang melonjak tajam hingga nyaris Rp4.000 per liter. Berdasarkan penyesuaian terbaru, harga Pertamax (RON 92) https://t.co/AJeGrXWAez","2064580492536775145","https://pbs.twimg.com/media/HKbbukQW0AAw5qA.jpg","","in","","1","0","0","https://x.com/RadioElshinta/status/2064580492536775145","121640063","RadioElshinta"
"2064520360293458255","2026-06-10T05:25:12.000Z","2","@ekowboy2 Bbm subsidi tidak naik, tapi daya beli masyarakat yg sblmnya beli non subsidi jadi pindah ke bbm subsidi karena harganya udh over untuk budget mereka, yg akhirnya menambah demand bbm subsidi yg berakhir pd kelangkaan bbm subsidi😆","2064579612198478161","","ekowboy2","in","","0","0","0","https://x.com/raflialfzn/status/2064579612198478161","131814578","raflialfzn"
"2064574546297135582","2026-06-10T05:05:04.000Z","2","BANYAK BANGET YANG HARUS DI BAHAS BULAN INI
apakah untuk pengalihan isu
- Korupsi di Badan Gizi Nasional (BGN) &amp; Program Makan Bergizi Gratis (MBG)
- Penangkapan Wakil Menteri Imigrasi Silmy Karim
- DPR Sahkan RUU Polri Jadi UU
- Dollar naik Rupiah Melemab
- BBM Non Subsidi Naik","2064574546297135582","","","in","","0","0","0","https://x.com/shinyosol/status/2064574546297135582","975257630766546944","shinyosol"
"2064573107889922274","2026-06-10T04:59:21.000Z","4","Sepakat..

Kelas menengah bakal jadi pihak yang paling terjepit. Harga BBM non subsidi naik, harga kebutuhan naik, tapi UMR segitu-segitu aja.

Lama-lama malah turun kelas ini.

Sehat-sehat buat kita semua.","2064573107889922274","","","in","","0","1","3","https://x.com/dimasandi07/status/2064573107889922274","241392873","dimasandi07"
"2064571737388515742","2026-06-10T04:53:54.000Z","7","Pak, Bu, Kakak2 sekalian.. 

Kita sudah dengar berita kan ya, kalo per pagi ini, harga BBM naik✅

Yang perlu diketahui juga, selain harga BBM, hutang pemerintah, dolar, kebutuhan pokok, dan defisit anggaran yang sudah naik, masih ada lagi yang ikut naik di Juni 2026:
- BI Rate https://t.co/xvBswbp8Ap","2064571737388515742","https://pbs.twimg.com/media/HKbVB-HagAADVfa.jpg","","in","","0","3","2","https://x.com/BapakKerja/status/2064571737388515742","1316894541161459712","BapakKerja"
"2064570859118014504","2026-06-10T04:50:25.000Z","1","Baca di sini: https://t.co/cWdHmyxONm

Pertamina resmi melakukan penyesuaian harga bahan bakar minyak (BBM) mulai Rabu (10/6/2026) yang berlaku di seluruh Indonesia. Dalam penyesuaian kali ini, Pertamina menaikkan harga sejumlah BBM non-subsidi, seperti Pertamax dan Pertamax https://t.co/HkKPMXdbOQ","2064570859118014504","https://pbs.twimg.com/media/HKbUNjpawAA_is0.jpg","","in","","0","1","0","https://x.com/kompascom/status/2064570859118014504","23343960","kompascom"
"2064570337510191421","2026-06-10T04:48:20.000Z","2","Hari ini pertamax naik 32%
dari Rp.12.300 menjadi 16.250

Sejak April lalu, harga BBM kelas atas (non subsidi) seperti Pertamax turbo memang sudah naik bertahap. Sekarang giliran Pertamax yang ikut naik.

Banyak yang mulai bertanya: Apakah Pertalite yang ada subsidinya juga akan https://t.co/iI9HDsO5ev","2064570337510191421","https://pbs.twimg.com/media/HKbTxxtbwAAUJ7y.jpg","","in","","1","1","0","https://x.com/Jenggostars/status/2064570337510191421","263040921","Jenggostars"
"2064565469127069906","2026-06-10T04:29:00.000Z","2","Pertamina resmi menaikkan harga BBM non-subsidi Pertamax dan Pertamax Green mulai hari ini. 

Pertamax naik dari Rp12.300 menjadi Rp16.250 per liter, sementara Pertamax Green 95 naik dari Rp12.900 menjadi Rp17.000 per liter.

Penyesuaian harga ini diputuskan setelah https://t.co/JFAAcLJ0OX","2064565469127069906","https://pbs.twimg.com/media/HKav1J0aYAAAN1c.jpg","","in","","0","0","0","https://x.com/akuratco/status/2064565469127069906","786549338818224128","akuratco"
"2064563399514878392","2026-06-10T04:20:46.000Z","15","Perbandingan dengan Krisis 1998

Krisis moneter 1997–1998 adalah krisis sistematik multi-dimensi:

Rupiah: Dari :Rp2.450/USD (1997) ke Rp15.000–17.000+ dalam hitungan bulan (depresiasi ~600–700%). 
Saat ini pelemahan signifikan tapi lebih gradual.
Inflasi: Mencapai ~77% di 1998 https://t.co/KGcZCGzLOK","2064563399514878392","https://pbs.twimg.com/media/HKbNd4ZbIAAwFJF.jpg","","in","","0","2","3","https://x.com/marvelle_danny/status/2064563399514878392","2458124804","marvelle_danny"
"2064541208756854838","2026-06-10T03:54:32.000Z","3","@triwul82 orang kaya tidak terpengaruh harga BBM naik setinggi apapun, makanya sudah tepat BBM non subsidi dinaikkan, disamping banyak uang mereka juga punya mobil listrik","2064556795688042749","","triwul82","in","","0","0","0","https://x.com/wrahardian2/status/2064556795688042749","3248886918","wrahardian2"
"2064553824141054125","2026-06-10T03:42:43.000Z","7","Harga BBM non-subsidi Pertamax resmi naik mulai 10 Juni 2026. Pertamina Patra Niaga menetapkan harga Pertamax (RON 92) menjadi Rp16.250 per liter dari sebelumnya Rp12.300 per liter.

Kenaikan juga berlaku untuk Pertamax Green 95 yang naik dari Rp12.900 menjadi Rp17.000 per liter. https://t.co/5St8RhXlIu","2064553824141054125","https://pbs.twimg.com/amplify_video_thumb/2064553735939129344/img/IA9vrCiGrgzrFJSw.jpg","","in","","2","2","1","https://x.com/jawapos/status/2064553824141054125","2392460208","jawapos"
"2064551598710546699","2026-06-10T03:33:53.000Z","29","Kemarin yang teriak-teriak minta harga BBM dinaikin mana suaranya, kok sekarang Pertamax naik malalah ngamuk-ngamuk!!

IHSG pagi ini dibuka hijau kuat naik +2,92%!! Pasar merespons positif kenaikan BBM non-subsidi. Ini langkah bijak yang mengurangi beban fiskal negara di tengah https://t.co/IxpzaNwvB3","2064551598710546699","https://pbs.twimg.com/media/HKbCutnboAAPSnm.jpg","","in","","4","73","7","https://x.com/ekowboy2/status/2064551598710546699","1006827831995711488","ekowboy2"
"2064550818595184739","2026-06-10T03:30:47.000Z","1","PT Pertamina Patra Niaga resmi melakukan penyesuaian harga Bahan Bakar Minyak (BBM) jenis non-subsidi, khususnya Pertamax dan Pertamax Green, yang mulai berlaku efektif pada Rabu, 10 Juni 2026.

Kenaikan harga ini cukup signifikan. Harga Pertamax (RON 92) melonjak dari Rp12.300 https://t.co/zcRb1Givq7","2064550818595184739","https://pbs.twimg.com/media/HKbB8HRaUAEZ2iL.jpg","","in","","0","0","0","https://x.com/inilahdotcom/status/2064550818595184739","46693036","inilahdotcom"
"2064549951703789686","2026-06-10T03:27:20.000Z","1","Pertamina Patra Niaga melakukan penyesuaian harga BBM nonsubsidi mulai Rabu, 10 Juni 2026. Harga Pertamax RON 92 naik dari Rp12.300 menjadi Rp16.250 per liter, sedangkan Pertamax Green 95 naik dari Rp12.900 menjadi Rp17.000 per liter. Sementara itu, Pertamax Turbo, Dexlite, dan https://t.co/WCE1gR7tF0","2064549951703789686","https://pbs.twimg.com/media/HKbBO9BbIAA1rSh.jpg","","in","","0","0","0","https://x.com/RadioElshinta/status/2064549951703789686","121640063","RadioElshinta"
"2064434600483647787","2026-06-10T03:18:15.000Z","6","@reynadefiip Naik seuprit doang apa yg mau diramein. Noh liat BBM non subsidi naik 4000. 
Lagian naik juga gegara efek naikin BI Rate. Melemahnya organik kok kok solusiny 'artifisial'.","2064547663660614047","","resahnegeri","in","","0","0","0","https://x.com/aoi_ookami11/status/2064547663660614047","613294076","aoi_ookami11"
"2064547606060245114","2026-06-10T03:18:01.000Z","187","BBM Non-Subsidi naik ➡️ Pengguna Pertamax dkk migrasi massal ke Pertalite ➡️ Stok subsidi jebol &amp; langka ➡️ Rakyat kecil yang beneran butuh malah gak kebagian.

Kebijakan hemat anggaran tujuannya agar MBG tetap jalan, ujung-ujungnya hanya  bikin sengsara rakyat👇 #BBMNaik","2064547606060245114","","","in","","1","3","44","https://x.com/K0MENTAT0R/status/2064547606060245114","1038833010","K0MENTAT0R"
"2064547497411068005","2026-06-10T03:17:35.000Z","16","bertanya untuk diskusi dengan santai ke @CommuterLine @mrtjakarta @PT_Transjakarta @lrtjkt @lrtjabodebek 
Apakah sudah punya rencana apabila ada lonjakan penumpang transportasi umum akibat dari harga BBM Non-Subsidi yang harganya naik.

https://t.co/Ckg9xdfl0W https://t.co/krFbrkVEJI","2064547497411068005","https://pbs.twimg.com/media/HKa-FHdbYAETrSH.jpg","","in","","0","3","3","https://x.com/semboyan35com/status/2064547497411068005","113977182","semboyan35com"
"2064500537652085014","2026-06-10T03:16:10.000Z","613","@kkabjagiw krn minyak mentah dibeli pake dolar, jd kalo dolar naik (rupiah lemah), otomatis biaya buat beli minyak juga ikut naik. kebetulan pertamax itu bbm non subsidi, jd harganya juga ikut naik. yg masih aman tinggal pertalite sama biosolar","2064547140979097680","","kkabjagiw","in","","4","2","12","https://x.com/oalahrizal/status/2064547140979097680","339064269","oalahrizal"
"2064544347358683549","2026-06-10T03:05:04.000Z","3","10 Juni 2026

Naik nya diam diam + naik nya gak kira kira.

(Sangat) Menyengsarakan Rakyat!

(BBM Non-Subsidi yg naik, yg bersubsidi masih aman. Iye aman pala lu. Coba lu ke daerah daerah, yg mana mau ke SPBU aja perlu tempuh 1-3 jam perjalanan, udah kosong antri nya minta ampun)","2064544347358683549","","","in","","0","1","1","https://x.com/abahnyaupi/status/2064544347358683549","935802877","abahnyaupi"
"2064543563627790590","2026-06-10T03:01:57.000Z","4","Harga Pertamax resmi naik menjadi Rp16.250 per liter mulai Rabu, 10 Juni 2026.

PT Pertamina Patra Niaga melakukan penyesuaian harga BBM non subsidi setelah melalui evaluasi berkala yang mempertimbangkan perkembangan harga minyak dunia dan harga pasar keekonomian. Sebelumnya, https://t.co/RkeDstnT1e","2064543563627790590","https://pbs.twimg.com/media/HKa7XdDaoAAXi1r.jpg","","in","","1","1","1","https://x.com/jawapos/status/2064543563627790590","2392460208","jawapos"
"2064543250074230943","2026-06-10T03:00:42.000Z","30","""Orang kaya"" yang mana dulu nih? Soale temen gw yang gaji UMR juga ada yang pengguna Pertamax. Jadinya disini yang gw tangkap, yang lo maksud itu termasuk kelas menengah. Dan lo barusan ngelakuin persis apa yang negara butuhin, yaitu nyebut mereka kaya biar nggak ada yang ngerasa","2064543250074230943","","","in","","0","3","10","https://x.com/AvelinoGuido28/status/2064543250074230943","1829458796118441984","AvelinoGuido28"
"2064543073590485141","2026-06-10T03:00:00.000Z","2","Kalian yang kaget BBM non subsidi naik itu ga peka

Kemarin aku udah bilang, kalau opung Luhut udah mulai muncul ke permukaan, berarti ada sesuatu, taaaarrrrrraaaaaaaa🥳

Kalian pengguna BBM non subsidi baik baik aja?

#IHSG https://t.co/QuCXv0t9ep","2064543073590485141","https://pbs.twimg.com/media/HKa0iVqbAAA6Np_.jpg","","in","","0","0","0","https://x.com/Holan_Siregar/status/2064543073590485141","1353318390","Holan_Siregar"
"2064541245398274104","2026-06-10T02:52:44.000Z","3","Pemerintah resmi menaikkan harga Pertamax dan Pertamax Green 95 per hari ini, Rabu (Pemerintah resmi menaikkan harga Pertamax dan Pertamax Green 95 per hari ini, Rabu (10/6/2026).

Di tengah pelemahan nilai tukar atau kurs rupiah terhadap dolar AS yang masih tajam, bahkan https://t.co/eVGwPCtisk","2064541245398274104","https://pbs.twimg.com/media/HKa5QfbbsAAXtud.jpg","","in","","0","1","1","https://x.com/IDNTimes/status/2064541245398274104","388190238","IDNTimes"
"2064530245101949067","2026-06-10T02:52:29.000Z","5","@WOLF_of_IHSG Dan naik BBM non subsidi ketika PTN besar jawa lagi/selesai UAS shg nggak likely ada demo besar. Canggih timingnya...","2064541180998922510","","WOLF_of_IHSG","in","","0","1","0","https://x.com/bmartawardaya/status/2064541180998922510","133746476","bmartawardaya"
"2064541104113177013","2026-06-10T02:52:11.000Z","7","bangun2 baca berita harga BBM non subsidi naik semuaaaa😭😭","2064541104113177013","","","in","","0","3","0","https://x.com/luaynnaf/status/2064541104113177013","1277154665616912384","luaynnaf"
"2064539739605348551","2026-06-10T02:46:45.000Z","31","Kemarin malam, diam-diam, tanpa rapat DPR, tanpa debat publik:

Pertamax naik 32% dalam satu malam. 
Dari Rp 12.300 jadi Rp 16.250 per liter. 
Berlaku hari ini, 10 Juni 2026.

Kronologinya perlu dicatat:
28 Februari 2026 → perang Israel-Iran pecah, harga minyak dunia melonjak, https://t.co/r5QBzIftuM","2064539739605348551","https://pbs.twimg.com/media/HKa3yLra0AAfLvE.jpg","","in","","0","6","14","https://x.com/dimarsasongko98/status/2064539739605348551","1781618112259076096","dimarsasongko98"
"2064539004671045978","2026-06-10T02:43:50.000Z","1","PT Pertamina Patra Niaga kembali melakukan penyesuaian harga Bahan Bakar Minyak (BBM) non-subsidi. Terhitung mulai hari ini, Rabu (10/6/2026), harga Pertamax (RON 92) dan Pertamax Green 95 (RON 95) resmi mengalami kenaikan yang cukup signifikan.

Berdasarkan keterangan resmi https://t.co/FrsWQvBqa2","2064539004671045978","https://pbs.twimg.com/media/HKa3R1LagAARf4a.jpg","","in","","0","1","0","https://x.com/inilahdotcom/status/2064539004671045978","46693036","inilahdotcom"
"2064538898613817576","2026-06-10T02:43:25.000Z","0","Kebijakan di sektor pangan, energi, dan moneter kembali bergerak dalam waktu berdekatan dan berpotensi memberi tekanan berlapis pada ekonomi rumah tangga. Pemerintah menghentikan pemanfaatan 52 persen pasokan Minyakita untuk program bantuan pangan, sekaligus berencana menaikkan https://t.co/tNkPUPtrwT","2064538898613817576","https://pbs.twimg.com/media/HKa3BY2bIAAzn-i.jpg","","in","","0","0","0","https://x.com/RadioElshinta/status/2064538898613817576","121640063","RadioElshinta"
"2064538129789501441","2026-06-10T02:40:22.000Z","3","*Pemerintah Naikkan Harga Pertamax +32% ke Rp16.250/Liter, Rupiah Menguat terhadap Dolar AS ke Bawah 18.000*

- Pertamina mengumumkan kenaikan harga jual Pertamax dari Rp12.300/liter ke Rp16.250/liter dan Pertamax Green dari Rp12.900/liter menjadi Rp17.000/liter per Rabu (10/6).","2064538129789501441","","","in","","0","0","1","https://x.com/cntarupiah/status/2064538129789501441","1892342608137244672","cntarupiah"
"2064535441043563007","2026-06-10T02:29:41.000Z","14","Dari 12.300 ke 16.250
Naik sekitar 30%

Kenaikan BBM meski yang non subsidi sedikit banyak bakal ngefek ke sepakbola. Mulai dari pengeluaran transport penonton sampai kontrak pemain.

Semangat yuk para WNI.","2064535441043563007","","","in","","0","5","1","https://x.com/GIBOLofficial/status/2064535441043563007","243135030","GIBOLofficial"
"2064535355299361217","2026-06-10T02:29:20.000Z","99","Darimana pula naik BBM menambah Revenue negara, mas. Pemerintah ndak jualan BBM, apalagi non subsidi 😅

BBM non subsidi naik itu menyesuaikan HPP bahan baku yang naik&gt;&gt; biar pertamina ndak amsiong.","2064535355299361217","","","in","","1","43","11","https://x.com/ferrykoto/status/2064535355299361217","24893875","ferrykoto"
"2064535121315922348","2026-06-10T02:28:24.000Z","2","Buzzer si Muldongok dan keluarga laknatnya  si @awikuchuz ini emang Babik....!!!!!

Elu gak mikir atau terlalu tolol untuk memahami akibat BBM non Subsidi naik drastis kek gini ??

Babik...!!!!!

🤮🤮 https://t.co/kffCsJHgdb","2064535121315922348","https://pbs.twimg.com/media/HKazwIpaAAElUlA.jpg","","in","","0","2","0","https://x.com/wietj4k/status/2064535121315922348","1605092691783880706","wietj4k"
"2064473806484451813","2026-06-10T02:26:31.000Z","4","@WalterWisnu @txtdrjkt Yg jelas dollar ga akan 18rb.
Otomatis BBM yg non subsidi yg import dari luar dan transaksinya menggunakan dollar ga akan naik.","2064534645048594460","","WalterWisnu","in","","0","0","1","https://x.com/alejandcarls/status/2064534645048594460","745206523765231617","alejandcarls"
"2064532349342408826","2026-06-10T02:17:23.000Z","3","BBM non subsidi naik, WNI now : https://t.co/7lZ5MSFbIC","2064532349342408826","https://pbs.twimg.com/media/HKaxOj6akAADFAh.jpg","","in","","0","4","1","https://x.com/dairydaymee/status/2064532349342408826","1505350651664285696","dairydaymee"
"2064530592797266400","2026-06-10T02:10:25.000Z","17","Rezim ini sih agak mending.
Pertamax baru naik sejak gejolak harga minyak dunia dipicu konflik Israel-Iran empat bulan lalu, yg subsidi bahkan belum naik.
Bayangkan kalo ini rezim @jokowi yg ga ada perang aja BBM naik?😁

PT Pertamina Patra Niaga resmi menaikkan harga BBM https://t.co/O8tem2Gaup","2064530592797266400","https://pbs.twimg.com/media/HKavoisaoAA3IuF.jpg","","in","","2","9","15","https://x.com/Anak__Ogi/status/2064530592797266400","1356517931887120384","Anak__Ogi"
"2064528987888721932","2026-06-10T02:07:18.000Z","3","Huh. PoV baru. BBM non subsidi naik sesuai permintaan daerah untuk bantu penerimaan dari PBBKB.
https://t.co/xAhyoXaL2l","2064529811406741998","","ruliemaulana","in","","0","1","1","https://x.com/ruliemaulana/status/2064529811406741998","185320244","ruliemaulana"
"2064528970826256781","2026-06-10T02:03:58.000Z","12","Baca selengkapnya: https://t.co/RiNHoHtIky

Setelah mempertahankan harga selama beberapa bulan terakhir di tengah lonjakan harga minyak mentah dunia, Pertamina menyesuaikan harga BBM non-subsidi.

Mulai hari ini, harga Pertamax naik menjadi Rp 16.250 per liter dari sebelumnya Rp https://t.co/MdRCIoahYb","2064528970826256781","https://pbs.twimg.com/amplify_video_thumb/2064528781281460224/img/mcVQeRAjBNfncARV.jpg","","in","","3","11","3","https://x.com/kompascom/status/2064528970826256781","23343960","kompascom"
"2064524747262816556","2026-06-10T01:47:11.000Z","2","bbm naik, rakyat menjerit, penguasa pesta pora.

yang kerja keras makin susah, yang duduk di atas kursinya makin empuk..

dan sebentar lagi BBM non subsidi akan ikut naik.
tidak percaya, yasudah.","2064524747262816556","","","in","","0","3","0","https://x.com/aera_ry/status/2064524747262816556","173201727","aera_ry"
"2064524719240675591","2026-06-10T01:47:04.000Z","139","Lgbt di goreng trs dr kemarin, then what?

UU polri disahkan

BBM non subsidi naik

Taik emng kontol jd bahan gorengan","2064524719240675591","","","in","","1","0","31","https://x.com/SanubariSamudra/status/2064524719240675591","1401922219626823682","SanubariSamudra"
"2064524071765983597","2026-06-10T01:44:30.000Z","2","Harga Pertamax Tembus Rp 16.250 Per Liter!
.....

Pertamina melakukan penyesuaian harga BBM non-subsidi Pertamax dan Pertamax Green per 10 Juni 2026.
.
Kini, harga BBM RON 92 resmi naik menjadi Rp16.250 per liter.
.
Berdasarkan keterangan pers Pertamina, Selasa (9/6), mulai 10 https://t.co/NfjUjofPbC","2064524071765983597","https://pbs.twimg.com/amplify_video_thumb/2064507803818135552/img/9ASpHBxNkKDbdak_.jpg","","in","","0","0","4","https://x.com/pikiran_rakyat/status/2064524071765983597","58880688","pikiran_rakyat"
"2064523148985524312","2026-06-10T01:40:50.000Z","3","Harga BBM Pertamax tiba-tiba naik jadi Rp 16.250, walau cepat atau lambat ini bakal terjadi.

Dampaknya bakal berasa banget. Pertamax banyak dikonsumsi oleh masyarakat kelas menengah. Sebelum naik aja, antrean Pertamax di SPBU sering mengular panjang. Apalagi, stok BBM di SPBU","2064523148985524312","","","in","","1","0","3","https://x.com/dimasandi07/status/2064523148985524312","241392873","dimasandi07"
"2064409768010367321","2026-06-10T01:37:00.000Z","117","@vortexglimmer @kompascom Terus poinnya apa kak kalo non subsidi? Dikira kantor, pabrik dkk pake bensin subsidi buat operasional?
Plis stop berpikiran egois ""ah kan gw pake bensin subsidi, ga ngaruh"". Yakin deh abis ini bakal ada ""efisiensi"" massal karena bbm naik 30%.","2064522184639623344","","vortexglimmer","in","","0","3","0","https://x.com/AlterHomieID/status/2064522184639623344","1760097568363802624","AlterHomieID"
"2064492491970343359","2026-06-10T01:30:36.000Z","3","@icharis Penyesuaian Pertamax (non-subsidi) ke Rp16.250/liter per 10 Juni 2026 adalah langkah rasional. Sementara Pertalite &amp; solar subsidi tetap Rp10.000 &amp; Rp6.800/liter. Ini jaga fiskal &amp; lindungi yg paling butuh di tengah minyak dunia ~$93-94/barel. 

1. Ilusi “Melindungi Rakyat Kecil”","2064520574005809375","","icharis","in","","1","1","1","https://x.com/kangdede78/status/2064520574005809375","235931838","kangdede78"
"2064520360293458255","2026-06-10T01:29:45.000Z","66","YANG NAIK BBM NON-SUBSIDI, CATAT!!

Sebagai penyesuaian akibat lonjakan minyak dunia &amp; dampak perang Amerika-Iran:  
Pertamax naik Rp16.250/liter  
Pertamax Green 95 naik Rp17.000/liter

Ini respons adaptif agar pasokan BBM tetap aman &amp; Pertamina terus beroperasi optimal 

Yang https://t.co/yGmEvQhdkb","2064520360293458255","https://pbs.twimg.com/amplify_video_thumb/2064520293562097665/img/9TOrsJXHYpF2T5gX.jpg","","in","","18","353","20","https://x.com/ekowboy2/status/2064520360293458255","1006827831995711488","ekowboy2"
"2064483376317493403","2026-06-10T01:23:14.000Z","3","@bersuwara_ kalian para pengeluh tuh maunya apa. Dolar naik, ngeluh, rupiah menguat, ngeluh. BBM non subsidi april kemarin naik ngeluh, pertamax 92 masih ditahan harganya, ngeluh. Giiran pertamax 92 dilepas ke harga wajarnya, ngeluh lagi.","2064518722199683484","","bersuwara_","in","","3","19","0","https://x.com/s4kadewek/status/2064518722199683484","2465634996","s4kadewek"
"2064518223660544323","2026-06-10T01:21:16.000Z","2","Pemerintah resmi menaikkan harga Pertamax dan Pertamax Green 95 per hari ini, Rabu (10/6/2026).

Di tengah pelemahan nilai tukar atau kurs rupiah terhadap dolar AS yang masih tajam, bahkan melampaui Rp18 ribu per dolar AS, kedua jenis BBM non-subsidi itulah yang sempat tak https://t.co/tKGyfuxRDy","2064518223660544323","https://pbs.twimg.com/media/HKakO-za0AAiGkQ.jpg","","in","","0","0","0","https://x.com/fsaidhamzah/status/2064518223660544323","1410466956134608899","fsaidhamzah"
"2064515389837774983","2026-06-10T01:10:00.000Z","10","Pagi-pagi kaget baca berita dari @kompascom

Kami kutip beritanya:

PT Pertamina (Persero) melakukan penyesuaian harga BBM non subsidi untuk Pertamax dan Pertamax Green per Rabu (10/6/2026).
Jika sebelumnya harga Pertamax (RON 92) Rp 12.300, kini naik menjadi Rp 16.250 per liter. https://t.co/NOCv3GTXsv","2064515389837774983","https://pbs.twimg.com/media/HKahzmeaIAA7dLF.jpg","","in","","0","2","1","https://x.com/warungsastra/status/2064515389837774983","961772229699674112","warungsastra"
"2064515019656794484","2026-06-10T01:08:32.000Z","2","Yang langsung kena banget dampaknya adalah wilayah dimana gak ada pilihan selain BBM non-subsidi, seperti NTT. Ada pasokan BBM aja udah ibarat mukjizat banget di sana. Yang pasti biaya trip Indonesia Timur juga ikut naik semua, seperti Labuan Bajo, Waerebo, Sumba 😭 https://t.co/uzabtfGCYc","2064515019656794484","https://pbs.twimg.com/amplify_video_thumb/2064514819240390656/img/OQKlPKgYgkfjCteX.jpg","","in","","0","1","1","https://x.com/alexjourneyz/status/2064515019656794484","158313123","alexjourneyz"
"2064514245744799830","2026-06-10T01:05:27.000Z","3","PT Pertamina  resmi melakukan penyesuaian harga sejumlah bahan bakar minyak (BBM)  non-subsidi mulai Rabu (10/6/2026). Kenaikan paling signifikan terjadi  pada Pertamax dan Pertamax Green 95 yang sebelumnya belum mengalami  penyesuaian sejak gejolak harga minyak dunia akibat https://t.co/XegxR917ZW","2064514245744799830","https://pbs.twimg.com/media/HKagwdgbUAARfDf.jpg","","in","","0","0","0","https://x.com/akuratco/status/2064514245744799830","786549338818224128","akuratco"
"2064434600483647787","2026-06-10T01:04:27.000Z","2","@reynadefiip Menguat nggak ngaruh kalau bbm non subsidi naik. Iya emang karena BI menaikkan suku bunga demi membuat stabil rupiah tapi kan hanya turun tidak signifikan, dan karena kenaikan suku bunga ini saham berkode B banyak yang naik. Tapi ini tidak berlangsung lama karena ada FED.","2064513992727687264","","resahnegeri","in","","0","2","0","https://x.com/senjakalama/status/2064513992727687264","1827706691485581312","senjakalama"
"2064511557808332877","2026-06-10T00:54:46.000Z","25","Siap2 Pertalite dan Bio Solar

Semua nunggu waktu saja 🙏🏼

Harga Terbaru BBM Non Subsidi Terbaru, terpantau Pertamax dan Pertamax Green naik. https://t.co/CNOLKjpUeP","2064511557808332877","https://pbs.twimg.com/media/HKaeUJwbEAAxBA-.jpg","","in","","1","5","8","https://x.com/Jateng_Twit/status/2064511557808332877","785145642","Jateng_Twit"
"2064511322935738475","2026-06-10T00:53:50.000Z","4","⛽ Update Harga BBM Pertamina per 10 Juni 2026

PT Pertamina (Persero) resmi menyesuaikan harga BBM non-subsidi mulai 10 Juni 2026. Harga Pertamax (RON 92) kini menjadi Rp16.250 per liter, atau naik Rp3.950 per liter dibandingkan harga sebelumnya.

Sementara itu, Pertamax Green https://t.co/ZSGDsDrvaP","2064511322935738475","https://pbs.twimg.com/media/HKac33aaQAAM9Uw.jpg","","in","","1","1","0","https://x.com/abouttng/status/2064511322935738475","2818687488","abouttng"
"2064510780272439628","2026-06-10T00:51:41.000Z","2","Pertamina  mengumumkan kenaikan harga BBM jenis Pertamax dan Pertamax Green mulai 10 Juni 2026.

ulai 10 Juni 2026 harga bahan bakar non-subsidi Pertamax  naik dari Rp12.300 menjadi Rp16.250 per liter dan Pertamax Green 95  naik dari Rp12.900 menjadi Rp17.000 per liter. https://t.co/R6WmDCq1VL","2064510780272439628","https://pbs.twimg.com/media/HKadYYQbMAA628v.jpg","","in","","1","2","1","https://x.com/PRFMnews/status/2064510780272439628","150589950","PRFMnews"
"2064510310648823965","2026-06-10T00:49:49.000Z","7","PT Pertamina menyesuaian harga BBM non subsidi untuk Pertamax dan Pertamax Green per hari ini Rabu (10/6/2026).  

Harga Pertamax (RON 92) sebelumnya Rp 12.300, kini naik menjadi Rp 16.250 per liter.   

Harga Pertamax Green (RON 95) dari sebelumnya Rp 12.900 per liter, naik https://t.co/yJOzPQXHON","2064510310648823965","https://pbs.twimg.com/media/HKacH3UakAA_d2M.png","","in","","2","4","4","https://x.com/JakartaForum/status/2064510310648823965","290358520","JakartaForum"
"2064504587487531172","2026-06-10T00:46:40.000Z","3","@The_RedsIndo Krisis harga emang sering nggak datang sebagai ledakan, tapi sebagai efek domino yang dibuat terlihat normal.

Non-subsidi dinaikkan, subsidi jadi rebutan, stok makin ditekan, lalu rakyat “secara sukarela” dipaksa bayar lebih mahal. Setelah itu semua biaya ikut naik: logistik,","2064509519267586335","","The_RedsIndo","in","","1","0","0","https://x.com/1M_pertama/status/2064509519267586335","2059844648819138560","1M_pertama"
"2064507033425162246","2026-06-10T00:36:48.000Z","149","Pertamax naik = Pemerintah RI mulai proper dalam mengatur kebijakan harga BBM non subsidi

Bullish, tapi kenapa pada marah-marah ya ?","2064507033425162246","","","in","","8","66","11","https://x.com/PaceCrypto/status/2064507033425162246","1392512018490413061","PaceCrypto"
"2064506405714112560","2026-06-10T00:34:18.000Z","28","Pertamina Patra Niaga resmi melakukan penyesuaian harga BBM non-subsidi Pertamax dan Pertamax Green. Per Rabu 10 Juni 2026, harga Pertamax (RON 92) resmi naik menjadi Rp16.250 per liter. Berdasarkan keterangan pers Pertamina, Selasa (9/6), mulai 10 Juni 2026 harga BBM non-subsidi https://t.co/nUvSL9Tosn","2064506405714112560","https://pbs.twimg.com/amplify_video_thumb/2064506328207552512/img/nwp9qiGBDN57hlws.jpg","","in","","1","8","8","https://x.com/Tony_Crosz/status/2064506405714112560","449584312","Tony_Crosz"
"2064505466567479400","2026-06-10T00:30:34.000Z","2132","Sebetulnya kenaikan harga Pertamax dan BBM non-subsidi lainnya cukup wajar kalo mengingat harga minyak mentah naik sejak konflik geopolitik di Timteng. 

Yang bikin gondok tuh pemerintah pura-pura negara ini baik-baik aja bjir. Padahal kombinasi harga minyak, nilai tukar rupiah","2064505466567479400","","","in","","32","60","879","https://x.com/han_dycam/status/2064505466567479400","2478451147","han_dycam"
"2064504872687530431","2026-06-10T00:28:12.000Z","2","Nah kan.. karena harga makin mahal, akhirnya ga bisa ditahan lagi kudu naik harga bbm non subsidi. Tinggal bbm subsidi ini, sampe kapan bisa ditahan harganya.
Wallahi we’re finished sih.. 😔😔","2064504872687530431","","","in","","0","0","0","https://x.com/ry4nn_/status/2064504872687530431","33165188","ry4nn_"
"2064501970250129520","2026-06-10T00:16:40.000Z","15","Tidak kaget &amp; udah diprediksi dari awal kan.
Efek pelemahan rupiah yg berlangsung lama baka membawa dampak yg signifikan
- BBM non subsidi naik
- Harga pangan yg bahan bakunya impor naik
- Daya beli masyarakat turun
- IHSG &amp; Pasar modal rontok
- Risiko PHK meningkat

sekarang https://t.co/wuLHBy4QYi","2064501970250129520","https://pbs.twimg.com/media/HKaVmPOaMAAWJEP.jpg","","in","","0","15","8","https://x.com/esdeathxz/status/2064501970250129520","2038760986010615808","esdeathxz"
"2064501899240649075","2026-06-10T00:16:24.000Z","1","Tingginya harga dolar mulai dirasakan dampaknya, setelah kenaikan BI rate menjadi 5,50 bps, mulai hari ini harga bbm non subsidi jenis pertamax (RON 92) naik dari Rp12.300 menjadi Rp16.250 per liter dan Pertamax Green 95 (RON 95) naik dari Rp12.900 menjadi Rp17.000 per liter. https://t.co/CQ6VZ1PR1T","2064501899240649075","https://pbs.twimg.com/media/HKaVaClbkAACrsP.jpg","","in","","0","0","0","https://x.com/RadioElshinta/status/2064501899240649075","121640063","RadioElshinta"
"2064413222124568871","2026-06-10T00:09:36.000Z","2","@indepenSumatera Dari awal BBM non subsidi kan ngikuti pasar minyak dunia. Selama pertalite belum naik, kegilaan itu mungkin baru melanda sebagian orang. Para pemakai pertalite akan tetep antri sesuai urutan seperti biasa, sambil ngliat barisan pertamax makin sepi antrianya.","2064500189071831407","","indepenSumatera","in","","0","0","0","https://x.com/alfariz861/status/2064500189071831407","742367018045734912","alfariz861"
"2064499252085325873","2026-06-10T00:05:52.000Z","1","Mulai hari ini, 10 Juni 2026, harga BBM non-subsidi Pertamax (RON 92) naik dari Rp12.300 menjadi Rp16.250 per liter dan Pertamax Green 95 (RON 95) naik dari Rp12.900 menjadi Rp17.000 per liter.

Baiklah 🫣","2064499252085325873","","","in","","0","1","0","https://x.com/ndorokakung/status/2064499252085325873","18598424","ndorokakung"
"2064496733695201281","2026-06-09T23:55:52.000Z","2","Harga BBM non-subsidi naik.
Harga barang impor naik karena dolar naik.
Banyak SPPG distop pembayarannya.
Banyak pemda gagal bayar PPPK karena anggaran dipangkas.

Economic shock + austerity. Brace for impact, fren.","2064496733695201281","","","in","","0","1","0","https://x.com/ndrer/status/2064496733695201281","72276107","ndrer"
"2064496317251105270","2026-06-09T23:54:13.000Z","12","BERITA HOT BBM PERTAMINA NAIK.
SIAP-SIAP! HARGA PERTAMAX MELOMPAT JAUH HARI INI 🚨

Jangan kaget pas masuk SPBU pagi ini, guys. Per Rabu, 10 Juni 2026, Pertamina resmi melakukan penyesuaian harga BBM non-subsidi, dan kenaikannya bener-bener di luar ramalan.
Gak tanggung-tanggung, https://t.co/8F2gOG6AOn","2064496317251105270","https://pbs.twimg.com/media/HKaQcbkaMAAaqdh.jpg","","in","","0","2","4","https://x.com/Tangankanancuan/status/2064496317251105270","2046611382922338305","Tangankanancuan"
"2064495433792258210","2026-06-09T23:50:42.000Z","13","Syukurlah pas Balik dari perjalanan 2 hari lalu ngisi full Pertamax dan tadi malam sudah naik 😏. 

Oh ya, sedikit sharing saja guys. 

Perbedaan Pertamax vs BBM Bersubsidi

​Perbedaan utama terletak pada siapa yang menanggung fluktuasi harga minyak dunia dan untuk siapa BBM","2064495433792258210","","","in","","0","5","1","https://x.com/NeoHideyoshi/status/2064495433792258210","26240751","NeoHideyoshi"
"2064494455722524733","2026-06-09T23:46:49.000Z","3861","""Pertamax naik ga ngaruh juga kali.. kehidupan kita, orang itu BBM nya orang kaya""

Teruntuk kamu yg punya opini seperti ini, silakan baca sampai habis ya.

✅ Efek Kenaikan Harga Pertamax Jadi Rp16.250 per Liter ke Seluruh Lapisan Masyarakat

Harga Pertamax (RON 92) naik dari https://t.co/IOKytnHP22","2064494455722524733","https://pbs.twimg.com/media/HKaOwA1agAARtS1.jpg","","in","","117","81","2793","https://x.com/karirfess/status/2064494455722524733","1314840619378896896","karirfess"
"2064494375032459318","2026-06-09T23:46:30.000Z","2","Resmi! Harga BBM Pertamax Naik Jadi Rp 16.250/Liter Mulai 10 Juni 2026

 Dengan perubahan harga pada 10 Juni 2026, artinya ini penyesuaian kali kedua di bulan Juni 2026 untuk harga BBM non subsidi Pertamina, setelah sebelumnya harga baru berlaku per 1 Juni 2026. https://t.co/rU2zUqOqg2","2064494375032459318","https://pbs.twimg.com/amplify_video_thumb/2064494300860407808/img/SljcTUn-Q3XTQ6A5.jpg","","in","","0","0","1","https://x.com/Enimarf/status/2064494375032459318","1218153107051315200","Enimarf"
"2064279559990894770","2026-06-09T23:45:15.000Z","31","@Brokenbtch2 Ternyata BBM non-subsidi juga naik 😂 berhasil gess pengalihan isunya","2064494061944475735","","Brokenbtch2","in","","0","0","0","https://x.com/antropolohis/status/2064494061944475735","97671645","antropolohis"
"2064492491970343359","2026-06-09T23:39:01.000Z","43","Bangun tidur pagi ini berasa langsung dapet nightmare. Baru melek, buka berita, dan BOOM: Pertamax resmi naik jadi Rp16.250/liter per hari ini, 10 Juni 2026. Tahun ini benar-benar dibuka dengan ujian kelayakan hidup buat warga kelas menengah. 😭💸

Sambil meratapi nasib, mari","2064492491970343359","","","in","","1","13","22","https://x.com/icharis/status/2064492491970343359","69492528","icharis"
"2064491649695359134","2026-06-09T23:35:40.000Z","0","Setelah kemarin BI rate naik menjadi 5,50 BPS, mulai hari ini harga BBM non subsidi jenis Pertamax (RON 92) naik dari Rp12.300 menjadi Rp16.250 per liter dan Pertamax Green 95 (RON 95) naik dari Rp12.900 menjadi Rp17.000 per liter. Apa dampaknya bagi masyarakat dan perekonomian https://t.co/degPdesLbx","2064491649695359134","https://pbs.twimg.com/media/HKaMNDWaEAAeyDH.jpg","","in","","1","0","0","https://x.com/RadioElshinta/status/2064491649695359134","121640063","RadioElshinta"
"2064489309626130665","2026-06-09T23:26:22.000Z","25","Breaking news!! 

PT. Pertamina Patra Niaga melakukan penyesuaian harga BBM Non Subsidi. 

Pertamax naik menjadi 16.250.

Pertamax Green menjadi 17.000.

Semangat pagi, warganya Prabowo! https://t.co/m4jQ1OokIm","2064489309626130665","https://pbs.twimg.com/media/HKaKFHMbQAAhky6.jpg","","in","","1","15","7","https://x.com/SerieA_Lawas/status/2064489309626130665","984842900","SerieA_Lawas"
"2064486866041315378","2026-06-09T23:16:39.000Z","41","Pertamina Patra Niaga menaikkan harga BBM non-subsidi jenis Pertamax dan Pertamax Green mulai 10 Juni 2026. Harga Pertamax (RON 92) naik dari Rp12.300 menjadi Rp16.250 per liter, sementara Pertamax Green 95 (RON 95) naik dari Rp12.900 menjadi Rp17.000 per liter.

Sekretaris https://t.co/i1VqCTj78r","2064486866041315378","https://pbs.twimg.com/media/HKaH3DNaEAAoCUe.jpg","","in","","8","27","16","https://x.com/kumparan/status/2064486866041315378","759692754985242625","kumparan"
"2064485910885056921","2026-06-09T23:12:52.000Z","61","Bangun tidur ada berita Pertamina menaikkan harga BBM non subsidi Pertamax dan Pertamax Green😱😱

Pertamax dari Rp 12.300 jadi Rp 16.250 per liter. 

Pertamax Green naik jadi Rp 17.000 per liter, dari Rp 12.900 per liter.

Padahal listrik dan PAM udah naik😭😭😭😭 https://t.co/7MO1Fqwmu8","2064485910885056921","https://pbs.twimg.com/amplify_video_thumb/2064485852647198720/img/ms5wXj5yMHqW2avY.jpg","","in","","2","51","9","https://x.com/SiPalingDepok/status/2064485910885056921","3269713914","SiPalingDepok"
"2064485573629530478","2026-06-09T23:11:31.000Z","8","Ini tuh bukan perkara yang naik cuma BBM non subsidi. Tapi seperti yang kita tahu, kalau harga udah bertahap naik seperti ini, harga yang lain-lain pun pasti merangkak ikut naik.

Makin kenceng ikat pinggangnya. Kebutuhan sekunder dan gaya-gayaan ditunda dulu. Gak tau ekonomi ke","2064485573629530478","","","in","","0","1","2","https://x.com/nellyaul/status/2064485573629530478","2368471135","nellyaul"
"2064458166944006502","2026-06-09T23:10:54.000Z","3","Solusi alternatif untuk menghemat isi dompet dari tingginya biaya BBM non-subsidi dalam jangka pendek.
​Ada strategi terbaik yang bisa Anda kombinasikan mulai minggu ini adalah:

1. ​Peralihan Total (Jika Rute Mendukung)‼️
Beralih ke KRL, MRT, LRT, atau Transjakarta. Jika rumah","2064485419191001582","","sharpandshark","in","","0","2","0","https://x.com/sharpandshark/status/2064485419191001582","1628338800362672128","sharpandshark"
"2064483273603252727","2026-06-09T23:02:23.000Z","34","gaes katanya bbm non subsidi naik cuma wilyaha jabodetabek, Wilayah banten naik gak pertamaxnya? gw pengen isi full tank nih balik dari UTS kalo di banten kaga naik 😭😭 https://t.co/UgDjyhHIuz","2064483273603252727","https://pbs.twimg.com/media/HKaEl7MbMAApbUt.jpg","","in","","1","1","0","https://x.com/IPBbercanda/status/2064483273603252727","1044159746280873984","IPBbercanda"
"2064482674819973291","2026-06-09T23:00:00.000Z","8","Pertamina Patra Niaga melakukan penyesuaian harga jual BBM non subsidi untuk produk Pertamax dan Pertamax Green.

Mulai hari ini, Rabu 10 Juni, harga Pertamax (RON 92) naik menjadi Rp 16.250/liter, dan Pertamax Green naik menjadi Rp 17.000/liter. Sebelumnya harga Pertamax di Rp https://t.co/FEGWsEmFmT","2064482674819973291","https://pbs.twimg.com/media/HKZCaC3b0AAss-6.jpg","","in","","2","1","2","https://x.com/RadioElshinta/status/2064482674819973291","121640063","RadioElshinta"
"2064482192366133497","2026-06-09T22:58:05.000Z","7","Kemarin gue udh nyiapin satu twit buat pagi ini bunyinya

“Sebutkan satu hal yang bikin badmood pagi ini…”

Ternyata gue sendiri udah badmood duluan sepagi buta gini baca berita BBM non subsidi naik","2064482192366133497","","","in","","0","14","1","https://x.com/demeter_mr/status/2064482192366133497","1608096642812776449","demeter_mr"
"2064479821279998168","2026-06-09T22:48:40.000Z","2","good morning🥰 bbm non subsidi udah naik🥰 siapa bilang rakyat ga pake dollar🥰siap siap abis ini bahan pokok juga naik lagi🥰 https://t.co/3cuAk2EVrJ","2064479821279998168","https://pbs.twimg.com/media/HKaBdDGbIAEsW2r.jpg","","in","","0","0","0","https://x.com/sentasticker/status/2064479821279998168","760998560","sentasticker"
"2064479162891723080","2026-06-09T22:46:03.000Z","3","PT Pertamina resmi menaikkan harga BBM non subsidi Pertamax (RON 92) mulai Rabu, 10 Juni 2026. Berdasarkan situs PT Pertamina Patra Niaga, di DKI Jakarta dan sekitarnya harga Pertamax dibanderol Rp 16.250 per liter, naik dari sebelumnya Rp 12.300 per liter.
Kenaikan harga juga https://t.co/CxlibeRsk0","2064479162891723080","https://pbs.twimg.com/media/HKaA0XyaIAAwT1_.jpg","","in","","0","0","0","https://x.com/YogyakartaCity/status/2064479162891723080","62327666","YogyakartaCity"
"2064458166944006502","2026-06-09T22:31:55.000Z","4","Kenaikan harga BBM non-subsidi per 10 Juni 2026 memang cukup signifikan. Harga Pertamax (RON 92) melesat naik menjadi Rp 16.250 per liter (naik dari Rp 12.300), sedangkan Pertamax Green 95 (RON 95) naik menjadi Rp 17.000 per liter (naik dari Rp 12.900).

​Kenaikan ini otomatis","2064475608093245634","","sharpandshark","in","","0","0","0","https://x.com/sharpandshark/status/2064475608093245634","1628338800362672128","sharpandshark"
"2064468655925342515","2026-06-09T22:04:18.000Z","2","Selamat pagi Morning Person 

Hari ini, Rabu 10 Juni resmi BBM non-subsidi naik. https://t.co/cYHSRdEV4w","2064468655925342515","https://pbs.twimg.com/media/HKZ3THGbwAA31Fr.jpg","","in","","0","0","0","https://x.com/diplomatsehat/status/2064468655925342515","508851011","diplomatsehat"
"2064468261224485364","2026-06-09T22:02:44.000Z","194","BREAKING NEWS !!!
HARGA PERTAMAX MELEDAK! 
NAIK RP 3.950 DALAM SEMALAM
ATAU SEKITAR 32.1% CUY !!!

ESTIMASI 25-35 JUTA ORANG TERDAMPAK !!!
DITENGAH HARGA MINYAK DUNIA YANG MULAI TREND TURUN?

ADA APA SEBENARNYA?

Pertamax RON 92 naik Rp 3.950 per liter dari Rp 12.300 menjadi Rp https://t.co/AG9FtLhw9S","2064468261224485364","https://pbs.twimg.com/media/HKZpJObaAAA1Qrb.jpg","","in","","10","40","77","https://x.com/Hidupsebagai62/status/2064468261224485364","1031420690505785349","Hidupsebagai62"
"2064467245032763719","2026-06-09T21:58:41.000Z","12","PT Pertamina (Persero) melakukan penyesuaian harga BBM non subsidi untuk Pertamax dan Pertamax Green per Rabu (10/6/2026).

Jika sebelumnya harga Pertamax (RON 92) Rp12.300, kini naik menjadi Rp16.250 per liter. 

Sementara itu, Pertamax Green (RON 95) naik menjadi Rp17.000 per","2064467245032763719","","","in","","2","9","4","https://x.com/narkosun/status/2064467245032763719","84221579","narkosun"
"2064460209075212779","2026-06-09T21:41:01.000Z","2","@cursedkidd menurutku kalau yang naik bbm non subsidi sih masih cukup wajar ya. kayak pertamax memang mengikuti kondisi pasar juga kan karna dolar menguat, harga minyak dunia jg naik, biaya impor meningkat. yah yang penting bbm subsidi (pertalite) tetap harga nya dan di pastikan buat","2064462798097387570","","cursedkidd","in","","0","0","0","https://x.com/sukaaabougenvil/status/2064462798097387570","2005399597443948544","sukaaabougenvil"
"2064461736561004815","2026-06-09T21:36:48.000Z","85","RESMI:

Harga BBM naik per 10 Juni 2026!

Kenapa pengumuman naiknya selalu terjadi di tengah malem saat warga masyarakat tidur? Biar kaget gitu kah pas rakyat bangun pagi trus harga udah naik?

Inget kejadian tahun 2022 ga? Awal mula ya BBM non subsidi duluan yg naik, tapi https://t.co/Qqm1oasjPa","2064461736561004815","https://pbs.twimg.com/media/HKZxAT7akAApn-N.jpg","","in","","5","11","16","https://x.com/TempeXBT/status/2064461736561004815","1937058120217600000","TempeXBT"
"2064449334356439545","2026-06-09T20:47:31.000Z","4","PT Pertamina resmi menyesuaikan harga BBM non-subsidi yang mulai berlaku pada 10 Juni 2026. Dalam penyesuaian terbaru ini, harga Pertamax (RON 92) naik dari Rp12.300 menjadi Rp16.250 per liter, sementara Pertamax Green (RON 95) turut mengalami kenaikan dari Rp12.900 menjadi https://t.co/y5vNBXmuow","2064449334356439545","https://pbs.twimg.com/media/HKZluAta4AAKdxB.jpg","","in","","0","1","0","https://x.com/netizenviral_/status/2064449334356439545","2006506198384959488","netizenviral_"
"2064448019261772169","2026-06-09T20:42:18.000Z","21","⚡️Harga PERTAMAX Naik 32,1%⚡️
📜PT Pertamina resmi menaikkan harga dua jenis Bahan Bakar Minyak (BBM) non subsidi mulai 10 Juni 2026.
Berdasarkan situs PT Pertamina Patra Niaga, Pertamina menaikkan harga BBM non subsidi Pertamax (RON 92) dan Pertamax Green (setara RON 95) mulai https://t.co/4gX2ZBkk89","2064448019261772169","https://pbs.twimg.com/media/HKZjoAAbQAAiF8f.png","","in","","0","7","5","https://x.com/pararealmen/status/2064448019261772169","1094607341847101440","pararealmen"
"2064446724396179539","2026-06-09T20:37:09.000Z","3","PT Pertamina resmi menaikkan harga dua jenis Bahan Bakar Minyak (BBM) non subsidi mulai 10 Juni 2026.

Berdasarkan situs PT Pertamina Patra Niaga, Pertamina menaikkan harga BBM non subsidi Pertamax (RON 92) dan Pertamax Green (setara RON 95) mulai Rabu, 10 Juni 2026.

Di DKI https://t.co/qhFpbSJGHM","2064446724396179539","https://pbs.twimg.com/media/HKZjWfmaYAA0l9h.jpg","","in","","0","0","0","https://x.com/netizenviral_/status/2064446724396179539","2006506198384959488","netizenviral_"
"2064445458643345635","2026-06-09T20:32:07.000Z","3","Ada saja gebrakan dari pemerintah😩. Pemerintah tadi malam mengumumkan kenaikan harga BBM non subsidi Pertamax (RON 92). Pantes Pertamax swasta akhir-akhir ini stock kosong 😢

Daftar Harga BBM Terkini Pertamina (Berlaku 10 Juni 2026)

1. Solar Subsidi → Rp6.800/liter (tetap) https://t.co/eLc4qpfIWG","2064445458643345635","https://pbs.twimg.com/media/HKZiM36bAAAwMlP.jpg","","in","","0","0","1","https://x.com/kopnesiaID/status/2064445458643345635","2061639191554088960","kopnesiaID"
"2064444169943384233","2026-06-09T20:27:00.000Z","19","Ini dampak nya bisa ngeri bangett, masyarakat menengah yang biasanya isi bbm non subsidi jadi beralih ke pertalite. 

ujung ujungnya Pertalite langka, nah kalo sampe kejadian langka bbm bisa bikin efek berantai ke semua harga kebutuhan pokok, naik dah tuh harga harga

gws WNI https://t.co/5a7dYl8Phe","2064444169943384233","https://pbs.twimg.com/media/HKZhB3jaQAA0PPK.jpg","","in","","0","4","2","https://x.com/fyiajaa/status/2064444169943384233","739583354991837184","fyiajaa"
"2064442936428040416","2026-06-09T20:22:06.000Z","2","DORR! HARGA PERTAMAX JADI Rp16.250/LITER, BBM NON-SUBSIDI RESMI NAIK GILA-GILAAN MULAI HARI INI!

1. Pertamax (RON 92) → Rp16.250/liter  (NAIK Rp3.950 dari Rp12.300)

2. Pertamax Green 95 → Rp17.000/liter  (NAIK Rp4.100 dari Rp12.900) https://t.co/kLxFSPhAsQ","2064442936428040416","https://pbs.twimg.com/media/HKZf6EObkAAtGGe.jpg","","in","","0","1","1","https://x.com/kabarnamdua/status/2064442936428040416","2047274139149365248","kabarnamdua"
"2064432416891215872","2026-06-09T19:40:18.000Z","4","Balik lagi kata Pak Purbaya, kalo urusan subsidi pertalite dkk dia bilang gak naik.

Tapi untuk bbm non subsidi aka Pertamax dll dia gatau soalnya bukan dia yang ngurusin 😅 berarti juga udah dikasih clue bakalan naik, tapi kan gak tiba-tiba tengah malem juga kali.","2064432416891215872","","","in","","0","4","0","https://x.com/auteza12/status/2064432416891215872","2058435951316393984","auteza12"
"2064428732543353223","2026-06-09T19:25:39.000Z","78","Nah..nah.. akhirnya naik juga !! 😃

PT Pertamina (Persero) menaikkan harga bahan bakar minyak (BBM) non-subsidi jenis Pertamax dan Pertamax Green per hari ini, Rabu (10/6/2026)

- Pertamax: Rp12.300 ➡️ Rp16.250 (naik Rp3.950 per liter)
- Pertamax Green: Rp12.900 ➡️ Rp17.000 https://t.co/tMMSTQ9v6U","2064428732543353223","https://pbs.twimg.com/amplify_video_thumb/2064428548597899264/img/-DaL7jsW_lDAqXke.jpg","","in","","1","9","29","https://x.com/creeping5ilence/status/2064428732543353223","1100609875","creeping5ilence"
"2064412507339698607","2026-06-09T19:22:58.000Z","37","@bersuwara_ bbm non subsidi naiknya ga ngotak, giliran yang subsidi ga naik samsek. apa maksud jirrrr, biar ga kena demo kahhh???? akal-akalan rezim anti kritik.","2064428056786436211","","bersuwara_","in","","0","2","0","https://x.com/chinamoure/status/2064428056786436211","1566467077296496640","chinamoure"
"2064413563247329616","2026-06-09T19:22:28.000Z","218","@idextratime Nanti bakal ada narasi 
.
""Kan yang naik non subsidi, tidak ada sangkut pautnya dengan kenaikan harga bahan pokok, ini supaya BBM subsidi tepat sasaran""
.
HALAH JEMBOOOT https://t.co/Fyg4TwnH3P","2064427929300574573","https://pbs.twimg.com/tweet_video_thumb/HKZSP4UaYAAlV0-.jpg","idextratime","in","","2","1","17","https://x.com/Yuniar_Indra_P/status/2064427929300574573","589269100","Yuniar_Indra_P"
"2064422799234814264","2026-06-09T19:02:05.000Z","4","🚨 Harga BBM Pertamina Naik Hari Ini!

PT Pertamina menyesuaikan harga BBM non-subsidi per Rabu, 10 Juni 2026:

✅ Pertamax (RON 92): dari Rp12.300 → Rp16.250/liter (naik Rp3.950)
✅ Pertamax Green (RON 95): dari Rp12.900 → Rp17.000/liter (naik Rp4.100)

Penyesuaian ini hanya https://t.co/BDE6vLDBOf","2064422799234814264","https://pbs.twimg.com/media/HKZNl1oa0AAw5BH.jpg","","in","","0","0","0","https://x.com/0xrizaldi/status/2064422799234814264","1196379030","0xrizaldi"
"2064413222124568871","2026-06-09T18:24:01.000Z","5956","GILA! PERTAMAX MELEDAK JADI Rp16.250/LITER, BBM NON-SUBSIDI RESMI NAIK GILA-GILAAN MULAI HARI INI WAK 

Daftar Harga BBM Terkini Pertamina (Berlaku 10 Juni 2026)

1. Solar Subsidi → Rp6.800/liter (tetap)

2. Pertalite (RON 90) → Rp10.000/liter (tetap)

3. Pertamax (RON 92) → https://t.co/gwCulMhdPN","2064413222124568871","https://pbs.twimg.com/media/HKZE36paQAAW2J-.jpg","","in","","428","683","2120","https://x.com/indepenSumatera/status/2064413222124568871","1745265761416056832","indepenSumatera"
"2064412168108556493","2026-06-09T18:19:50.000Z","3","Resmi! Harga BBM Pertamax Naik Jadi Rp 16.250/Liter Mulai 10 Juni 2026...

PT Pertamina resmi menaikkan harga dua jenis Bahan Bakar Minyak (BBM) non subsidi mulai 10 Juni 2026...

Berdasarkan situs PT Pertamina Patra Niaga, Pertamina menaikkan harga BBM non subsidi Pertamax (RON https://t.co/nF5fZq9R47","2064412168108556493","https://pbs.twimg.com/media/HKZD6mMaEAAbNbw.jpg","","in","","0","1","3","https://x.com/ferizandra/status/2064412168108556493","80559922","ferizandra"
"2064409768010367321","2026-06-09T18:10:18.000Z","19115","PT Pertamina (Persero) melakukan penyesuaian harga BBM non subsidi untuk Pertamax dan Pertamax Green per Rabu (10/6/2026).

Jika sebelumnya harga Pertamax (RON 92) Rp 12.300, kini naik menjadi Rp 16.250 per liter. 

Sementara itu, Pertamax Green (RON 95) naik menjadi Rp 17.000 https://t.co/yWyqklaSXn","2064409768010367321","https://pbs.twimg.com/media/HKY24ZaaYAA6ydw.jpg","","in","","9900","2993","7462","https://x.com/kompascom/status/2064409768010367321","23343960","kompascom"
"2064404023487471712","2026-06-09T17:47:28.000Z","1","Resmi Naik! Harga Terbaru BBM Pertamina Non-Subsidi Pertamax dan Pertamax Green Mulai 10 Juni 2026

Baca: https://t.co/Dd30yFJ4lw","2064404023487471712","","","in","","0","0","0","https://x.com/tribunpontianak/status/2064404023487471712","115936810","tribunpontianak"
"2063498014078177721","2026-06-07T22:12:19.000Z","2","@xdent_s Penyebabnya: Mulyono cabut subsidi BBM dan listrik yg bikin harga barang naik signifikan.
Gaji starter UMR buat lulusan S1 zaman SBY was too low but now it is privilege.

Zaman Mulyono, pengusaha non oligarki gak dapat insentif apa2 selain bisa kasih gaji kecil ke karyawan.","2063745897364885789","","xdent_s","in","","0","0","0","https://x.com/Ikhwanazis89/status/2063745897364885789","2335942801","Ikhwanazis89"
"2063255178841936102","2026-06-06T13:42:22.000Z","133","DAMPAK KURS DOLAR TEMBUS RP 18.000

1. Harga kebutuhan sehari-hari naik
Dolar mahal bikin impor bahan pangan, obat, dan barang harian ikut mahal. Meja makan kena; beras, minyak, mie instan, roti, daging, susu, tahu, tempe, telor dll bakal naik pelan tapi pasti.

2. Ongkos hidup https://t.co/Ouq9WnmQ30","2063255178841936102","https://pbs.twimg.com/media/HKIlmIKbIAAKAc5.png","","in","","2","15","67","https://x.com/BosPurwa/status/2063255178841936102","1068371293290946561","BosPurwa"
"2063083032425443705","2026-06-06T02:18:21.000Z","18","Tersangka 1: perang di Selat Hormuz.

Konflik Timur Tengah ganggu pasokan minyak &amp; gas dunia. Harga minyak (Brent) sempat tembus US$124 di April.

Korbannya: BBM non-subsidi, LPG 12 kg (naik 18,75% jadi Rp228 ribu), dan pupuk non-subsidi (harga urea global nyaris 2x lipat).￼","2063083039836762385","","NarasiVisual","in","","0","1","1","https://x.com/NarasiVisual/status/2063083039836762385","2019275795093680128","NarasiVisual"
"2062519296866259427","2026-06-05T06:40:02.000Z","3","@BapakKerja Chatib Basri kyknya identik dgn menteri / teknokrat yg beres beres &amp; economic problem solver. Menarik buat gw pribadi.

Di BKPM dulu doi beresin gimana tata kelola &amp; keruwetan birokrasi OSS (ora sampun-sampun) nya BKPM. Mulai dri akses info, investor relation unit dst

2013, jdi","2062786507463897401","","BapakKerja","in","","0","0","1","https://x.com/txtfrwho/status/2062786507463897401","3605850559","txtfrwho"
"2062346193691439547","2026-06-04T01:30:23.000Z","13911","harga barang yang berpotensi naik,
efek 1 $USD = Rp.18.000

tapi tenang sobat, tidak akan ada demo. selama bbm tdk di naikkan harganya. @prabowo tau banget soal ini.

1). Mi instan
2). Tahu dan tempe
3). Tepung terigu
4). Roti dan kue
5). Smartphone / Handphone
6). Laptop dan","2062346193691439547","","","in","","984","341","7361","https://x.com/direktoridosen/status/2062346193691439547","1901591046","direktoridosen"
"2061283770746171408","2026-06-01T07:13:00.000Z","21","@KapudS640 Percaya
Pelanggan listrik kan seperti BBM ada cluster subsidi dan non subsidi
Yang non subsidi pasti naik 
PAM naik juga percaya karena biaya listrik untuk pengolahan air baku pastinya juga naik","2061345250799747334","","KapudS640","in","","0","0","3","https://x.com/RagaSukma_1/status/2061345250799747334","1593826699749494784","RagaSukma_1"
"2060977929815761160","2026-05-31T06:53:24.000Z","2","https://t.co/9qrOl0q2db","2060977929815761160","","","zxx","","0","1","0","https://x.com/trisetyarso/status/2060977929815761160","38560333","trisetyarso"
"2060532005272703174","2026-05-30T11:20:00.000Z","3","Fenomena beralihnya minat masyarakat ke mobil LCGC (Low Cost Green Car) di tengah melesatnya harga BBM diesel non-subsidi (seperti Dexlite dan Pertamina Dex) adalah respons logis yang murni didasari oleh perhitungan matematika dompet.

​Ketika harga Dexlite menyentuh kisaran","2060682635983438291","","sharpandshark","in","","0","1","0","https://x.com/sharpandshark/status/2060682635983438291","1628338800362672128","sharpandshark"
"2060155986091110642","2026-05-29T00:27:17.000Z","12614","Serius nanya apa pencapaian nya? 🤔🤔

Rangkuman berita yg aku baca :
- Dolar AS tembus Rp 17.900
- Kebutuhan pokok naik
- PHK merajalela
- Kriminalitas meningkat
- Juli ini jatuh tempo utang Rp 833 T
- Total utang Rp 9.920 T
- Bunga utang Rp 599 T
- IHSG anjlok ke 6.370
- Harga","2060155986091110642","","","in","","114","131","6698","https://x.com/ipnkst/status/2060155986091110642","1897840940129361921","ipnkst"
"2059592120139411858","2026-05-27T11:06:41.000Z","3","3/4 DAMPAK KE RAKYAT NYATA:

• BBM non-subsidi naik — solar Rp16.800/liter, Pertamax Rp14.500
• Harga bahan pangan impor (gandum, kedelai) naik 8-15%
• Cicilan KPR naik — suku bunga acuan masih tinggi
• Gaji nggak naik — inflasi rendah tapi daya beli makin tipis
• Biaya","2059592120139411858","","","in","","0","0","1","https://x.com/buzuzima0/status/2059592120139411858","2054285397719678976","buzuzima0"
"2059066896553836596","2026-05-26T00:19:38.000Z","44","Serius nanya apa pencapaian nya? 🤔🤔

Rangkuman berita yg aku baca :
- Dolar AS tembus Rp 17.741
- Kebutuhan pokok naik
- PHK merajalela
- Kriminalitas meningkat
- Juli ini jatuh tempo utang Rp 833 T
- Total utang Rp 9.920 T
- Bunga utang Rp 599 T
- IHSG anjlok ke 6.370
- Harga https://t.co/pexBzZib2A","2059066896553836596","https://pbs.twimg.com/media/HJNGbYmbYAAW5Kd.jpg","","in","","0","4","28","https://x.com/Tangankanancuan/status/2059066896553836596","2046611382922338305","Tangankanancuan"
"2058917963156357560","2026-05-25T14:27:49.000Z","2","Pencapaian WOWOK (yang sebenarnya):
Dolar AS tembus Rp 17.741
Kebutuhan pokok naik
PHK merajalela
Kriminalitas meningkat
17 Juli jatuh tempo utang Rp 833 T
Total utang Rp 9.920 T
Bunga utang Rp 599 T
IHSG anjlok ke 6.370
Harga plastik naik diatas 100%
Gas LPG non-subsidi naik 18% https://t.co/wqQmKcepYb","2058917963156357560","https://pbs.twimg.com/media/HJK-6-xbQAAAwqa.jpg","","in","","1","1","1","https://x.com/txtpersahaman/status/2058917963156357560","1132503272072212480","txtpersahaman"
"2058814486593904897","2026-05-25T07:36:39.000Z","55","BOCOR...

Rupiah Jebol Menuju 17.760 per USD (Devaluasi Nyata)

​Grafik satu bulan terakhir menunjukkan tren naik yang tidak terbendung dari kisaran Rp17.200 di awal Mei, langsung menanjak tajam ke Rp17.760.

​Bocornya Cadangan Devisa: Angka ini adalah alarm keras bahwa https://t.co/8bHDR7ZzDd","2058814486593904897","https://pbs.twimg.com/media/HJJg3GhacAA_Fw0.jpg","","in","","3","0","12","https://x.com/WeKa_Ronin/status/2058814486593904897","1383295518374121475","WeKa_Ronin"
"2058353689988133050","2026-05-24T01:09:45.000Z","2","Ringkasan buat yang males baca panjang:
Perang pecah Februari → Selat Hormuz ditutup → harga minyak dunia naik 70% → BBM non-subsidi RI naik 3 kali dalam 3 bulan → Pertamax Turbo naik 50% → rupiah tembus Rp 17.700 → anggaran subsidi negara jebol dari perhitungan awal","2058354733799428234","","AvelinoGuido28","in","","0","1","0","https://x.com/AvelinoGuido28/status/2058354733799428234","1829458796118441984","AvelinoGuido28"
"2058353689988133050","2026-05-24T01:08:22.000Z","2","Oke sekarang ke bagian yang langsung nyentuh kehidupan kita.
Kenapa urusan selat kecil di ujung Timur Tengah sana bisa bikin harga BBM kita di sini ikut naik?
Sekitar seperlima dari seluruh pasokan minyak dunia melewati Selat Hormuz setiap harinya. Setiap gangguan di sana","2058354384615149624","","AvelinoGuido28","in","","0","1","0","https://x.com/AvelinoGuido28/status/2058354384615149624","1829458796118441984","AvelinoGuido28"
"2056563969683505179","2026-05-19T05:53:02.000Z","6","@99propaganda @iwanpiliang7 Beras tersedia, harga 16-18 ribu perkilo: punya uang lu buat beli? Kalau prabowo tentu bisa beli.
BBM tidak langka? Harga BB Non subsidi naik berlipat2, sementara yang subsidi tersedia hanya sampe jam 9 malam.
Pasar masih buka, tapi nilai IHSG anjlok. Pengusaha pada lari.
Petani","2056614084913860727","","99propaganda","in","","0","8","0","https://x.com/Furqanjurdi1/status/2056614084913860727","1058006842444378112","Furqanjurdi1"
"2056614010305515871","2026-05-19T05:52:44.000Z","2","Beras tersedia, harga 16-18 ribu perkilo: punya uang lu buat beli? Kalau prabowo tentu bisa beli.
BBM tidak langka? Harga BB Non subsidi naik berlipat2, sementara yang subsidi tersedia hanya sampe jam 9 malam.
Pasar masih buka, tapi nilai IHSG anjlok. Pengusaha pada lari.
Petani","2056614010305515871","","","in","","0","0","0","https://x.com/Furqanjurdi1/status/2056614010305515871","1058006842444378112","Furqanjurdi1"
"2056510644086620202","2026-05-18T23:02:00.000Z","3596","CUMA MAU KASIH TAU:

1. dolar as tembus rp 17.700  
2. ihsg ambles ke 6723  
3. total utang ri rp 9920 T  
4. bunga utang 2026 Rp 599 T 
5. msci dan ftse keluarin saham hsc  
6. asing jualan dari awal tahun Rp 49,03 T  
7. bbm non subsidi naik 40-60%  
8. aib pemerintah jadi","2056510644086620202","","","in","","34","20","1303","https://x.com/kebajikanatas/status/2056510644086620202","2047953022941122560","kebajikanatas"
"2056208641481638263","2026-05-18T03:01:57.000Z","36","Selamat pagi guysss,selamat beraktivitas ya jangan lupa sarapan secukup nya.

Harga BBM naik tinggi yg non subsidi, apakah hrg BBM yg bersubsidi akan naik juga kah? Kita tunggu jawaban dri pangeran selat hormuz.
BBM paling banyak terbuang sia sia krn macet😔 https://t.co/93THpXFxdc","2056208641481638263","https://pbs.twimg.com/ext_tw_video_thumb/2056208589212225537/pu/img/bZeeHSQmlvu3sSO7.jpg","","in","","0","37","3","https://x.com/buleariief/status/2056208641481638263","1232651533","buleariief"
"2056184245249618421","2026-05-18T01:25:00.000Z","5","Akun @direktoridosen menyusun 50 poin soal pelemahan Rupiah sbg “bencana total” yg katanya merembet ke desa, nelayan, petani, buruh, guru, &amp; dosen. Narasi itu emosional, tapi berlebihan, parsial, dan mengabaikan konteks ekonomi global.

Pelemahan mata uang bukan “racun” mutlak.","2056184245249618421","","","in","","0","2","4","https://x.com/kangdede78/status/2056184245249618421","235931838","kangdede78"
"2056171029555532256","2026-05-18T00:32:29.000Z","11","ANALISA KEEKONOMIAN SPBU AKTIF HARGA AKUISISI 27 MILIAR

BISA UNTUNG 3X LIPAT DARI MODAL AWAL !!

ASETNYA : 
Lahan 3.760 m2 SHM — aset tanah yang secara historis selalu naik minimal 8-10% per tahun. 
Ini bukan beban, ini investasi tersembunyi.

5 tangki pendam kapasitas 15.000 https://t.co/jAF6m3r4oK","2056171029555532256","https://pbs.twimg.com/media/HIj8oNNboAAP1tU.jpg","","in","","0","2","3","https://x.com/Hidupsebagai62/status/2056171029555532256","1031420690505785349","Hidupsebagai62"
"2055791022089846817","2026-05-17T06:00:18.000Z","3","@mazriva Harga naik memang terasa, terutama BBM non-subsidi. Makanya pemerintah genjot koperasi desa (baru 1.061 diresmikan) &amp; swasembada energi biar ketergantungan impor turun. 
Solusi jangka panjang lagi dibangun. Sabar &amp; dukung yuk!","2055891137240666598","","mazriva","in","","1","6","0","https://x.com/kangdede78/status/2055891137240666598","235931838","kangdede78"
"2055640839666241836","2026-05-16T13:25:42.000Z","6","https://t.co/k99LpzdT0Y","2055640839666241836","","","zxx","","1","1","0","https://x.com/bukanpamanmu/status/2055640839666241836","70912579","bukanpamanmu"
"2055599988844200197","2026-05-16T12:08:10.000Z","4","@kompascom Besiaplah untuk hal yg terburuk, jika dolar tembus 18 rbu dan diprediksi bisa naik ke 22 rbu krna belanja konsumtif pemerintah yg menjadi salah satu variabel inflasi.
Kenaikan BBM non subsidi akan memicu kenaikan biaya oprasional dan bahan pangan ....
@prabowo 
@DPR_RI https://t.co/RE5ITiCxLK","2055621326736654345","https://pbs.twimg.com/ext_tw_video_thumb/2055621219274436608/pu/img/-Y-fg3dgyg9QLqyn.jpg","kompascom","in","","0","0","2","https://x.com/Lanun_1017/status/2055621326736654345","1668332995877675010","Lanun_1017"
"2055584925416649130","2026-05-16T10:49:59.000Z","2","@CB5 @satriohendri Nah Pak @satriohendri ini aspirasi petani bisa juga dibahas. 

- pestisida naik
- pupuk non subsidi naik 
- mulsa plastik naik
- bbm bahan bakar sprayer mesin naik.","2055601651810193491","","CB5","in","","2","0","0","https://x.com/rouppme/status/2055601651810193491","902919964301996032","rouppme"
"2055566094652653717","2026-05-16T08:28:42.000Z","3","Membedah pidato presiden yang mengatakan bahwa rakyat di desa gak pake Dolar, maka gak terdampak (naiknya kurs Dolar)...

1. EFEK DOMINO INFLASI BARANG IMPOR
Meskipun bertransaksi dengan Rupiah, banyak barang konsumsi atau bahan baku diimpor menggunakan Dolar AS... ketika Rupiah https://t.co/WSfEl9Dui3","2055566094652653717","https://pbs.twimg.com/ext_tw_video_thumb/2055566060515213312/pu/img/oqHd1LT2iKTOQK1P.jpg","","in","","0","2","3","https://x.com/ferizandra/status/2055566094652653717","80559922","ferizandra"
"2055109333780951163","2026-05-15T02:13:41.000Z","248","Guys, Prof. Telisa Aulia Falianty dari UI baru bicara sesuatu yang penting banget soal rupiah Rp17.500 — dan ada satu kalimat yang langsung bikin gue terdiam.

""Krisis takes much longer to come than you think. Tapi begitu datang, 
it happens much faster 
than you would have https://t.co/r2C4R3b975","2055109333780951163","https://pbs.twimg.com/media/HIUzT_8boAAGyUN.jpg","","in","","2","11","119","https://x.com/LambeSahamjja/status/2055109333780951163","1772323119111487490","LambeSahamjja"
"2054444398356873389","2026-05-13T10:18:52.000Z","4","@Boediantar4 ""yg naiikkn bbm non subsidi"" kata org2 yg nganggep gpp pertamax naik, kan yg make kaum atas wkwk","2054506655484932246","","Boediantar4","in","","0","0","0","https://x.com/ireallylvyou/status/2054506655484932246","1541791833545510912","ireallylvyou"
"2053687143038632383","2026-05-11T04:02:25.000Z","7","BBM non subsidi naik, BBM subsidi terbatas , minyak goreng naik, Sembako naik.
Sudah begini mau bagaimana?
https://t.co/bS9iCVzWUA","2053687143038632383","","","in","","0","4","3","https://x.com/arifin34533/status/2053687143038632383","1420219650231574533","arifin34533"
"2053376167806386210","2026-05-10T07:26:42.000Z","2","Harga BBM Non Subsidi Naik, Ekonom UGM: Wajar Ikuti Harga Minyak Dunia
https://t.co/FHTdoiC2UJ","2053376167806386210","","","in","","0","0","0","https://x.com/celujrit/status/2053376167806386210","764899337415438336","celujrit"
"2053352640772501953","2026-05-10T05:53:13.000Z","3","Harga BBM Non Subsidi Naik, Ekonom UGM: Wajar Ikuti Harga Minyak Dunia

https://t.co/ztKN265pmy https://t.co/ipRaBjEDPu","2053352640772501953","https://pbs.twimg.com/media/HH75Vm0bgAAIEdJ.jpg","","in","","0","0","1","https://x.com/Seputar_Energi_/status/2053352640772501953","1346280409","Seputar_Energi_"
"2053352568865313204","2026-05-10T05:52:56.000Z","4","Harga BBM Non Subsidi Naik, Ekonom UGM: Wajar Ikuti Harga Minyak Dunia

https://t.co/lKwp8ak9ZM https://t.co/2AzQzsJAP8","2053352568865313204","https://pbs.twimg.com/media/HH75Rana4AADW_m.jpg","","in","","0","0","1","https://x.com/InfoJktCom/status/2053352568865313204","741173384","InfoJktCom"
"2053022960282464429","2026-05-10T01:18:05.000Z","4","@dixatakan @scolpioX Masyarakat bawah sebenernya udah merasakan, kelonjakan harga ugal2an di sisi yg gak kita duga, seperti plastik naik dan buah2an. Skrg BBM non subsidi juga naik. Masyarakat ngeluh, tapi ntah kenapa masih gak ada pergerakan apa2","2053283402019901619","","dixatakan","in","","0","1","0","https://x.com/katakangparkir/status/2053283402019901619","1472864680393670657","katakangparkir"
"2052963201965588514","2026-05-09T05:33:47.000Z","2","@Dara_Cega @KakekHalal BBM Subsidi nggak naik tapi barangnya nggak ada, finalnya beli yang non subsidi 😩 
@prabowo @setkabgoid @habiburokhman","2052985362033823959","","Dara_Cega","in","","0","0","0","https://x.com/inong911/status/2052985362033823959","3367645213","inong911"
"2052677523071545762","2026-05-08T09:10:33.000Z","13","Baca di sini:
https://t.co/ErHrXIdmYf

Di tengah naiknya harga BBM non-subsidi Mei 2026, harga ban motor dari berbagai merek juga mengalami penyesuaian dan naik hingga Rp 100.000.

~NA #BanMotor #BBM #KenaikanHarga https://t.co/QMRag5V5wp","2052677523071545762","https://pbs.twimg.com/media/HHyTUIma8AEUnUv.jpg","","in","","2","3","3","https://x.com/kompascom/status/2052677523071545762","23343960","kompascom"
"2052676849860579619","2026-05-08T09:07:52.000Z","3","Baca di sini:
https://t.co/OZ21bqo4cZ

Di tengah naiknya harga BBM non-subsidi Mei 2026, harga ban motor dari berbagai merek juga mengalami penyesuaian dan naik hingga Rp 100.000.

~NA #BanMotor #BBM #KenaikanHarga https://t.co/FyhBvfP17e","2052676849860579619","https://pbs.twimg.com/media/HHySs-7bEAAutl1.jpg","","in","","0","0","0","https://x.com/KompasOtomotif/status/2052676849860579619","3042677100","KompasOtomotif"
"2052262135208804362","2026-05-07T05:39:56.000Z","3","Jangan kemakan hoaks! Yang naik hanya BBM non-subsidi untuk kalangan mampu. Gas 3kg dan bensin subsidi tetap aman terkendali. Cek fakta sebelum percaya, agar hati tenang. #jagaindonesia #jagamayday2026 #mayday2026damai #prabowobersamaburuh #dialogbukankonfrontasi https://t.co/JoEVnJnPcX","2052262135208804362","https://pbs.twimg.com/amplify_video_thumb/2052261949170425856/img/l-kgrMnUl4qBRvmG.jpg","","in","","0","0","2","https://x.com/hafsyahaqilla/status/2052262135208804362","1751425943048982530","hafsyahaqilla"
"2051920250229362827","2026-05-06T07:01:25.000Z","3","BBM naik, kita yang susah dong?
Eh, tunggu.

Yang naik → BBM non-subsidi (bensin mobil mewah)
Yang aman → Pertalite &amp; LPG 3kg (bensin &amp; gas kita)

""Subsidi itu buat yang butuh, bukan buat yang mampu.""
Dan itu... masuk akal kan? 🤷
#jagaindonesia #jagagiziindonesia #negarahadir https://t.co/NuZYUMD1mQ","2051920250229362827","https://pbs.twimg.com/media/HHnimA1bMAAZobl.jpg","","in","","0","1","0","https://x.com/GudangMesiu1/status/2051920250229362827","994922453888450561","GudangMesiu1"
"2051903964908831006","2026-05-06T05:56:42.000Z","1","emg kentut nih pemerintah, bbm non subsidi naik diem aja, dollar naik jg diem aja. gara-gara bbm naik gue hrs mengucap selamat tinggal kpd mobil yg udh menyaksikan tumbuh kembang gue SEJAK SD😭💔 ketika mobil yg lain silih berganti, dia doang yg bertahan sampe hari ini😭","2051903964908831006","","","in","","1","1","0","https://x.com/markjekardah/status/2051903964908831006","1273800683121020928","markjekardah"
"2051720970826891579","2026-05-05T17:49:33.000Z","3","Viral! Harga #BBM Non-Subsidi Naik Lagi, #Pertamina Klaim Tetap Jaga Daya #Beli #Masyarakat https://t.co/u3TiYr2Fdw","2051720970826891579","","","in","","0","0","0","https://x.com/terviralin/status/2051720970826891579","1026504521357217792","terviralin"
"2051557721745576331","2026-05-05T11:26:48.000Z","21","@eddesign_ Data itu cuma angka2 yg bisa disetel oleh penguasa. Lihat sikon di lapangan bro. Phk dimana2, dolar makin tinggi, sgala macam dipajakin, harga sembako naik terus, bbm non subsidi naik, bbm subsidi sulit didapat, pasokan lpg berkurang, biaya pnddkan mahal etc.","2051624648832630909","","eddesign_","in","","0","4","2","https://x.com/ChristJonas6/status/2051624648832630909","1600419634448314368","ChristJonas6"
"2051530639825068350","2026-05-05T05:13:14.000Z","3","Kok aneh ya, yang naik kan bbm non subsidi kenapa biaya angkut jadi naik kan kendaraan umum dan angkutan barang pakainya bbm subsidi.","2051530639825068350","","","in","","0","1","2","https://x.com/ImbKosta/status/2051530639825068350","925899672710889472","ImbKosta"
"2051478986732294652","2026-05-05T01:47:59.000Z","0","Resmi Naik! Daftar Harga BBM Non Subsidi Pertamina, BP-VIVO per 5 Mei https://t.co/Ov9WmwynZ4","2051478986732294652","","","in","","0","0","0","https://x.com/cnbcindonesia/status/2051478986732294652","847372542830444544","cnbcindonesia"
"2051294786607559023","2026-05-04T13:36:02.000Z","88","4 Mei 2026 be like :

1. Kurs 1 USD ud nyampe Rp17.400
2. Harga bbm non subsidi termasuk solar naik
3. Kapal perang US ditembak Iran
4. Harga minyak dunia spiking lg
5. Sebagian Jawa cuaca buruk, hujan deras dan banjir

Hari sial emang gak ada di kalender, tp ya gak diborong jg","2051294786607559023","","","in","","0","4","17","https://x.com/rgoestama/status/2051294786607559023","53322619","rgoestama"
"2051281640278904983","2026-05-04T12:43:48.000Z","2","BBM Non Subsidi naik lagi Sob mulai hari ini 4 Mei 2026
Dikutip dari my Pertamina
Catatan: harga untuk wilayah DKI Jakarta, Banten, Jawa Barat, Jawa Tengah, DI Yogyakarta, Jawa Timur
 
Pertalite: Rp 10.000
• Pertamax: Rp 12.300
• Pertamax Turbo: Rp 19.900
• Pertamax Green: Rp https://t.co/7i2ghBgr44","2051281640278904983","https://pbs.twimg.com/media/HHedxr-aoAAHvjK.jpg","","in","","0","0","0","https://x.com/CilacapKekinian/status/2051281640278904983","1261951270383808512","CilacapKekinian"
"2051277177887564110","2026-05-04T12:26:04.000Z","1","Resmi Naik! Daftar Terbaru Harga BBM Non Subsidi di Semua SPBU RI https://t.co/h6jX5cSdxm","2051277177887564110","","","in","","0","0","0","https://x.com/cnbcindonesia/status/2051277177887564110","847372542830444544","cnbcindonesia"
"2051266022884409821","2026-05-04T11:41:45.000Z","183","NEGARA NOMBOK Rp25 TRILIUN ?? KOK BISA?

Menteri Keuangan Purbaya memecat dua pejabat Direktorat Jenderal Pajak. 

Tapi masalahnya jauh lebih dalam dari sekadar dua orang itu.
Menkeu Purbaya Yudhi Sadewa memanggil wartawan dan bicara blak-blakan: 
dua pejabat pajak akan dia copot https://t.co/QH1tPeDvpj","2051266022884409821","https://pbs.twimg.com/media/HHePkwtbQAAHjyt.jpg","","in","","6","32","75","https://x.com/Hidupsebagai62/status/2051266022884409821","1031420690505785349","Hidupsebagai62"
"2051265787709866313","2026-05-04T11:40:49.000Z","1","[OPLOSAN]

Gay di Istana, Tolak Naik BBM Non Subsidi (mintanya BBM Subsidi yg dinaiki), Rupiah melemah otomatis jadi 1998.

Para oposan , NGO Pro Demokrasi, Anak Abah, Genk Merah pada tak suka kalau rakyatnya dibiarkan senang dengan BBM Subsidi, harus menderita &amp; chaos.","2051265787709866313","","","in","","0","0","1","https://x.com/Putra_Adi_YM/status/2051265787709866313","276418841","Putra_Adi_YM"
"2051261489944903889","2026-05-04T11:23:44.000Z","4","Beberapa kejadian atau ringkasan berita ekonomi hari ini:
1. Rupiah kembali melemah terhadap USD di tutup 17.370/USD 
2. IHSG rebound di tutup 6.971,95
3. Harga BBM Non Subsidi kembali naik.

Menurut kalian kondisi ekonomi negara kita bagaimana ? Mungkin yang anak Ekonomi atau https://t.co/uAX8FAeS1h","2051261489944903889","https://pbs.twimg.com/media/HHeLc23b0AA_-En.jpg","","in","","0","0","0","https://x.com/ruudii_h/status/2051261489944903889","241951214","ruudii_h"
"2051258220333916341","2026-05-04T11:10:44.000Z","3","PT Pertamina (Persero) resmi menaikkan harga sejumlah BBM non-subsidi mulai Senin, 4 Mei 2026, kenaikan berlaku untuk Pertamax Turbo, Dexlite, dan Pertamina Dex.

Di wilayah DKI Jakarta, harga Pertamax Turbo naik dari Rp19.400 menjadi Rp19.900 per liter, Dexlite meningkat dari https://t.co/tdb8v51Gy2","2051258220333916341","https://pbs.twimg.com/media/HHeIeKIbUAEJAMH.jpg","","in","","0","0","1","https://x.com/RadioElshinta/status/2051258220333916341","121640063","RadioElshinta"
"2051239498735071648","2026-05-04T09:56:21.000Z","63","Kabar buruk lagi pagi ini: Per hari ini, harga BBM non-subsidi resmi naik lagi. Pertamax Turbo tembus Rp19.900, Dexlight Rp26.000, &amp; kenaikan paling gila ada di Pertamina Dex yang naik Rp4.000 jadi Rp27.900/liter.

Efek dominonya jelas: biaya angkut naik, harga pangan menyusul, https://t.co/qa2Ncf1axX","2051239498735071648","https://pbs.twimg.com/ext_tw_video_thumb/2051239473816748032/pu/img/j08jcQd4JF17iwkN.jpg","","in","","3","8","32","https://x.com/triwul82/status/2051239498735071648","2695463725","triwul82"
"2051194699445338590","2026-05-04T09:23:28.000Z","7","@abulmuzaffar10 Waktu baca berita kemarin juga udah was - was sih, harga BBM non subsidi naik (yang RON tinggi naik nya gede), otomatis orang-orang kaya yang tadinya pake non subsidi pun bakalan beralih ke subsidi, kalo jumlah konsumennya bertambah, tapi stoknya engga, bakalan ada kelangkaan","2051231225386570138","","abulmuzaffar10","in","","0","0","0","https://x.com/SuryoYEY/status/2051231225386570138","1990102644594298880","SuryoYEY"
"2051228867923497116","2026-05-04T09:14:06.000Z","41","1.200 kapan nelayan Pati tak bisa melaut karen BBM non subsidi naik...👽👽

Gimana ini pak @prabowo https://t.co/mISjMeV6yK","2051228867923497116","https://pbs.twimg.com/ext_tw_video_thumb/2051228250182164480/pu/img/1NaLXVcKsC-ttC8S.jpg","","in","","0","10","22","https://x.com/KangManto123/status/2051228867923497116","947632364003368961","KangManto123"
"2051225562606145627","2026-05-04T09:00:58.000Z","1","Harga BBM Non-Subsidi Naik Lagi, Dex Tembus Rp27.900: Efek ke Ongkos Hidup Mulai Terasa https://t.co/yZQc3DbELK","2051225562606145627","","","in","","0","0","0","https://x.com/fajaronline/status/2051225562606145627","89877164","fajaronline"
"2051220169452826834","2026-05-04T08:39:32.000Z","1","Harga BBM Non-Subsidi Kembali Naik Mulai Hari Ini https://t.co/XsPGErDPo2","2051220169452826834","","","in","","0","0","0","https://x.com/detikfinance/status/2051220169452826834","135795460","detikfinance"
"2051217789872988237","2026-05-04T08:30:05.000Z","3","Naik lagi, ini harga terbaru BBM Pertamina non-subsidi: Pertamax Turbo Rp 19.900, Dex Rp 27.900, Dexlite Rp 26.000 berlaku per hari ini.
https://t.co/jQhKpZopvK","2051217789872988237","","","in","","0","0","0","https://x.com/TRTindonesia/status/2051217789872988237","1793626602623897601","TRTindonesia"
"2051170574114886103","2026-05-04T08:22:15.000Z","4","@Jateng_Twit Solidaritas nelayan Pati! Harga BBM non-subsidi emang harus lebih adil buat perikanan tangkap. Biaya operasional mahal banget, hasil tangkapan malah susah naik. Semangat bro! 🇮🇩","2051215817501786169","","Jateng_Twit","in","","0","0","0","https://x.com/NexIDN/status/2051215817501786169","60526027","NexIDN"
"2051179963609759828","2026-05-04T07:32:08.000Z","4","@insidefolkative Lalu apa masalahnya? BBM memang naik, tapi harga masih stabil dan terjaga. Yang naik juga cuma yg non subsidi. Jangan lupa BBM Indonesia adalah salah satu yg termurah di Asia. Presiden Prabowo Subianto punya tujuan yg jelas agar masyarakat tetap menikmati BBM murah","2051203206819287333","","insidefolkative","in","","1","4","0","https://x.com/NovaNauval58209/status/2051203206819287333","2006224376795127808","NovaNauval58209"
"2051183501303792067","2026-05-04T06:13:50.000Z","0","Harga BBM Non Subsidi Pertamina Naik-Korban Baru Perang AS-Iran

Baca selengkapnya di 👇🏻 atau download app CNBC Indonesia di AppStore dan PlayStore!
https://t.co/ifXlaIsiW4","2051183501303792067","","","in","","0","0","0","https://x.com/cnbcindonesia/status/2051183501303792067","847372542830444544","cnbcindonesia"
"2051179963609759828","2026-05-04T05:59:47.000Z","82","Harga BBM Non Subsidi naik per 4 Mei 2026:

Pertamax Turbo: 19.400 -&gt; 19.900
Dexlite: 23.600 -&gt; 26.000
Pertamina Dex: 23.900 -&gt; 27.900

Source: https://t.co/VTvRz6XnXZ https://t.co/bpqBte4Mho","2051179963609759828","https://pbs.twimg.com/media/HHdBTgObAAARYYV.jpg","","in","","9","284","26","https://x.com/insidefolkative/status/2051179963609759828","819191230273765376","insidefolkative"
"2051179462520385652","2026-05-04T05:57:47.000Z","8","maka...

siapa bilang BBM non subsidi naik harga ga berpengaruh ke hidup kita2 si miskin ini?

tetap pengaruh cuy karna biasanya di era minyak mahal stok BBM subsidinya yg lenyap dari pasaran, ntah disedot siapa ntah kuotanya dikurangin ntah ngucurnya ke bos mana","2051179462520385652","","","in","","0","1","1","https://x.com/majikanpenjabat/status/2051179462520385652","1828319359691038721","majikanpenjabat"
"2051178226240909593","2026-05-04T05:52:52.000Z","2","BBM Non Subsidi Kompak Naik di Seluruh SPBU per 4 Mei 2026, Ini Daftar Harganya di Pertamina, BP-AKR, Vivo dan Shell 

Klik dibawah untuk baca selengkapnya 👇🏻
https://t.co/5SVPKCoFFq","2051178226240909593","","","in","","0","0","0","https://x.com/rubicnews__/status/2051178226240909593","1796921575197065216","rubicnews__"
"2051153843204055525","2026-05-04T04:15:59.000Z","31","HARGA BBM NON SUBSIDI KEMBALI NAIK

Pada Senin, 4 Mei ini, terpantau Pertamina menyesuaikan harga 3 jenis BBM non subsidi. Sedangkan Pertamax dan Pertamax Green harganya tetap, begitu juga BBM subsidi Pertalite dan Bio Solar. https://t.co/nSoI6eLgTb","2051153843204055525","https://pbs.twimg.com/media/HHcpjCsbIAAQsxq.jpg","","in","","3","1","10","https://x.com/Jateng_Twit/status/2051153843204055525","785145642","Jateng_Twit"
"2051142955688513630","2026-05-04T03:32:43.000Z","1","BBM Non-Subsidi Naik, Inflasi April Diramal Naik ke 2,72% (yoy)

Baca selengkapnya di 👇🏻 atau download app CNBC Indonesia di AppStore dan PlayStore!
https://t.co/UEJ14ShNON","2051142955688513630","","","in","","0","3","0","https://x.com/cnbcindonesia/status/2051142955688513630","847372542830444544","cnbcindonesia"
"2051140235774615667","2026-05-04T03:21:55.000Z","0","Harga BBM Non Subsidi Resmi Naik, Pertamina Buka Suara

Baca selengkapnya di 👇🏻 atau download app CNBC Indonesia di AppStore dan PlayStore!
https://t.co/htjls9S5FX","2051140235774615667","","","in","","0","3","0","https://x.com/cnbcindonesia/status/2051140235774615667","847372542830444544","cnbcindonesia"
"2051133569918218536","2026-05-04T02:55:25.000Z","8","Harga Solar Naik, Nelayan Pati Berhenti Melaut dan Pelelangan Ikan Terdampak..

Kenapa yang naik BBM Non Subsidi tapi Solar di nelayan ikutan naik?! Ada yang tahu kenapa?! https://t.co/4QfzwGwtMl","2051133569918218536","https://pbs.twimg.com/ext_tw_video_thumb/2051133499198119936/pu/img/g6d_9ymcokJxxjzv.jpg","","in","","0","1","3","https://x.com/PaltiHutabarat/status/2051133569918218536","214159664","PaltiHutabarat"
"2051127296703258668","2026-05-04T02:30:30.000Z","2","PT Pertamina (Persero) kembali menaikkan harga bahan bakar minyak (BBM) non-subsidi pada hari ini, Senin (4/5/2026). Penyesuaian harga ini berlaku untuk sejumlah produk, di antaranya Pertamax Turbo, Dexlite, dan Pertamina Dex.

Berdasarkan informasi dari laman resmi Pertamina, https://t.co/wzvLhE2Zg8","2051127296703258668","https://pbs.twimg.com/media/HHcIkyYbIAAvA6j.jpg","","in","","0","0","0","https://x.com/SINDOnews/status/2051127296703258668","231355136","SINDOnews"
"2051103584541164022","2026-05-04T00:56:16.000Z","234","NELAYAN “libur” Melaut, Gak Sanggup Beli BBM‼️

Jk semua nelayan tradisional Libur, mk stock ikan di pasaran jd Berkurang.. &amp; Harga ikan Pasti Naik! 

Masih Bilang Kenaikan Harga BBM NON SUBSIDI Tidak Pengaruhi Roda Ekonomi⁉️ 
GOBLOG mu TERJAWAB Tunai..😏 https://t.co/gXP7ewd21J","2051103584541164022","https://pbs.twimg.com/ext_tw_video_thumb/2050984350918070272/pu/img/2GII8Wo4PQLFyED1.jpg","","in","","3","20","119","https://x.com/AraituLaki/status/2051103584541164022","1118723550649544704","AraituLaki"
"2050984399387423167","2026-05-04T00:53:21.000Z","2","@KangSemproel @triwul82 @Baribis_ BBM non subsidi gak naik tapi semua kebutuhan pokok sdh naik
Ekonomi sdh jalan ditempat.
Yg paling berdampak masyarakat kelas bawah dari golongan buruh dan pedagang kecil","2051102850500178287","","KangSemproel","in","","1","2","0","https://x.com/MisdiPriansyah4/status/2051102850500178287","933696649309720578","MisdiPriansyah4"
"2051098857225036093","2026-05-04T00:37:29.000Z","1","Harga BBM Non Subsidi Pertamina Resmi Naik, Berlaku 4 Mei 2026 https://t.co/uDfmRxoidg","2051098857225036093","","","in","","0","0","0","https://x.com/cnbcindonesia/status/2051098857225036093","847372542830444544","cnbcindonesia"
"2051081320890274086","2026-05-03T23:27:48.000Z","3","Hari kerja pertama di bulan Mei 2026, nun jauh di sana Hormuz masih di portal, akibatnya BBM non sub naik harga (mungkin yg subsidi juga) dan ada kemungkinan harga barang naik. Sementara daya beli turun. 

Tapi jika kita pernah bertahan di masa sulit saat Covid kemarin, mestinya","2051081320890274086","","","in","","1","0","0","https://x.com/BtxSian/status/2051081320890274086","2047867033573076992","BtxSian"
"2050527562301157433","2026-05-02T12:51:32.000Z","4","@BiLLRaY2019 Purbaya : Ekonomi kita mulai terlihat adanya peningkatan 8%

Aktual : 
1. Semua harga melonjak tapi gelombang PHK luar biasa. 
2. IHSG terendah se-Asia bahkan dunia YTD.
3. Rupiah ATL terhadap USD, Ringgit, SGD, Yuan, dll.
4. BBM non subsidi, gas, plastik, DLL naik
Teruskan&gt;&gt;&gt;&gt;","2050558808766972288","","BiLLRaY2019","in","","0","0","1","https://x.com/Amortalizartsz/status/2050558808766972288","2022064694320934917","Amortalizartsz"
"2050449046394003837","2026-05-02T05:35:22.000Z","3","Gaes  berita buruk nih …. 

1 dunia di paksa unt toleran harga baru BBM &amp; LPG nantinya , LPG 12kg akan stay di 228rb, tinggal nunggu harga bbm non subsidi stay di harga brp …. 

Inilah namanya inflasi, yg buat kaya semakin kaya, yg biasa tetap di jaga jd konsumen… 

But …","2050449046394003837","","","in","","0","2","0","https://x.com/JuanJulianto2/status/2050449046394003837","1578554778573213696","JuanJulianto2"
"2050023097462567036","2026-05-01T01:22:48.000Z","129","Ekonomi Indonesia Sedang Tidak Baik-Baik Saja, dan Begini Dampak Berantainya ke Semua Sektor...

Ini deretan angkanya:

💵 Dolar AS tembus Rp 17.300
📅 17 Juli jatuh tempo utang Rp 833 T
🏛️ Total utang Rp 9.658 T
💰 Bunga utang Rp 599 T
📉 IHSG anjlok ke 6.956
🏭 Harga plastik https://t.co/pTjzLriCRH","2050023097462567036","https://pbs.twimg.com/media/HHMlI8-bsAAy62I.jpg","","in","","3","6","66","https://x.com/ferizandra/status/2050023097462567036","80559922","ferizandra"
"2050012054610940268","2026-05-01T00:38:55.000Z","1826","Guys, rupiah sekarang sudah di Rp17.300. 
Dan ada tiga skenario yang perlu lo pahami tentang apa yang bisa terjadi kalau situasinya terus memburuk.
Ini bukan untuk bikin panik. 
Ini untuk mempersiapkan diri.

Skenario 1: 
Rupiah di Rp18.500 Pelemahan Terkendali

Ini skenario https://t.co/R3rML2lBgi","2050012054610940268","https://pbs.twimg.com/media/HHMafSUaIAAc03u.png","","in","","41","76","665","https://x.com/LambeSahamjja/status/2050012054610940268","1772323119111487490","LambeSahamjja"
"2049801116293157118","2026-04-30T10:40:44.000Z","11","BBM NON SUBSIDI WAJAR NAIK TURUN‼️

#SobatEnergi, ngaku sultan atau cuma ngaku-ngaku? Masa BBM non-subsidi naik langsung protes, padahal mobilnya miliaran. 

BBM non-subsidi memang wajar naik turun karena mengikuti harga minyak dunia, kondisi geopolitik, dan nilai tukar rupiah. https://t.co/rTyDUgQNIx","2049801116293157118","https://pbs.twimg.com/amplify_video_thumb/2049800941373882368/img/ueQMwI-Uo3-Zvqw2.jpg","","in","","1","7","6","https://x.com/KementerianESDM/status/2049801116293157118","1138467176","KementerianESDM"
"2049758629809836212","2026-04-30T07:51:54.000Z","20889","Cuma mau kasih tau:
💵 Dolar AS tembus Rp 17.360
📅 17 Juli jatuh tempo utang Rp 833 T
🏦 Total utang Rp 9.658 T
💰 Bunga utang Rp 599 T
📉 IHSG anjlok ke 7.129
🏭 Harga plastik naik 50%
🔥 Gas LPG non-subsidi naik 18%
⛽ BBM non-subsidi naik 40–60%

Stay strong WNI 

cc: Threads","2049758629809836212","","","in","","281","175","9166","https://x.com/KapudS640/status/2049758629809836212","2045731527086989312","KapudS640"
"2049749526391796046","2026-04-30T07:15:44.000Z","19","Mertuanya utk capai kerusakan ekonomi perlu 32 tahun, menantunya gak sampai 2 tahun 😴

&gt;USD 17.300
&gt;IHSG anjlok ke 7.129
&gt;LPG non subsidi naik 18%
&gt;Utang jatuh tempo 833 T
&gt;Total utang 9.658 T
&gt;Bunga utang 599 T
&gt;BBM non subsidi naik 40-60%","2049749526391796046","","","in","","0","1","8","https://x.com/hipohan/status/2049749526391796046","227320530","hipohan"
"2049727352012423606","2026-04-30T05:47:37.000Z","410","Mereka sedang menangisi :
LPG non subsidi naik 18%
BBM non subsidi naik 40-60%
Dollar 17.300
Utang jatuh tempo 833 T
Total utang 9.658 T
Bunga utang 599 T
IHSG anjlok ke 7.129 https://t.co/3zvQqUf76X","2049727352012423606","https://pbs.twimg.com/ext_tw_video_thumb/2049727336283877376/pu/img/YA-3gUkSS5lQLECD.jpg","","in","","4","50","169","https://x.com/WagimanDeep212_/status/2049727352012423606","55200751","WagimanDeep212_"
"2049473787989536868","2026-04-29T13:06:10.000Z","10","@tempodotco Mint, nggak beritain keberhasilan MBG aja? apa itu rupiah melemah, IHSG anjlok, utang jatuh tempo, bunga utang, harga BBM non subsidi naik, gas LPG non subsidi naik, harga plastik naik. Cobalah, pikirkan mint. :)","2049475328930898171","","tempodotco","in","","0","2","2","https://x.com/_pandangsudut/status/2049475328930898171","2041547020842799104","_pandangsudut"
"2049301832435114283","2026-04-29T01:36:45.000Z","6524","Cuma mau kasih tau :
Dollar 17.300
Utang jatuh tempo 833 T
Total utang 9.658 T
Bunga utang 599 T
IHSG anjlok ke 7.129
LPG non subsidi naik 18%
BBM non subsidi naik 40-60%

Hidup WNI 🇲🇨 https://t.co/TIdBYvWv93","2049301832435114283","https://pbs.twimg.com/media/HHCVJ8MaIAARp2X.jpg","","in","","43","148","2308","https://x.com/yaniarsim/status/2049301832435114283","929287558281830400","yaniarsim"
"2048719922357047653","2026-04-27T11:04:27.000Z","2435","Guys, Prof. Feri Latuhihin ekonom yang sudah setahun lalu memprediksi dolar akan tembus Rp17.000 ketika belum ada yang percaya baru bicara lagi. Dan kali ini lebih keras, lebih konkret, dan lebih mengerikan dari sebelumnya.

Gue mau rangkum dan kritisi semuanya termasuk https://t.co/GvabeG1ZIM","2048719922357047653","https://pbs.twimg.com/media/HG6DRJjbQAAIEGm.jpg","","in","","65","120","1159","https://x.com/LambeSahamjja/status/2048719922357047653","1772323119111487490","LambeSahamjja"
"2048627034042032161","2026-04-27T04:55:21.000Z","2","BBM non-subsidi naik, tapi subsidi tetap dijaga sampai 2026! ⛽🔥 Biar rakyat tetap jalan &amp; ekonomi gak rem mendadak. Pemerintah coba jaga keseimbangan nih!
#BBM #Subsidi #EkonomiStabil #IndonesiaMaju https://t.co/zY1vmshquU","2048627034042032161","https://pbs.twimg.com/media/HG4vbm4WEAArbEf.jpg","","in","","0","0","0","https://x.com/ayyuputrii21/status/2048627034042032161","1877195522106441728","ayyuputrii21"
"2048620271691772347","2026-04-27T04:28:28.000Z","9","YUDO SADEWA EKONOMI DIKLAIM STABIL BBM NON SUBSIDI NAIK NAMUN MASIH DISEBUT LEBIH MURAH DIBANDING NEGARA LAIN https://t.co/j7Pb3iPPuu","2048620271691772347","https://pbs.twimg.com/amplify_video_thumb/2048619897023041537/img/_D-MUREYq0Ug_rSC.jpg","","in","","0","0","1","https://x.com/vespamatic96/status/2048620271691772347","1851094287188180993","vespamatic96"
"2047897462476767267","2026-04-26T15:43:02.000Z","12","@Katakatahatiind Dan dalam waktu 1,5 tahun bbm sudah naik berapa kali. Gongnya disaat bbm non subsidi kek pertamax malah kosong dimana-mana, dan yang tersedia cuma pertamax turbo. Dan polanya selalu sama. Dimana ada bbm naik, di situ juga paati ada yang kosong. Tai","2048427640781169113","","Katakatahatiind","in","","0","0","0","https://x.com/tme2tcjsrnr/status/2048427640781169113","431530328","tme2tcjsrnr"
"2048368074722873507","2026-04-26T11:46:20.000Z","231","Kenaikan HARGA SOLAR INDUSTRI mulai Berdampak pd Sektor Tambang.. dan PASTI mempengaruhi Harga Pd barang Laen scr Signifikan‼️

Kemana buzzer2 ToLoL yg kmaren bilang Selama Harga BBM Non Subsidi tidak naik, Ekonomi masih Aman??🤔

Itu Congor nya perlu disodok Nozzle Pertamax 🤬 https://t.co/BPwGuuVNWa","2048368074722873507","https://pbs.twimg.com/amplify_video_thumb/2048367915452563456/img/3gyZvgJ0U3o2MuI7.jpg","","in","","0","15","80","https://x.com/AraituLaki/status/2048368074722873507","1118723550649544704","AraituLaki"
"2048339465413054738","2026-04-26T09:52:39.000Z","3","Kabar kurang enak buat yang sering bawa motor atau mobil sendiri nih. Harga BBM non-subsidi kayak Pertamax Turbo dkk resmi naik lagi. Siap-siap buat atur ulang strategi uang jajan biar nggak boncos di akhir bulan! 💸 #UpdateBBM #MajalahSunday #InfoRemaja https://t.co/LSDm7cdYto","2048339465413054738","https://pbs.twimg.com/media/HG0pgH3aIAE4Sls.jpg","","in","","0","1","0","https://x.com/majalahsunday/status/2048339465413054738","180240682","majalahsunday"
"2048039328878858727","2026-04-25T14:00:01.000Z","8","Penutupan Selat Hormuz berpotensi memicu lonjakan harga minyak dunia yang berdampak langsung pada harga BBM, termasuk di Indonesia. 

Jalur strategis ini selama ini menjadi lintasan sekitar 20–30% distribusi minyak global, sehingga gangguan sekecil apa pun bisa langsung https://t.co/h1ijTgjAet","2048039328878858727","https://pbs.twimg.com/media/HGu2eZBacAARHOf.jpg","","in","","0","0","2","https://x.com/SINDOnews/status/2048039328878858727","231355136","SINDOnews"
"2047960467407286361","2026-04-25T08:46:39.000Z","24","Lu bayangin coba deh......
Dolar AS Tembus Rp 17300
IHSG Anjlok ke 7129
Utang Jatuh Tempo Rp 833 T
Bunga Utang Rp 599 T
Total Utang Rp 9658 T
BBM Non Subsidi Naik 40-60%
Gas LPG Non Subsidi +18%
Harga Plastik &gt;50%

Tapi anehnnya....
gaji elu kagak kemana mana 
dan disuruh","2047960467407286361","","","in","","0","4","7","https://x.com/KapudS640/status/2047960467407286361","2045731527086989312","KapudS640"
"2047677372988846315","2026-04-24T14:01:44.000Z","3","Harga BBM Diesel Naik, Biaya Isi Full Tank Innova Reborn Tembus Rp1,3 Juta

Kenaikan harga bahan bakar minyak (BBM) non-subsidi kembali berdampak signifikan terhadap biaya operasional kendaraan diesel. Per 18 April 2026,     

#fyp #virals #jangkauanluas #innova #reborn https://t.co/6qiZGJROLO","2047677372988846315","https://pbs.twimg.com/media/HGrPqMDbwAABptF.jpg","","in","","0","1","0","https://x.com/patinewscom/status/2047677372988846315","1381277978","patinewscom"
"2047619534891467218","2026-04-24T10:11:57.000Z","1","Dengan kualitas lebih tinggi dan emisi lebih rendah, BBM non-subsidi menawarkan kualitas yang lebih baik.

Ibarat penjual nasi goreng, saat harga bahan naik, harga jual pun ikut menyesuaikan.

Yuk, bijak pakai energi! 

#EnergiKita
#MasaDepanKita
#KitaMulaiCaraBaru https://t.co/FXLKs2EGgy","2047619545196900703","https://pbs.twimg.com/media/HGqbHzTbwAAPOjY.jpg","KementerianESDM","in","","0","0","1","https://x.com/KementerianESDM/status/2047619545196900703","1138467176","KementerianESDM"
"2047581028542513586","2026-04-24T09:54:51.000Z","17","@txtdrbekasi @poccariee di tongkrongan katanye nih minbeks, yang naik tuh cuma BBM non subsidi, kagak usah terlalu mikirin beginian. kite2 nih fokus kerja ajee, ini mah biar diurusin orangnye pemerintah

begituan aja diributin kek, di tempat kerja kagak ada yanglu urusin aje minbeks /s

#sarkas #satire","2047615242717560876","","txtdrbekasi","in","","0","0","0","https://x.com/koganenohikari/status/2047615242717560876","1278269892882337792","koganenohikari"
"2047538673395360050","2026-04-24T04:50:35.000Z","3","Kalau harga BBM non-subsidi siapapun presidennya ya bakalan naik, itu hal eksternal akibat kegoblokan Trump. Rupiah juga masih ada potensi melemah. 
Namun setidaknya, kalo presidennya bukan 02, gak ada cerita Indonesia gabung BOP &amp; gak ada itu korupsi di siang bolong lewat MBG.","2047538673395360050","","","in","","1","2","1","https://x.com/Ioroiisme/status/2047538673395360050","1456857857186361356","Ioroiisme"
"2047506601612058634","2026-04-24T02:43:09.000Z","1","Tetap kuat, tapi rakyat bisa menilai kebohongan dibalik narasi ekonomi kita kuat. Kalau kuat kenapa dolar naik tertinggi terhadap rupiah, BBM naik, pupuk non subsidi naik, plastik naik, dan komoditas lain juga sudah naik.","2047506601612058634","","","in","","0","0","0","https://x.com/azwar6102/status/2047506601612058634","1456628197081038848","azwar6102"
"2047124582113718758","2026-04-24T01:09:38.000Z","2","@PribumiArema Coba dimengsen para mualaf bazzer yg kemaren puja puji dan nenangin diro bilang yg naik cuma harga BBM non subsidi.
Mereka lupa atau tak sadar efek domino kenaikan BBM nonsub
https://t.co/ju9QU1piA4","2047483067191984475","","PribumiArema","in","","0","0","0","https://x.com/KangSemproel/status/2047483067191984475","963751550","KangSemproel"
"2047335680607744166","2026-04-23T21:17:49.000Z","3","@bangherwin Skrg aja rupiah sdh sentuh 17225 pemerintah tenang aja pdhl keadaan sdh mengarah kedarurat cuma blom gawat gitu aja. Coba priksa apa ada barang yg gk naik krn semuanya pda naik diatas 10% ditambah BBM non subsidi amper 20ribu. Klo pemerintah gak bs ngatasi keadaan pst kolaps tuh","2047424727988449762","","bangherwin","in","","0","0","0","https://x.com/gangsterrandom/status/2047424727988449762","830087634709942273","gangsterrandom"
"2047297908614308277","2026-04-23T12:53:53.000Z","2","Kenaikan harga BBM biar pun hanya untuk jenis non-subsidi,
tetap terasa buat masyarakat pengguna BBM non-subsidi.

Ongkos logistik naik,
biaya operasional dunia usaha tertekan,
dan harga barang berpotensi merambat naik.

Buat UMKM, para sopir logistik, hingga pekerja harian,
ini","2047297908614308277","","","in","","0","1","1","https://x.com/txtangkringan/status/2047297908614308277","1489658156989190144","txtangkringan"
"2047190075222712791","2026-04-23T05:45:23.000Z","3892","Tuku mau naik harga. dan jujur, wajar banget.

Tuku claimnya pakai 100% biji kopi lokal  dari Gayo, Flores, Bali, Garut, Lintong. artinya tekanan harganya dari dalam negeri sendiri: biaya logistik antar daerah yang naik, biaya energi roasting yang ikut merangkak, nilai tukar yang","2047190075222712791","","","in","","44","49","827","https://x.com/thanksfortodayy/status/2047190075222712791","1060113322668785664","thanksfortodayy"
"2047148172947152988","2026-04-23T03:13:54.000Z","540","@iyntwitt Dia kira kalo BBM non subsidi yang naik, rakyat ga ikutan ngerasain karena ga beli BBM nya.. padahal😮‍💨😮‍💨 lebih sadis efek dominonya kalo dilihat dari rantai distribusi sampe margin gesernya","2047151955060146534","","iyntwitt","in","","2","1","37","https://x.com/mbek_X/status/2047151955060146534","147236376","mbek_X"
"2047126656557736021","2026-04-23T01:33:23.000Z","2","BBM Non-Subsidi naik per April 2026. Pertalite &amp; Biosolar tetap! Masih mau kemakan clickbait? Utas di bawah! 👇""
​#jagaindonesia #BBMNaik #BreakingNews #EkonomiKita #CekFakta https://t.co/tCkJCFoX2S","2047126656557736021","https://pbs.twimg.com/ext_tw_video_thumb/2047126501267791872/pu/img/T1xr_tce7_N20fUF.jpg","","in","","0","0","0","https://x.com/anita_dewi19144/status/2047126656557736021","2008924842742194176","anita_dewi19144"
"2047118937012482430","2026-04-23T01:02:42.000Z","2","BI Hitung Harga BBM Non-Subsidi Naik Sumbang Inflasi 0,04% di April https://t.co/FdmR2etb0S","2047118937012482430","","","in","","0","0","1","https://x.com/cnbcindonesia/status/2047118937012482430","847372542830444544","cnbcindonesia"
"2047117570831229142","2026-04-23T00:57:17.000Z","23","Harga BBM Non Subsidi Naik, Dampaknya Bukan Cuma Buat Orang Kaya, lho...! 🤔

Beberapa saat lalu, pemerintah memutuskan untuk menaikkan harga BBM non subsidi hingga lebih dari 50%, seiring dengan melonjaknya harga minyak dunia...

Pertamax Turbo naik jadi Rp19.400
Pertamina Dex https://t.co/4wKOcYEECz","2047117570831229142","https://pbs.twimg.com/media/HGjSkwCasAAgAk7.jpg","","in","","0","3","13","https://x.com/ferizandra/status/2047117570831229142","80559922","ferizandra"
"2046778500947071382","2026-04-22T19:52:57.000Z","3","@slametksndi @sunflow3rmu @marioledesman @americanoaddctd Bro, yg make BBM non subsidi bkn cuma mobil mewah, genset hajatan sj g boleh pake solar subsidi. Semua mesin industri yg pake BBM itu pake BBM non subsidi. Klo komponen biaya produksi naik otomatis harga produknya jg naik. Paham?","2047040985390338518","","slametksndi","in","","0","0","0","https://x.com/bukan4non/status/2047040985390338518","2148752027","bukan4non"
"2046937069348417590","2026-04-22T13:50:32.000Z","5","@tempodotco Emang harga2 naik karena apa...? truk logistik pake BBM non subsidi dan dibebankan kepada konsumen... 😷","2046949778597261322","","tempodotco","in","","0","0","0","https://x.com/ferizandra/status/2046949778597261322","80559922","ferizandra"
"2046843884882522353","2026-04-22T12:48:44.000Z","5","@dsuperboy Aneh sebelumnya barisan oposisi KW ributin kenapa pemerintah ga naikin BBM saat BBM sedunia naik alasan selametin APBN, kondisi fiskal bla....bla....bla... Giliran dinaikkin pdhl baru BBM non subsidi kembali mode aslinya serang balik pemerintah alasan harga2 pasar ikut naik 😩","2046934228282315109","","dsuperboy","in","","0","0","1","https://x.com/Bhaktismail/status/2046934228282315109","1691077889377345536","Bhaktismail"
"2046876964200632824","2026-04-22T12:42:12.000Z","9","@polisiolahraga Lucu kelakuan para oposisi KW, sebnya ribut kenapa BBM ga naik terus sok peduli kondisi fiskal APBN bla....bla....bla..., giliran dinaikin BBM padahal baru yg non subsidi eh tiba2 serang balik pemerintah alasan inflasi bla.. bla.... Ketahuan mrk cuma mo ribut, ga peduli rakyat","2046932581338542294","","polisiolahraga","in","","0","0","2","https://x.com/Bhaktismail/status/2046932581338542294","1691077889377345536","Bhaktismail"
"2046890536800559260","2026-04-22T09:55:08.000Z","4","Soal harga BBM, yang naik hanya non subsidi, sementara BBM subsidi tetap dijaga untuk rakyat 🔥🇮🇩
#KawalSampai2029
#JakartaKondusifIndonesiaAman
#FYPIndonesia
#TrendingIndonesia
#BBMSubsidiAman https://t.co/RvQtIu8mvr","2046890536800559260","https://pbs.twimg.com/ext_tw_video_thumb/2046890481112739840/pu/img/1icC2dMKZ6w_CvVW.jpg","","in","","0","0","0","https://x.com/PrasetyoArchive/status/2046890536800559260","1723951346934788096","PrasetyoArchive"
"2046880309753630815","2026-04-22T09:14:29.000Z","2","Jangan panik. Kenaikan hanya pada BBM dan LPG non-subsidi, bukan kebutuhan utama rakyat. Pertalite, Biosolar, dan gas 3 kg tetap stabil dan aman. Isu semua harga naik itu tidak benar-tidak perlu panic buying.
#JagaIndonesia #promomakanharian #JagaIndonesia #menuandalan https://t.co/cYc3QCMQj9","2046880309753630815","https://pbs.twimg.com/media/HGf6yhCbgAAI30F.jpg","","in","","0","1","1","https://x.com/YSkyzo8357/status/2046880309753630815","2039292932369342464","YSkyzo8357"
"2046843884882522353","2026-04-22T09:06:49.000Z","3","@dsuperboy Yg pakai mobil BBM non subsidi biasanya boss pengusaha bersama karyawan level atasnya, dan mereka dapat fasilitas mobil dan bbm nya, semua masuk tagihan kantor ke biaya produksi, otomatis harga jual juga naik …..","2046878380621173031","","dsuperboy","in","","0","0","0","https://x.com/ismi_yanto/status/2046878380621173031","864768517","ismi_yanto"
"2046808637281275927","2026-04-22T04:29:41.000Z","0","BBM Non-Subsidi Naik, Bagaimana Nasib Rakyat Papua?

Baca selengkapnya di 👇🏻 atau download app CNBC Indonesia di AppStore dan PlayStore! 
https://t.co/OnqZP6qtw7","2046808637281275927","","","in","","0","0","0","https://x.com/cnbcindonesia/status/2046808637281275927","847372542830444544","cnbcindonesia"
"2046807468597260604","2026-04-22T04:25:03.000Z","31","Orang kaya komplain harga BBM non subsidi naik.

Tenang saja Bu Puan, pemerintah tentu tidak tinggal diam pasti akan mengerahkan segala daya agar dampak dari krisis energi yang terjadi bisa di tekan seminim mungkin. https://t.co/xp0LE8EdL2","2046807468597260604","https://pbs.twimg.com/ext_tw_video_thumb/2046807283846483968/pu/img/TBETRzw8rhbajJp5.jpg","","in","","5","13","5","https://x.com/99propaganda/status/2046807468597260604","1427095335084515333","99propaganda"
"2046785715816817141","2026-04-22T02:58:36.000Z","2","⚠️ KLARIFIKASI HARGA: Yang naik cuma BBM &amp; LPG non-subsidi. Pertalite, Biosolar, gas 3 kg TETAP STABIL! Stok aman, tidak ada kelangkaan. JANGAN PANIC BUYING! #BBM #LPG #HargaStabil #AntiHoax #JagaIndonesia https://t.co/j3hZSv66VN","2046785715816817141","https://pbs.twimg.com/ext_tw_video_thumb/2046785640352944128/pu/img/doXG120nNt3u92OU.jpg","","in","","0","0","1","https://x.com/YKusnayati/status/2046785715816817141","1240681986013847552","YKusnayati"
"2046567508984082572","2026-04-21T13:18:17.000Z","4","@rgoestama ""Kan yg naik BBM non subsidi yang subsidi ga naik. Masih belum ngefek ke pasar"" Geli aku dengar itu berkali-kali 🗿

Padahal sudah hampir semua naik","2046579275181236385","","rgoestama","in","","0","0","0","https://x.com/failedtostate/status/2046579275181236385","1086831063450583042","failedtostate"
"2046571668949307469","2026-04-21T12:48:03.000Z","2","BBM Naik, Barcode Subsidi Diblokir, Akankah Innova Diesel Matic Turun Tahta?

Tahukah Kamu?, OTOMOTIF - Era kejayaan mobil bermesin diesel yang selama ini diagung agungkan tampaknya sedang memasuki masa kritis. Di tengah isu harga BBM yang merangkak naik, dunia otomotif kini https://t.co/WSCiUZIj9H","2046571668949307469","https://pbs.twimg.com/media/HGbiD8MaIAA7wyO.jpg","","in","","0","0","0","https://x.com/TahukahKamuIND/status/2046571668949307469","2036113607671603200","TahukahKamuIND"
"2046540699198263556","2026-04-21T10:45:00.000Z","1","Refleksi tentang euforia Hari Kartini 2026, yang dibayangi kecemasan harga BBM non-subsidi yang naik dan dilema pimpinan daerah. #Headline
https://t.co/7dWCn3EmD2","2046540699198263556","","","in","","0","0","0","https://x.com/kompasiana/status/2046540699198263556","23786106","kompasiana"
"2046536209556799701","2026-04-21T10:27:09.000Z","64","BBM Non Subsidi Pertamax 92, Green 95 bakal naik menyusul Pertamax Turbo 98, Dex, dsn Dexlite.

Golongan menengah - bawah bakal terpukul.

Siap siap gaes... 

Sumber : https://t.co/R1oPm8V3j1 https://t.co/0pNYPsTpBk","2046536209556799701","https://pbs.twimg.com/ext_tw_video_thumb/2046536066606448640/pu/img/Rz2e9rwNlAt92CfP.jpg","","in","","2","14","28","https://x.com/kkmanti/status/2046536209556799701","145120983","kkmanti"
"2046496485957849526","2026-04-21T07:49:18.000Z","4","Harga bensin naik, sembako melambung, gas elpiji ikut naik… tapi gaji kita masih stuck di tempat? 

Semua ada penyebabnya dan ada hal yang harus kalian tau

Kenapa Semua Harga Naik?

1. Bensin (BBM)
Harga minyak mentah dunia melejit karena konflik di Timur Tengah https://t.co/nowVhL4iPv","2046496485957849526","https://pbs.twimg.com/media/HGadnlDaEAA_d99.jpg","","in","","0","2","3","https://x.com/restuufk/status/2046496485957849526","1330271451556032514","restuufk"
"2046444852666339407","2026-04-21T04:24:08.000Z","2","Bahlil Buka Potensi Harga Pertamax Naik Jika Harga Minyak Dunia Terus Naik 

Menteri Energi Sumber Daya dan Mineral (ESDM) Bahlil Lahadalia menyebut adanya potensi kenaikan harga bahan bakar minyak (BBM) non-subdsidi, salah satunya Pertamax. 

Hal itu didasari karena pemerintah https://t.co/h3QlCC3Ba9","2046444852666339407","https://pbs.twimg.com/amplify_video_thumb/2046444527305826304/img/OU93qlU0yW7EOtBn.jpg","","in","","0","0","0","https://x.com/pikiran_rakyat/status/2046444852666339407","58880688","pikiran_rakyat"
"2046422858965103002","2026-04-21T02:56:44.000Z","1","Warga Potensi Beli BBM Subsidi Imbas Non-Subsidi Naik, Bahlil: Apa Tidak Malu?

Menteri Energi dan Sumber Daya Mineral (ESDM) Bahlil Lahadalia menanggapi kemungkinan masyarakat membeli bahan bakar minyak (BBM) subsidi imbas adanya kenaikan harga BBM non-subsidi sejak Sabtu 18 https://t.co/3195OXPHZa","2046422858965103002","https://pbs.twimg.com/amplify_video_thumb/2046422559651221504/img/QeX5kSOcswqEg-Xr.jpg","","in","","0","0","0","https://x.com/pikiran_rakyat/status/2046422858965103002","58880688","pikiran_rakyat"
"2046178396041093149","2026-04-20T19:01:33.000Z","2","@catchmeupco Untung sebelum bbm non subsidi naik, gw udah beli minyak sayur n gula duluan buat stock, soalnya feeling selalu benar bahan pokok bakalan naik.","2046303271674105900","","catchmeupco","in","","0","0","0","https://x.com/jennieJNK__/status/2046303271674105900","264015516","jennieJNK__"
"2046238608705851711","2026-04-20T14:44:36.000Z","2","Kalau mau naik ya naik saja, namanya juga BBM non subsidi. 
Paling juga nanti semua beralih ke BBM subsidi.","2046238608705851711","","","in","","0","0","1","https://x.com/arifin34533/status/2046238608705851711","1420219650231574533","arifin34533"
"2046230555797426295","2026-04-20T14:12:36.000Z","0","DLH Siantar Perketat Konsumsi BBM Armada Sampah setelah BBM Non-Subsidi Naik

https://t.co/iBaXNUn1Jb","2046230555797426295","","","in","","0","0","0","https://x.com/tribunmedan/status/2046230555797426295","142305302","tribunmedan"
"2046224714486644779","2026-04-20T13:49:23.000Z","0","Ahli Beberkan Alasan Kenapa Harga BBM Non Subsidi Harus Naik https://t.co/qKJKWdAJCM","2046224714486644779","","","in","","0","0","0","https://x.com/cnbcindonesia/status/2046224714486644779","847372542830444544","cnbcindonesia"
"2046222353231651141","2026-04-20T13:40:00.000Z","2","Harga Pertamax Tak Naik, Bahlil: Tergantung Harga Minyak Global

Menteri Energi dan Sumber Daya Mineral (ESDM), Bahlil Lahadalia membuka kemungkinan adanya penyesuaian lanjutan harga bahan bakar minyak (BBM) untuk jenis Pertamax.

Adapun, Pertamina pada hari Sabtu (18/4) lalu https://t.co/r9dLbMWlz2","2046222353231651141","https://pbs.twimg.com/media/HGWTpEPbEAAPaXu.jpg","","in","","0","1","1","https://x.com/akuratco/status/2046222353231651141","786549338818224128","akuratco"
"2046208723409125408","2026-04-20T12:50:13.000Z","24","@TxtdariHI kmren siapa yang bacot, BBM non subsidi yang naik ko rakyat miskin yang protes","2046209823658893532","","TxtdariHI","in","","0","1","0","https://x.com/skleteps/status/2046209823658893532","1492479369658642433","skleteps"
"2046190549481496759","2026-04-20T11:33:38.000Z","12","Menteri ESDM Bahlil Lahadalia menegaskan BBM subsidi hanya diperuntukkan bagi masyarakat tidak mampu.

Ia meminta pengguna BBM non subsidi tidak beralih ke subsidi setelah harga naik.

Bahlil menilai tindakan itu sama saja mengambil hak masyarakat kecil yang berhak menerima https://t.co/Nv5CK1rOrh","2046190549481496759","https://pbs.twimg.com/media/HGWHbO0aAAAmVVN.jpg","","in","","4","20","6","https://x.com/tribunnews/status/2046190549481496759","124171593","tribunnews"
"2046189008859042018","2026-04-20T11:27:30.000Z","267","Pemerintah: ""BBM SUBSIDI tidak akan naik.""

This man: *purchasing NON-SUBSIDIZED fuel with higher price while blaming the government* https://t.co/du8aVlBE4T","2046189008859042018","https://pbs.twimg.com/media/HGWFe94bsAANK56.jpg","","en","","1","27","32","https://x.com/Lost_Ataraxia/status/2046189008859042018","1706739906750693376","Lost_Ataraxia"
"2046185433386885559","2026-04-20T11:13:18.000Z","3","kalian tau ga yah bbm non subsidi harganya naik? 🤗","2046185433386885559","","","in","","0","4","0","https://x.com/imsadgurlz/status/2046185433386885559","1281653565925191680","imsadgurlz"
"2046169842361978915","2026-04-20T10:11:21.000Z","55","Memang yang naik BBM dan Gas non subsidi.. Tapi kalau naiknya serentak dan naiknya sebesar ini siapa yang mampu menanggung di tengah kondisi negara yang sedang tidak baik-baik saja?!

Mana naikinnya sok2an ditunda tgl 18 april bukan 1 april lagi. Ga tahu lagi gimana nasib rakyat https://t.co/HIBlbn0of9","2046169842361978915","https://pbs.twimg.com/media/HGV0oNjaoAAciBG.jpg","","in","","0","11","22","https://x.com/PaltiHutabarat/status/2046169842361978915","214159664","PaltiHutabarat"
"2046149829093724606","2026-04-20T08:51:49.000Z","1","Harga BBM Non Subsidi Naik, Ini Penjelasan Bahlil

Baca selengkapnya di 👇🏻 atau download app CNBC Indonesia di AppStore dan PlayStore!
https://t.co/WCTsKXAEJw","2046149829093724606","","","in","","0","0","0","https://x.com/cnbcindonesia/status/2046149829093724606","847372542830444544","cnbcindonesia"
"2046147192394830299","2026-04-20T08:41:20.000Z","4","Harga BBM non-subsidi naik, Anggota Komisi XII DPR RI Fraksi PKS mengingatkan dampak bagi masyarakat bawah beserta beban pada keuangan negara.

#FraksiPKSDPRRI #PKSpembelaRakyat #PKS https://t.co/jvplsoNLxk","2046147192394830299","https://pbs.twimg.com/amplify_video_thumb/2046146534203686912/img/424lJlVS_S-QI6XL.jpg","","in","","0","0","4","https://x.com/FPKSDPRRI/status/2046147192394830299","91255162","FPKSDPRRI"
"2046141462317035969","2026-04-20T08:18:34.000Z","2399","list barang barang yang naik :
- plastikk 
- minyak 
- bbm non subsidi
- airr minum 
besok apalagi nihhh.... https://t.co/e1JBDoGL8N","2046141462317035969","https://pbs.twimg.com/media/HGVa0BJbUAAy7mT.jpg","","in","","90","188","652","https://x.com/LambeSahamjja/status/2046141462317035969","1772323119111487490","LambeSahamjja"
"2046097339937587600","2026-04-20T07:45:04.000Z","2","@SmwGwOto kenaikan harga bbm non subsidi kan nanti ujungnya gak cuma ngaruh buat penggunanya doang kak. harga barang jasa lambat laun akan naik jg. bapak itu valid kok, bener. pemerintah yg salah","2046133028741951537","","SmwGwOto","in","","0","0","0","https://x.com/horcruxsh/status/2046133028741951537","1854511323771736064","horcruxsh"
"2046097339937587600","2026-04-20T07:25:04.000Z","1","@SmwGwOto 100% kejadian di saya.
berkali2.
terakhir tadi malam, tetangg sblh rumah!
😅
dipanggillah saya untuk duduk bareng dia di kursi taman depan rumah kita.
saya ikut aja.
topik: BBM naik.
100% sama spt diatas  bahasannya.
saya jelasin aja pointnya:
1. yg naik itu bbm non subsidi
2.","2046127995828752567","","SmwGwOto","in","","0","1","0","https://x.com/ZimanPargad2/status/2046127995828752567","1692531824508260352","ZimanPargad2"
"2046112500849279202","2026-04-20T06:23:29.000Z","2","Bahlil: BBM Subsidi tak Naik hingga Akhir Tahun

Menteri Energi dan Sumber Daya Mineral (ESDM) Bahlil Lahadalia menyampaikan stok BBM aman hingga setahun ke depan. Hal itu disampaikan Bahlil saat Kursus Pemantapan Pimpinan Daerah (KPPD) Ketua DPRD se-Indonesia di Magelang, Jawa https://t.co/HLoaOqWWes","2046112500849279202","https://pbs.twimg.com/amplify_video_thumb/2046111856956485632/img/3OUuyXLivGZW0nZX.jpg","","in","","0","2","0","https://x.com/mediaindonesia/status/2046112500849279202","68930552","mediaindonesia"
"2046099406320209924","2026-04-20T05:31:27.000Z","107","Harga LPG non subsidi naik
Ini harga agen ya. Harga di pengecer bisa lebih mahal

BBM naik
LPG naik
Sembako naik
Listrik akan naik
Yang turun cuma hujan

😷😷😷 https://t.co/0gmA2HugZB","2046099406320209924","https://pbs.twimg.com/media/HGU0MuCbIAA4ccJ.jpg","","in","","7","19","48","https://x.com/MurtadhaOne1/status/2046099406320209924","1178950184601935873","MurtadhaOne1"
"2045842348685635928","2026-04-20T04:48:58.000Z","3","@tempodotco BBM non subsidi naik yg repot mobil² orang kaya yg mewah itu, tapi gak berlaku buat mobil² pejabat yg mewah, karena bbm nya ditanggung kantor","2046088712401178828","","tempodotco","in","","0","0","0","https://x.com/kangmirdja/status/2046088712401178828","72010193","kangmirdja"
"2046067426132148303","2026-04-20T03:24:23.000Z","16","Dampak Kenaikan harga BBM Non Subsidi dan LPG, sudah mulai dirasakan. Beberapa harga kebutuhan udah mulai naik. 

Kosan kamu dah naik belum??? https://t.co/WVxRYgNuec","2046067426132148303","https://pbs.twimg.com/media/HGUXevJaIAAUvqk.jpg","","in","","0","7","4","https://x.com/MiskinTV_/status/2046067426132148303","1437750326707191812","MiskinTV_"
"2046063845932990659","2026-04-20T03:10:09.000Z","11","Gas non subsidi naik. 
BBM non subsidi meroket. 
Utang makin nyekik. 
Duit pajak habis buat gentong babi. 

Keringat kelas menengah disedot habis. 

Giliran ngritik, dikriminalisasi. 

~mari nikmati penderitaan eh KEMEWAHAN ini.. https://t.co/MY0jRCwv27","2046063845932990659","https://pbs.twimg.com/ext_tw_video_thumb/2046063800357617664/pu/img/s0KuY3JLRec2c7Rr.jpg","","in","","1","2","6","https://x.com/muchlis_ar/status/2046063845932990659","33456112","muchlis_ar"
"2046048888050884954","2026-04-20T02:10:43.000Z","16","Gas non subsidi naik. 
BBM non subsidi meroket. 
Utang makin nyekik. 
Duit pajak habis buat gentong babi. 

Keringat kelas menengah disedot habis. 

Giliran ngritik, dikriminalisasi. 

Lengkap.","2046048888050884954","","","in","","1","4","8","https://x.com/muchlis_ar/status/2046048888050884954","33456112","muchlis_ar"
"2045705905996795993","2026-04-20T02:08:03.000Z","2","@liaasister menaikan harga premium demi menjaga harga dibawahnya perlu dapat apresiasi juga. karena normalnya memang harus naik, agak beresiko kalau gak ada yg naik sementara harga minyak dunia terbang tinggi. 
seingat saya dia cuma bilang jamin bbm subsidi gak naik, yg non tunggu rapat.","2046048216970576113","","liaasister","in","","0","0","0","https://x.com/IntanKintania/status/2046048216970576113","1174216223585964035","IntanKintania"
"2046041127711920280","2026-04-20T01:39:53.000Z","2","IHSG kemarin (17/04) naik tipis 0,17%. Polanya menarik dari sisi teknikal karena membentuk semacam pola bullish flag, di mana IHSG sedang koreksi tetapi tidak volatil.

Yang diharapkan dari pola bullish flag ini adalah IHSG akan tetap terkoreksi normal beberapa hari mendatang, https://t.co/091VC7Q7mZ","2046041127711920280","https://pbs.twimg.com/media/HGT6ev2asAAC8H7.jpg","","in","","0","0","0","https://x.com/LossToProfit/status/2046041127711920280","1707596285543641089","LossToProfit"
"2046040368450539729","2026-04-20T01:36:52.000Z","11","Ada yg nyadari efek Ke Naik An BBM non subsidi ke pengguna BBM subsidi ndakkkk????

Ada kahhh pemilik barcode BBM subsidi tiba"" g bisa digunakan dan harus di update???
Nahhhh kalok posisi di rumah...kalian aman

Tapiiihhhhh.....
Yg lagi dlm perjalanan trus update barcode via https://t.co/uw2iUuA688","2046040368450539729","https://pbs.twimg.com/media/HGT-3cdbIAALffp.jpg","","in","","1","2","8","https://x.com/LexMarteg/status/2046040368450539729","335212065","LexMarteg"
"2046038858320715789","2026-04-20T01:30:52.000Z","4","“Pemerintah DKI Jakarta akan melakukan terobosan agar orang yang menggunakan BBM non-subsidi ini makin berkurang dengan cara mereka untuk mau naik transportasi umum,” ucap Pramono.

Baca di sini: https://t.co/n1vqyG4EiL

~TR #Pramono #KetergantunganBBM https://t.co/dZ6aKo2Ur1","2046038858320715789","https://pbs.twimg.com/media/HGT9Vlsa8AE-bGY.jpg","","in","","0","3","1","https://x.com/kompascom/status/2046038858320715789","23343960","kompascom"
"2046036409384153203","2026-04-20T01:21:08.000Z","35","Habis BBM non subsidi naik
Terbitlah LPG non subsidi naik jugaa

- Jawa, Bali, Nusa Tenggara Barat (NTB)
LPG 5,5 kg: Rp107.000 (naik Rp17.000)
LPG 12 kg: Rp228.000 (naik Rp36.000)

- Sumatera &amp; sebagian Sulawesi
LPG 5,5 kg: Rp111.000
LPG 12 kg: Rp230.000

- Kalimantan &amp; Sulawesi https://t.co/Vi2R0wkTtD","2046036409384153203","https://pbs.twimg.com/media/HGT7Q35akAAq4o0.png","","in","","1","17","12","https://x.com/LambeSahamjja/status/2046036409384153203","1772323119111487490","LambeSahamjja"
"2045687994301223300","2026-04-20T01:04:23.000Z","8","@kompascom goblok kali lah. dia nyadar ga sih kalo industri itu pakainya bbm industri ato non-subsidi? non-subsidi naik ya jelas produk industri ikut naik, termasuk kebutuhan pokok.","2046032195350114474","","kompascom","in","","0","0","0","https://x.com/thechadsenate/status/2046032195350114474","367041082","thechadsenate"
"2046023054883721283","2026-04-20T00:28:04.000Z","2","Yg makan subsidi marah2 karena APBN jebol.
Yg pakai BBM non subsidi marah2 karena harganya naik.

Selama gak ada yg teriak ganti presiden artinya masih aman 😙","2046023054883721283","","","in","","0","1","0","https://x.com/Max_Min83/status/2046023054883721283","1974133393077198848","Max_Min83"
"2045714056263373205","2026-04-19T19:22:54.000Z","2","@Ndons_Back Maunya pemerintahan @prabowo jatuh dengan skema chaos gara2 BBM Non Subsidi naik.","2045946256984518776","","Ndons_Back","in","","0","0","0","https://x.com/Putra_Adi_YM/status/2045946256984518776","276418841","Putra_Adi_YM"
"2045917978454315271","2026-04-19T17:33:38.000Z","5","@idextratime Apakah kalian Arsenal memenangkan sisa laga hahahha🤣🤣
Bensin Arsenal mau habis apa lagi skg BBM non Subsidi pada naik, Arsenal gak punya uang lagi beli stok yg banyak untuk mengarungi sisa laga Hahahha🤣🤣🤣","2045918760444514587","","idextratime","in","","0","0","0","https://x.com/BarCk_14/status/2045918760444514587","1212204099212439553","BarCk_14"
"2045882495825301668","2026-04-19T15:09:32.000Z","0","Pemerintah melalui PT Pertamina Patra Niaga menaikkan harga Liquefied Petroleum Gas atau elpiji non-subsidi tabung 5,5 kg dan 12 kg mulai 18 April 2026. Dikutip dari laman resmi Pertamina Patra Niaga, harga LPG 5,5 kg naik sebesar Rp 17.000 menjadi Rp 107.000 per tabung. https://t.co/9wZUXbZcQ7","2045882495825301668","https://pbs.twimg.com/media/HGRvL5eakAADE9Y.jpg","","in","","0","1","0","https://x.com/RadioElshinta/status/2045882495825301668","121640063","RadioElshinta"
"2045871289433509983","2026-04-19T14:25:00.000Z","3","Harga BBM dan LPG non subsidi naik, tapi daya beli menurun.
Bagaimana cara menyiasatinya, puasa dan WFH aja gitu?
https://t.co/zItIrAoC91","2045871289433509983","","","in","","0","0","2","https://x.com/arifin34533/status/2045871289433509983","1420219650231574533","arifin34533"
"2045871146051264695","2026-04-19T14:24:28.000Z","5","Kalau dilihat dari sisi ekonomi, kenaikan itu memang sulit dihindari. Harga BBM non-subsidi mengikuti pergerakan minyak dunia dan mekanisme pasar. Jadi ketika harga global naik, penyesuaian di dalam negeri jadi konsekuensi yang tidak bisa dihindari. https://t.co/PPsdl7lGbv","2045871155069018532","https://pbs.twimg.com/media/HGRksTWa4AAGmAu.jpg","Dengardengarco","in","","0","0","0","https://x.com/Dengardengarco/status/2045871155069018532","2036773237959589888","Dengardengarco"
"2045842302615310562","2026-04-19T13:40:21.000Z","0","@DanangRvP Sampe ke akar2nya .. BBM non subsidi tidak naik tapi  negara lagi butuh duit untuk membangun, udah bener pak @prabowo rampas balik uang rakyat yang dirampok koruptor 🔥","2045860052779831781","","DanangRvP","in","","0","1","0","https://x.com/Heraloebss/status/2045860052779831781","1251824880967774208","Heraloebss"
"2045847381200052611","2026-04-19T12:50:00.000Z","1","BBM Non-Subsidi Naik, Pramono Dorong Warga Naik Angkutan Umum

https://t.co/TaGBSYHtpS","2045847381200052611","","","in","","2","0","3","https://x.com/TirtoID/status/2045847381200052611","4187275698","TirtoID"
"2045809129349136682","2026-04-19T10:18:00.000Z","24","Kemaren udah tuh bbm non subsidi, lah hari minggu gasnya naik jg. Besok kejutan apalagi nih? 🤪

Jadi gausah heran ntar nasgor langganan jg naek harganya, krna diem diem jg pasti naik semuanya (kecuali gaji kita)~","2045809129349136682","","","in","","0","3","8","https://x.com/txtfromkeuangan/status/2045809129349136682","1590845630037229569","txtfromkeuangan"
"2045808909999550930","2026-04-19T10:17:08.000Z","8","BBM Non Subsidi Yang Seharusnya Naik 1 April Ga Sanggup Lagi Ditahan, Akhirnya Naik Juga.. Padahal sudah bocor harga ini sejak akhir maret.. https://t.co/hDBvncQcxO","2045808909999550930","https://pbs.twimg.com/ext_tw_video_thumb/2045808811324448768/pu/img/C95CW7d8mwEYiIqS.jpg","","in","","0","1","1","https://x.com/PaltiHutabarat/status/2045808909999550930","214159664","PaltiHutabarat"
"2045801221605527693","2026-04-19T09:46:35.000Z","12","Belajar bijak dalam setiap kebijakan yang diambil perintah @prabowo dengan membedakan mana subsidi utk rakyat kecil dan menengah mana yg bukan subsidi

Setelah kenaikan bbm non subsidi 
Pertamax turbo, dex dan dexlite
Yg hrs di garis bawahi jenis BBM no subsidi yg masih tetap https://t.co/jkSV2N5Zgs","2045801221605527693","https://pbs.twimg.com/media/HGQlXmeaoAAjGxr.jpg","","in","","0","3","8","https://x.com/are_inismyname/status/2045801221605527693","1152447574411902977","are_inismyname"
"2045785630417047921","2026-04-19T08:44:37.000Z","1","Bahlil Klaim Harga BBM Non Subsidi Naik karena Mengikuti Harga Pasar: Itu untuk Orang Kaya dan Mampu
 
https://t.co/4PELync2rB lewat @tribunnews","2045785630417047921","","","in","","0","1","0","https://x.com/tribunnews/status/2045785630417047921","124171593","tribunnews"
"2045775573323321577","2026-04-19T08:04:40.000Z","2","BBM non subsidi nqik, disaat mobil mobil harus beli bensin pake barcode, rentan banget dimanipulasi kaya gini.

Akhirnya, dipaksa daftar ulang dengan syarat makin ketat. 

“Orang kaya kok pake subsidi”

Orang orang harus bayar bensin 2x lipat harga biasanya, disaat pemasukan","2045775573323321577","","","in","","0","0","0","https://x.com/alsjournall/status/2045775573323321577","743570501470085120","alsjournall"
"2045739605773951112","2026-04-19T05:41:44.000Z","28","Halah kaum pengguna pertalite marah BBM non subsidi naik.

Ga semua warga miskin korban n baik nih salah satunya","2045739605773951112","","","in","","0","1","3","https://x.com/Ogaman888/status/2045739605773951112","1653767392433147906","Ogaman888"
"2045736729894854864","2026-04-19T05:30:19.000Z","2","YANG MERAYAP DARI SPBU KE PASAR, SIAPA YANG SEBENARNYA MENANGGUNG?

Ada kabar yang kita terima baru saja: Dexlite dan Pertamina Dex naik Rp 9.400 per liter. Pertamax Turbo naik Rp 6.300. Pertalite dan Biosolar tetap.

Ini bukan sekadar benar atau salah menaikkan harga BBM","2045736729894854864","","","in","","0","1","0","https://x.com/davidcornelism/status/2045736729894854864","58117401","davidcornelism"
"2045725363549200725","2026-04-19T05:04:05.000Z","1","@blank0429 BBM non-subsidi naik. Ironinya, anggaran justru byk terserap k program yg tdk jelas. MBG dan Kopdes dgn biaya operasional fantastis malah jd prioritas, sdgkn kompensasi dr kenaikan BBM tdk ada. Rakyat diminta berhemat tp negara malah boros di pos-pos yg tdk menyentuh dapur rakyat","2045730130233119154","","blank0429","in","","0","0","0","https://x.com/ManBehindThe9un/status/2045730130233119154","1500252005930975232","ManBehindThe9un"
"2045684404220293500","2026-04-19T04:43:40.000Z","3","@liaasister ini tipikal orang yg pengen dianggap kaya krn beli pajero.

tadi malam, malam minggu, saya duduk sama client sy dan 2 org koleganya.
bert3 ini org kaya beneran. 
slh satu tmnnya nyeletuk ""oh BBM non subsidi naik tinngi"",
tmn yg satu lg sante jawab, ""waduh, operastional cost","2045724990226739706","","liaasister","in","","0","1","0","https://x.com/ZimanPargad2/status/2045724990226739706","1692531824508260352","ZimanPargad2"
"2045714056263373205","2026-04-19T04:00:13.000Z","31","Katanya rakyat maunya harga BBM stabil.
BBM subsidi nggak naik, tetap ngamuk.
BBM non-subsidi naik, juga ngamuk.

Jadi maunya bijiemana ? Semua murah, tapi negara nggak boleh rugi?
Pingin harga rendah, tapi lupa minyak itu beli dari pasar dunia, bukan dari sumur tetangga.

ini","2045714056263373205","","","in","","2","14","13","https://x.com/Ndons_Back/status/2045714056263373205","1289954556411969537","Ndons_Back"
"2045709252887802263","2026-04-19T03:41:07.000Z","2","Harga Iphone beneran naik per hari ini. Ternyata benar kemarin stok pada habis di Ibox, Digimap, Blibli ternyata harga naik mengikuti harga BBM non subsidi yang sudah naik sebelumnya. Salah satu penyebabnya karena kenaikan Dolar dan harga Ram yang naik. https://t.co/5dJ2bHkUab","2045709252887802263","https://pbs.twimg.com/media/HGPRuYjaYAAOHTm.jpg","","in","","0","0","1","https://x.com/ruudii_h/status/2045709252887802263","241951214","ruudii_h"
"2045700832067514700","2026-04-19T03:07:40.000Z","8","BBM subsidi gak naik harga, ngamuk.
BBM non subsidi naik harga, ngamuk.
Lah trus piye ?? https://t.co/Uiv7l2gpqN","2045700832067514700","https://pbs.twimg.com/media/HGPKDvhaoAAnjik.jpg","","in","","1","3","2","https://x.com/99propaganda/status/2045700832067514700","1427095335084515333","99propaganda"
"2045694257495937163","2026-04-19T02:41:32.000Z","6","oh bbm non subsidi ga ikutan naik
syukurlah, baca berita bbm naik hampir aja gue mau maki2 pmerintah","2045694257495937163","","","in","","0","7","0","https://x.com/elyyyy30/status/2045694257495937163","1335060768291651584","elyyyy30"
"2045407790597013916","2026-04-19T02:01:24.000Z","2","@Ardaffaf Makin valdi ya ternyata yang mencak mencak BBM non subsidi naik itu mereka yang beli BBM masih pake barcode 💀💀","2045684157075030181","","Ardaffaf","in","","0","0","0","https://x.com/s1mple_virus/status/2045684157075030181","1562717876","s1mple_virus"
"2045677719565058379","2026-04-19T01:35:49.000Z","4","Orang tuh suka ngomel2 BBM non subsidi naik blablabla, pemerintah gimana sih gabisa jaga harga BBM ga stabil. Bro gini loh, harga BBM naik itu emang terjadi secara worldwide. Emang kondisi ekonomi global lagi ga baik2 aja. Justru harusnya kita takut kalo subsidi terlalu besar","2045677719565058379","","","in","","0","3","0","https://x.com/mikewazowwska/status/2045677719565058379","1154711848245067776","mikewazowwska"
"2045520156986843439","2026-04-19T01:15:48.000Z","3","@Heraloebss Yg naik yg non subsidi, tetep berimbas ke kenaikan harga kebutuhan pokok lah. Yg namanya BBM itu udh masuk kebutuhan, dan efek kenaikannya ngaruh ke biaya distribusi barang-barang, pada akhirnya harga-harga lain juga ikut naik.

Kurang makro cara berpikir pemerentah","2045672679773196464","","Heraloebss","in","","0","0","0","https://x.com/_owh_gitu_ya_/status/2045672679773196464","1265693146526056449","_owh_gitu_ya_"
"2045666150751854711","2026-04-19T00:49:51.000Z","4","kocak warga indo ini, bbm non subsidi naik dan itu jg yg kena dampak lgsg nya pengguna dex sama pertamax turbo tapi yg berisik malah pengguna pertalite 🤣🤣","2045666150751854711","","","in","","0","0","0","https://x.com/crispyginger00/status/2045666150751854711","1769126081683165184","crispyginger00"
"2045289558955479474","2026-04-19T00:29:06.000Z","3","@MiskinTV_ Leh Agak lain... 😭
BBM non subsidi jelas mobil mewah dan orang Kaya pemilik nya jadi naik berapa pun Gama salah... Koq ada akun X yg Kebakaran jenggot.. 😂🤣😂
Berarti dia orang kaya raya mainan buzzer","2045660926377123876","","MiskinTV_","in","","0","1","0","https://x.com/langitygbiru7/status/2045660926377123876","2004433006661193728","langitygbiru7"
"2045634842214449454","2026-04-18T22:45:27.000Z","1","Harga BBM Non Subsidi Naik, APINDO Kalsel Khawatir PHK di Kalsel Meningkat
 
https://t.co/XWzbMQrkGn via @tribunnews","2045634842214449454","","","in","","1","0","0","https://x.com/tribunnews/status/2045634842214449454","124171593","tribunnews"
"2045633195711025328","2026-04-18T22:38:54.000Z","27","𝘽𝙊𝙊𝙈 ❗
𝙆𝙚𝙣𝙘𝙖𝙣𝙜𝙠𝙖𝙣 𝙞𝙠𝙖𝙩 𝙥𝙞𝙣𝙜𝙜𝙖𝙣 
𝘽𝘽𝙈 𝙣𝙤𝙣 𝙨𝙪𝙗𝙨𝙞𝙙𝙞 𝙉𝘼𝙄𝙆 

𝙋𝙚𝙧𝙩𝙖𝙢𝙖𝙭 𝙏𝙪𝙧𝙗𝙤 
𝙍𝙥 13.000 👉 𝙍𝙥 19.400

𝘿𝙚𝙭𝙡𝙞𝙩𝙚 
𝙍𝙥 14.200 👉 𝙍𝙥 23.600

𝙋𝙚𝙧𝙩𝙖𝙢𝙞𝙣𝙖 𝘿𝙚𝙭
𝙍𝙥 14.500 👉 𝙍𝙥 23.900

𝙋𝙚𝙧 18 𝘼𝙥𝙧𝙞𝙡 2026 https://t.co/FS6q6IdJXE","2045633195711025328","https://pbs.twimg.com/media/HGOMjCZacAAHsDf.jpg","","in","","2","10","21","https://x.com/RstmBcl/status/2045633195711025328","1385449485472395271","RstmBcl"
"2045564613463548302","2026-04-18T18:06:23.000Z","2","strategi buzzer mengadapi backlash harga pertamax turbo dan beberapa bbm non-subsidi lainnya naik ini lucu bgt deh

""gak mampu beli pertamax turbo aja protes.""
""yang kaya pada gak komplen, yang orang susah malah komplen.""
""kalian bukan target pasar pertamax turbo kan, kok marah.""","2045564613463548302","","","in","","0","1","1","https://x.com/noahmhndr/status/2045564613463548302","1780112162331238400","noahmhndr"
"2045528652667097475","2026-04-18T15:43:29.000Z","49","Sah ya pemerintah resmi menaikkan BBM... Hanya saja tidak seperti harapan para bangsat bangsa Krn yang dinaikkan 3 jenis BBM non subsidi :
Pertamax turbo
Pertamax dex
Dexlite

Agak menarik kenapa 3 jenis BBM tsb yang dinaikkan harganya, pemerintah pasti punya alasan tersendiri https://t.co/hnJwy3TDbh","2045528652667097475","https://pbs.twimg.com/media/HGMtdRLaAAAyEO0.jpg","","in","","5","57","16","https://x.com/are_inismyname/status/2045528652667097475","1152447574411902977","are_inismyname"
"2045512129714004227","2026-04-18T14:37:50.000Z","59","Hadeuhhh, Chaplin bikin gaduh aja 😅

Apa karena cuma BBM non subsidi yg naik?
Maunya dia naik semua.","2045512129714004227","","","in","","1","14","4","https://x.com/Franken_blues/status/2045512129714004227","1301242545888849921","Franken_blues"
"2045478730613641469","2026-04-18T14:02:44.000Z","20","@tanyarlfes Zaman sekarang ini beneran unpredictable. Konflik geopolitik di Timur Tengah langsung nendang ke dompet kita di Indonesia, padahal kita bukan pihak langsung. Subsidi BBM pemerintah tetep dijaga buat yang rakyat biasa, tapi yang non-subsidi (premium/diesel berkualitas tinggi)","2045503297617084533","","tanyarlfes","in","","0","1","0","https://x.com/mlinjhosanasini/status/2045503297617084533","1471847990075613192","mlinjhosanasini"
"2045499686765683049","2026-04-18T13:48:23.000Z","11","PT Pertamina (Persero) akhirnya melakukan penyesuaian harga dengan menaikkan harga sejumlah produk BBM non-subsidi, antara lain yakni Pertamax Turbo, Dexlite, dan Pertamina Dex mulai hari ini, Sabtu, 18 April 2026.

Berdasarkan laman resmi Pertamina, tercantum bahwa harga https://t.co/VHfp1EFsMn","2045499686765683049","https://pbs.twimg.com/media/HGMTICJXgAAaNKS.jpg","","in","","1","2","6","https://x.com/VIVAcoid/status/2045499686765683049","41730943","VIVAcoid"
"2045315854683050074","2026-04-18T13:00:33.000Z","1","@marvelle_danny Aku ga kaya sih, tapi dulu mampu beli pertamax waktu harga masih 10rb, tapi setelah naik jadi 12rb akhirnya pindah ke pertalite, nah skrg orang yang kaya beneran atau yang agak mepet apa masih mau pake BBM non-subsidi setelah harganya naik?","2045487649016938915","","marvelle_danny","in","","0","1","0","https://x.com/0Shaleh/status/2045487649016938915","1453360520187166726","0Shaleh"
"2045433438052946347","2026-04-18T12:55:41.000Z","3","@Sammi86Pilang Baguslah non subsidi naik drastis .Trimakasih pemerintah naikan BBM  NON SUBSIDI . Yg protes orang TOLOL ngantri pertalite tapi Pertamax turbo naik ikut ribuut .lha yg pake Pertamax Turbo aja gak ribut .Elo goblok juga https://t.co/AOo39GPyZw","2045486424422838633","https://pbs.twimg.com/media/HGMHEEJbUAA2su0.png","Sammi86Pilang","in","","0","3","2","https://x.com/rakumza/status/2045486424422838633","1977711632127315968","rakumza"
"2045434967719821416","2026-04-18T11:54:21.000Z","117","@Aerio_Id pengguna bbm subsidi jangan senang dulu, kayak gak tahu permainan pemrintah aja
sekarang yang naik non subsidi, bulan depan giliran sibsidi naik","2045470989530927497","","Aerio_Id","in","","0","5","0","https://x.com/Medic_boy/status/2045470989530927497","1145876896279719936","Medic_boy"
"2045354421698335146","2026-04-18T11:39:10.000Z","1","@tempodotco Pertamax, bbm non subsidi, yg tdk naik harga  spt pertalite..mencurigakan nih..jgn2 ini bener pertamax itu pertalite varian warna biru 🤣🤣🤣🤣","2045467168268316705","","tempodotco","in","","0","1","0","https://x.com/puturizki/status/2045467168268316705","147329133","puturizki"
"2045461587755172259","2026-04-18T11:17:00.000Z","35","BBM non subsidi naik, bukan berarti yg menderita orang orang kaya, kita semua kan kena dampaknya, aku dan bosku yg asal Palembang ini lagi mikir operasional kantor ke depannya https://t.co/VXJNjUAFgA","2045461587755172259","https://pbs.twimg.com/media/HGLweDpagAAZPVr.jpg","","in","","0","5","1","https://x.com/ur__imagination/status/2045461587755172259","1609381371042201602","ur__imagination"
"2045289558955479474","2026-04-18T11:12:49.000Z","6","@MiskinTV_ @Pak_JK usul menaikan harga BBM subsidi dinaikan dan lue diem/budeg/picek/tuli dan dungu. Giliran BBM subsidi hrg tetap yg naik non subsidi mendengung kek Lalat Sampah","2045460536037695828","","MiskinTV_","in","","0","0","0","https://x.com/Angkasa_Kosong/status/2045460536037695828","1967298660187947008","Angkasa_Kosong"
"2045456647091519989","2026-04-18T10:57:22.000Z","15","Setelah bbm non subsidi naik apa lagi kira kira yang bakalan naik ya. Jadi inget lagu iwan yang ngga merdu.","2045456647091519989","","","in","","0","12","2","https://x.com/WarBananaReborn/status/2045456647091519989","4811616558","WarBananaReborn"
"2045450912215531694","2026-04-18T10:34:34.000Z","20","Gue kira BBM non subsidi naik bakal berdampak ke logistik kan. Kalo sesuai peraturan ini tentang siapa siapa aja yang berhak pake BBM subsidi, harusnya logistik ga terdampak gasih? https://t.co/coLXQM1hd9","2045450912215531694","https://pbs.twimg.com/media/HGLmwwXa0AAnlpV.jpg","","in","","1","8","0","https://x.com/alsjournall/status/2045450912215531694","743570501470085120","alsjournall"
"2045449949404704793","2026-04-18T10:30:45.000Z","0","https://t.co/3RfdwFWzRI","2045449949404704793","","","zxx","","0","1","0","https://x.com/jawapos/status/2045449949404704793","2392460208","jawapos"
"2045440613349494787","2026-04-18T09:53:39.000Z","17","Harga BBM non subsidi naik saat harga minyak dunia anjlok di bawah 100 US Dollar..

Kenapa malah kebalik-balik gini?! https://t.co/fOYb2Uw96Z","2045440613349494787","https://pbs.twimg.com/media/HGLdZfLaAAA5dp_.jpg","","in","","0","4","7","https://x.com/PaltiHutabarat/status/2045440613349494787","214159664","PaltiHutabarat"
"2045338762079858734","2026-04-18T09:46:54.000Z","2","@Jumianto_RK Masa BBM nonsubsidi harus di subsidi juga?
Lagian kan kita pakenya pertalite dan harga pertalite ga naik, pemerintah juga kan bilangnya BBM subsidi ga akan naik ya memang ga naik yang naik yang non subsidi.
Dan memang harus begitu","2045438916799644031","","Jumianto_RK","in","","0","0","0","https://x.com/keluarga_sultan/status/2045438916799644031","1720792024352468992","keluarga_sultan"
"2045302829385236752","2026-04-18T09:34:02.000Z","1","@insidefolkative Terakhir beli pertalite, subsidi perliter sudah lebih dari 6000. Jadi wajar sih bila non subsidi baik banyak. 

Pertamax harusnya juga sudah naik, tapi sepertinya ditahan dulu supaya pemakai bbm non subsidi tidak berpindah ke subsidi.","2045435678348177861","","insidefolkative","in","","0","1","0","https://x.com/josetya/status/2045435678348177861","15253543","josetya"
"2045434303614689585","2026-04-18T09:28:34.000Z","2","harga bbm non subsidi naik per hari ini:

• pertamax turbo: 13.100 → 19.400 (naik 48%)
• pertamina dex: 14.500 → 23.900 (naik 65%)
• dexlite: 14.200 → 23.600 (naik 66%)

yang subsidi kayak pertalite sama pertamax ga berubah, jadi buat transportasi harian harusnya aman

tapi https://t.co/AMYE1McsXH","2045434303614689585","https://pbs.twimg.com/media/HGLXqOeaUAAkWDr.png","","in","","0","3","0","https://x.com/itsdizcorvus/status/2045434303614689585","1760135143078141952","itsdizcorvus"
"2045338762079858734","2026-04-18T09:26:38.000Z","2","@Jumianto_RK Biasanya akan ad penyesuaian Harga awalnya BBM non Subsidi Naik Tinggi,lalu Mobil2 akan Beli yg Subsidi dgn Kuota Terbatas akhirnya Subsidi di Naikkan jg pdhl Harga Minyak Dunia ud turun.malahan Minyak Russia &amp; Iran lbh Murah tp King Indo lbh suka Dr Arab &amp; US","2045433814701478079","","Jumianto_RK","in","","0","0","0","https://x.com/Andhika60250823/status/2045433814701478079","1392780793500430341","Andhika60250823"
"2045384355783364903","2026-04-18T09:11:39.000Z","32","@Ardaffaf kemarin minta naik, skrg beneran naik marah. puyeng. udh bener ini langkah pemerintah, yang non subsidi BBM high quality yang naik, biar roda ekonomi gak keguncangan-guncang amatt","2045430044290646375","","Ardaffaf","in","","0","0","11","https://x.com/hujanyangturun_/status/2045430044290646375","710280429442441216","hujanyangturun_"
"2045425293117268282","2026-04-18T08:52:46.000Z","22","BBM non Subsidi sudah naik, dan naiknya ngak kaleng2.

Tetep eling lan waspodo🙏🏼","2045425293117268282","","","in","","0","4","0","https://x.com/Jateng_Twit/status/2045425293117268282","785145642","Jateng_Twit"
"2045376640017158619","2026-04-18T08:41:16.000Z","3","@0htjit Saya di sisi yg setuju BBM non subsidi naik kalo engga bisa jebol APBN buat subsidi tapi di lain sisi efeknya akan dirasakan semua lapisan. Termasuk MBG","2045422396761678101","","0htjit","in","","0","0","0","https://x.com/Karajgom/status/2045422396761678101","1603903350885339136","Karajgom"
"2045376640017158619","2026-04-18T08:25:09.000Z","34","@0htjit Masih ngumpulin receh di wallet aja sok ngatain gini. Tau efek domino ga? Dikira BBM non subsidi naik segitu gedenya gak akan ngefek ke harga kebutuhan pokok.","2045418344346734945","","0htjit","in","","0","1","2","https://x.com/Ans37035/status/2045418344346734945","1651228477524172802","Ans37035"
"2045416487461253397","2026-04-18T08:17:47.000Z","2","Breaking News 🚨🚨 BBM subsidi masih belum naik tapi BBM non subsidi sudah mulai naik.

Pertamax dari harga Rp. 12,390/liter jadi Rp. 12,900/liter
Pertamax Turbo dari harga Rp. 12,930/liter jadi Rp. 19,400/liter
Dexlite dari harga Rp. 14,200/liter jadi Rp. 23,200/liter 

ini https://t.co/yK9RnvpxaI","2045416487461253397","https://pbs.twimg.com/media/HGLHc6ibgAAe0J9.jpg","","in","","1","0","0","https://x.com/CryOn_ShinChann/status/2045416487461253397","3194990894","CryOn_ShinChann"
"2045339746495500549","2026-04-18T08:02:45.000Z","3","@marvelle_danny Pertalite naik.nggak...? Yg naik bbm buat yg non subsidi, narasinya seragam.... dr kakak pembina yaa","2045412704295539106","","marvelle_danny","in","","0","0","0","https://x.com/noegroho_basuki/status/2045412704295539106","1603591247825752064","noegroho_basuki"
"2045338503740006566","2026-04-18T07:56:42.000Z","2","@rsngprad jelas lah... BBM non subsidi itu yg dipke perusahaan2 gede, harga produksi naik...brg makin mahal. Klo yg subsidi naik jg... pengaruhnya ke distribusi barangnya...harga naik lagi. Jd bakal ada kenaikan harga 2x, produksi dan distribusi. 😭https://t.co/pZsQp1pNLV","2045411184082628814","","rsngprad","in","","0","0","0","https://x.com/OpiniMerah/status/2045411184082628814","1385196487982739467","OpiniMerah"
"2045354421698335146","2026-04-18T07:16:39.000Z","6","@tempodotco Mantap, pengguna BBM non subsidi dipastikan akan meningkat, kebutuhan BBM subsidi juga pasti akan meningkat, stok tdk mencukupi, apbn TDK kuat nutupi BBM subsidi, akhirnya BBM subsidi, mau TDK mau harus naik. Dinegeri ini yg murah hanya menipu rakyat.","2045401102930284795","","tempodotco","in","","0","1","0","https://x.com/Imam_Widodo_/status/2045401102930284795","975744916738400257","Imam_Widodo_"
"2045344471941075343","2026-04-18T07:03:33.000Z","3","@Jakartalk Bbm subsidi gk naik, yg non naik.. nanti dlapangan bbm subsidi dbikin langka dan dgn sndiriya masyarakat beralih ke non subsidi.. dan pmerintah Mash bs bacarita ke masyarakat klo bbm gk naik dan efekya ke survey2 klo tngkat kpuasan Mash di atas 80%. Brdasarkan pngalaman yg udah2","2045397806722974025","","Jakartalk","in","","0","0","0","https://x.com/ToyoAjjah/status/2045397806722974025","941243715946930176","ToyoAjjah"
"2045354421698335146","2026-04-18T07:03:02.000Z","4","@ririprj @tempodotco Bep, org2 yg kebiasa pake dex, turbo dll tu kemungkinan downgrade ke bbm subsidi-nya, kecil bgt. Krn mikir faktor 'kerusakan' pda mesin kendaraan mereka. Lagian, user bbm non subisidi kebnyakan Orang Ada. Naik 10ribu bukan hal berat buat mereka..","2045397678159487462","","sukasantap","in","","0","4","0","https://x.com/kuahsotoenakkkk/status/2045397678159487462","231323375","kuahsotoenakkkk"
"2045339746495500549","2026-04-18T06:53:11.000Z","2","@marvelle_danny Yang naik BBM non subsidi pula , bensin orang kaya yang di ributin oleh pengguna pertalite, 
Tapi kan tapi kan nanti ada efek domino nya loh dari kenaikan ini kata pengamat ekonomi yang baru di karbit","2045395199774617790","","marvelle_danny","in","","0","1","0","https://x.com/hnldbus/status/2045395199774617790","1330815770","hnldbus"
"2045355655557775859","2026-04-18T06:52:36.000Z","4","@AkilaNazaffu Bro itu BBM non subsidi gk berdampak langsung ke APBN
Kenyataan yg sering terjadi di lapangan BBM non subsidi naik maka yg subsidi akan langka 
Mudah2 an tidak akan terjadi","2045395052265116086","","AkilaNazaffu","in","","0","3","0","https://x.com/immanuel_padang/status/2045395052265116086","2855167291","immanuel_padang"
"2045394520540623260","2026-04-18T06:50:29.000Z","14","Harga BBM Non Subsidi Naik, Perrtamax dan Dexlite Nyaris Rp 24 Ribu per Liter https://t.co/Ze0AYMErQH","2045394520540623260","","","in","","0","0","12","https://x.com/OposisiCerdas/status/2045394520540623260","887743587579944960","OposisiCerdas"
"2045354421698335146","2026-04-18T06:48:12.000Z","2","@tempodotco Udahlah beli bbm non subsidi kena pajak, pajak kendaraan juga mahal, maintenance ke bengkel kita bayar pakek duit sendiri, ketika ada pergantian part ya sparepartnya dipajakin

Feedback nya cuma harga bbm naik sama jalan berlubang

Pantes masuk neraka si lu wok @prabowo","2045393944805318831","","emyr_za1","in","","1","1","1","https://x.com/emyr_za1/status/2045393944805318831","1504627720915132416","emyr_za1"
"2045365703642091540","2026-04-18T06:43:56.000Z","84","@nozelism Ada aturannya kalo perusahaan swasta (industri) wajib pake bbm non subsidi. Pembuatan di industri pake bbm non subsidi. Transportasi angkut pake bbm non subsidi. Biaya operasional meningkat otomatis harga barang akan naik. https://t.co/hZhzV4aRvp","2045392869834510513","https://pbs.twimg.com/media/HGKx-M-aMAA1fDL.jpg","nozelism","in","","1","4","15","https://x.com/merrrcury/status/2045392869834510513","493843506","merrrcury"
"2045389550537658420","2026-04-18T06:30:45.000Z","5","Kata siapa kemaren ngga bakal naik, uangnya subsidi habis buat pesta ultah 🤣

HARGA BBM NON SUBSIDI RESMI NAIK.

Pertamax Turbo:
Rp13.100 → Rp19.400 (48,1%)

Dexlite:
Rp14.200 → Rp23.600 (66,2%)

Pertamina Dex:
Rp14.500 → Rp23.900 (64,8%) https://t.co/C407tkHcYT","2045389550537658420","https://pbs.twimg.com/media/HGKu9MfaIAAC7bV.jpg","","in","","1","0","3","https://x.com/NenengAnj4r/status/2045389550537658420","1629410522918428673","NenengAnj4r"
"2045338762079858734","2026-04-18T06:14:32.000Z","2","@Jumianto_RK Wajar kalau BBM non subsidi naik, BBM orang kaya, menyesuaikan harga minyak dunia, yg penting BBM subsidi tdk naik sampai akhir tahun.","2045385472109924468","","Jumianto_RK","in","","0","0","2","https://x.com/streetlawyers85/status/2045385472109924468","1423349409840975873","streetlawyers85"
"2045351045178806680","2026-04-18T06:05:54.000Z","22","@marvelle_danny Masih relevan dgn twit Pak Danny terkait kenaikan BBM yg teriak2 yg pakai pertalite walupun yg naik non subsidi 🤣","2045383300756418625","","marvelle_danny","in","","0","1","0","https://x.com/polisiolahraga/status/2045383300756418625","2459065278","polisiolahraga"
"2045322915655409740","2026-04-18T06:03:10.000Z","2","@sigitwid BBM non-subsidi naik drastis. Distribusi logistik, transportasi barang, dan operasional usaha banyak bergantung pada non-subsidi. Ujungnya? Harga-harga tetap ikut terdorong naik. https://t.co/N1Fl0Wwjdd","2045382610994794684","https://pbs.twimg.com/media/HGKopUnbsAA0Hks.jpg","sigitwid","in","","0","1","0","https://x.com/Dihandri1/status/2045382610994794684","1287191143571025921","Dihandri1"
"2045382477720760494","2026-04-18T06:02:38.000Z","12","Harga BBM Non Subsidi Plat Merah per tanggal 18 April ini naik gila-gilaan, meski Pertamax 92 dan Green 95 tetap. 

Untung semalem (bener2 semalem) sempet isi Pertamax Turbo full tank masih harga normal, bukan karena tau mau naik, tapi karena memang indikator BBM sudah kedip2 https://t.co/Tw975670K4","2045382477720760494","https://pbs.twimg.com/media/HGKoSUuagAAvdxR.jpg","","in","","0","4","3","https://x.com/rasjawa/status/2045382477720760494","10024342","rasjawa"
"2045382108777230566","2026-04-18T06:01:10.000Z","304","kemarin BBM ga naik pada komplain mengenai fiskal, APBN tekor dll.

nah skrg Non Subsidi naik gila gilaan kalian komplain juga. 

padahal mah bbm naik g naik, udah tekor duluan kita sebagaii warga negara Indonesia.","2045382108777230566","","","in","","1","23","30","https://x.com/pinkbourbon8898/status/2045382108777230566","1491279245783408645","pinkbourbon8898"
"2045381829864325142","2026-04-18T06:00:04.000Z","1","Jadi maunya gimana? Disatu sisi gak suka BBM non subsidi naik, tapi protes juga BBM subsidi gak naik. 

Maunya apa sih??? Bahkan untuk beroposisi pun anda gak konsisten.","2045381829864325142","","","in","","0","0","0","https://x.com/sunggul/status/2045381829864325142","215194862","sunggul"
"2045374019172737177","2026-04-18T06:00:03.000Z","16","@SarjanaEksu Banyak lho rakyat kita masih susah bedakan BBM Non Subsidi dan yang Bersubsidi. 

Udah jelas lho statement pemerintah kemarin meyakinkan, bahwa BBM SUBSIDI tidak akan naik sampai akhir tahun.","2045381825334583493","","SarjanaEksu","in","","0","2","0","https://x.com/NanuWisnu/status/2045381825334583493","117685474","NanuWisnu"
"2045289558955479474","2026-04-18T05:53:57.000Z","2","@MiskinTV_ Kan udh dibilangin dari awal bln april pemerintah jamin bbm subsidi gak naik sampai akhir tahun, bbm non subsidi mengikuti harga minyak dunia. Jadi buzzer pake data juga kali","2045380289703424420","","MiskinTV_","in","","0","2","0","https://x.com/AMuhammad2425/status/2045380289703424420","1766310939689910272","AMuhammad2425"
"2045365703642091540","2026-04-18T05:51:30.000Z","4","@nozelism Yg naik banyak harga solar non subsidi, naik 70%. Mungkin pengguna mobil bensin masih agak lega melihat pertamax 92 tidak naik harga. 

Tapi para pengguna fortuner, pajero sport, Mitsubishi Triton, land cruiser, Mercedes Benz diesel, BMW diesel yaaahh semoga masih ikhlas semakin","2045379676126998648","","nozelism","in","","0","0","0","https://x.com/13_iwaN/status/2045379676126998648","78260254","13_iwaN"
"2045379474666246211","2026-04-18T05:50:42.000Z","6","Per 18.04.26
HARGA BBM NON SUBSIDI RESMI NAIK.

√ Dexlite (CN 51) melonjak paling tinggi, dari Rp14.200 menjadi Rp24.150 per liter naik 70,7%.

√ Pertamina Dex yang melejit 68,62% ke Rp24.450 per liter, 

√ Pertamax Turbo (RON 98) yang naik 51,53% menjadi Rp19.850 per liter. https://t.co/4NAbECl4rp","2045379474666246211","https://pbs.twimg.com/media/HGKlyhIakAAGZO6.jpg","","in","","1","4","2","https://x.com/Boediantar4/status/2045379474666246211","1383750727575605257","Boediantar4"
"2045379469008113728","2026-04-18T05:50:41.000Z","4","harga BBM non subsidi naik ges
sumber : detikfinance https://t.co/54GoBQK2vp","2045379469008113728","https://pbs.twimg.com/media/HGKlyJFbsAA2vxd.jpg","","in","","0","2","0","https://x.com/AyanggaHK/status/2045379469008113728","1356430404","AyanggaHK"
"2045379190195892560","2026-04-18T05:49:34.000Z","7","Hari ini BBM non Subsidi resmi naik, shock banget liat Pertamina Dex. Biasanya hanya golongan menengah kebawah yang kena imbas, sekarang golongan keatas yang kena imbas dari perekonomian. 

Menurut kalian BBM Subsidi akan menyusul naik apa engga? https://t.co/IBE6mKX108","2045379190195892560","https://pbs.twimg.com/media/HGKlGFyaAAA8ybo.png","","in","","0","8","4","https://x.com/ursunnymorn/status/2045379190195892560","1912089815245639680","ursunnymorn"
"2045378201153933820","2026-04-18T05:45:39.000Z","63","Yang Naik BBM Non Subsidi, tapi gw sangat yakin bakal berimbas ke kenaikan harga barang/jasa yang lain.

Emang keputusan yang sulit buat pemerintah. Tapi sebenernya ada yang anggaran yang perlu juga dievaluasi yaitu: MBG.","2045378201153933820","","","in","","0","18","7","https://x.com/MiskinTV_/status/2045378201153933820","1437750326707191812","MiskinTV_"
"2045375378337014245","2026-04-18T05:44:05.000Z","2","@insidefolkative middle class kebawah hampir ngga ada perubahan signifikan, cuma yang sebelumnya sering pakai bbm non subsidi, pasti mikir berkali kali untuk beli di harga yang hampir naik 1/2 harga itu 🫡","2045377809640763416","","insidefolkative","in","","0","0","0","https://x.com/umbihombes/status/2045377809640763416","3274886424","umbihombes"
"2045376239100457464","2026-04-18T05:37:51.000Z","3","Pengguna pertalite protes BBM non subsidi naik. Gimana gak goblog SDM nya.","2045376239100457464","","","in","","0","0","0","https://x.com/Imade_kun/status/2045376239100457464","1248255233433546754","Imade_kun"
"2045357465777434981","2026-04-18T05:35:54.000Z","2","@tatangberkutang @indepenSumatera Mikir gak kalo harga bahan bakunya (minyak mentah) aja udah naik lebih gila2an lagi?

Itu BBM non subsidi lho ya.

Masih bagus dikasih bonus Pertamax &amp; Green harganya juga ditahan.","2045375749906198853","","tatangberkutang","in","","0","0","0","https://x.com/odjie85/status/2045375749906198853","263083069","odjie85"
"2045315854683050074","2026-04-18T05:33:24.000Z","5","@marvelle_danny Lu pikir bbm non subsidi naik trus harga2 gak ikutan naik. Entah naif entah tolol lu","2045375121817469124","","marvelle_danny","in","","0","0","0","https://x.com/ImminentAdi/status/2045375121817469124","1954354960323497984","ImminentAdi"
"2045374510300643427","2026-04-18T05:30:59.000Z","136","Udah bener itu BBM Non Subsidi naik. Karena memang price marketnya tinggi. 

Langkah tepat juga pertalite ditahan tetap 10.000 biar inflasi bisa terkendali.

Dan pertamax, dibikin naik tipis biar konsumen ga switch ke pertalite semua yg bisa bikin pertalite langka.","2045374510300643427","","","in","","3","11","28","https://x.com/txtdaritaxpayer/status/2045374510300643427","1547362092684288000","txtdaritaxpayer"
"2045374218960076833","2026-04-18T05:29:49.000Z","21","Harga BBM non subsidi naik trus marah.

Ya WAJAR DONG BLOG KLO NAIK NAMANYA JG NON SUBSIDI

SALAHIN SETANYAHU YANG HORNY BANGET NGAJAK IRAN PERANG","2045374218960076833","","","in","","0","1","2","https://x.com/SarjanaEksu/status/2045374218960076833","310396237","SarjanaEksu"
"2045373482524094639","2026-04-18T05:26:54.000Z","2","Hari ini BBM Non Subsidi naik:
Pertamax Turbo 
dari Rp13.100 jadi Rp19.400
  
Dexlite
dari Rp14.200 jadi Rp23.900

selanjutnya apakah ga menutup kemungkinan yang subsidi seperti Pertalite dan Pertamax kedepannya akan naik juga?
Menurut kalian gimana? https://t.co/V8mC2lSf8y","2045373482524094639","https://pbs.twimg.com/media/HGKft7jasAAUfAF.jpg","","in","","0","1","0","https://x.com/restuufk/status/2045373482524094639","1330271451556032514","restuufk"
"2045373347505246286","2026-04-18T05:26:21.000Z","37","Pertamina menaikan harga BBM non Subsidi.

Pertamax Turbo (Ron 98) - naik⬆️
Rp 13.100 jadi Rp 19.400
Dexlite -naik⬆️
Rp 14.200 jadi Rp 23.600
Pertamina Dex  - naik⬆️
Rp 14.500 jadi Rp 23.900
Pertamax - tetap↔️
Rp 12.300 jadi Rp 12.300
Pertalite - Tetap ↔️
Rp 10.000 - Rp 10.000 https://t.co/ZNg5TxGRdl","2045373347505246286","https://pbs.twimg.com/ext_tw_video_thumb/2045373302236164096/pu/img/mIc6B2pH2suL5MZr.jpg","","in","","2","12","9","https://x.com/sharpandshark/status/2045373347505246286","1628338800362672128","sharpandshark"
"2045372308769198421","2026-04-18T05:22:14.000Z","2","BBM non subsidi naik gila-gilaan dibarengi erupsi gunung Semeru. 

Industri di Lumajang-Malang sedang menangis dan diselimuti abu vulkanik. 

Yang diatas berpesta sedangkan yang dibawah terkena bencana. 

Nasib jadi WNI harus bisa cari makan sendiri. https://t.co/hFOxRWKSXL","2045372308769198421","https://pbs.twimg.com/media/HGKfRH7aoAIdGm_.jpg","","in","","0","0","0","https://x.com/pilubos/status/2045372308769198421","1278543920457121792","pilubos"
"2045372080091288053","2026-04-18T05:21:19.000Z","2","Pertamina baru aja naikin harga beberapa BBM non-subsidi secara cukup tajam. Pertamax Turbo langsung loncat dari Rp13.100 jadi Rp19.400 per liter. Dexlite naik dari Rp14.200 menjadi Rp23.600, dan Pertamina Dex dari Rp14.500 ke Rp23.900. Sementara Pertalite dan Biosolar tetap aman","2045372080091288053","","","in","","0","0","0","https://x.com/bennyhawe/status/2045372080091288053","1501483864363048961","bennyhawe"
"2045367876581044251","2026-04-18T05:04:37.000Z","12","orang² yang ngakunya intelektual di X [citation needed] marah² ketika bbm non-subsidi naik, mereka mengaku kasihan dengan beban yang diranggung rakyat 🥲

sebelumnya mereka juga gelisah harga bbm tidak naik, karena kasihan dengan APBN yang harus menanggung itu semua 🥲","2045367876581044251","","","in","","0","2","3","https://x.com/Milantoon/status/2045367876581044251","1443773694346555393","Milantoon"
"2045365703642091540","2026-04-18T05:03:33.000Z","8","@nozelism Menurut gue, mengingat ada beberapa kendaraan yang sebenarnya bisa pake BBM subsidi tapi karena usernya orang kaya mereka pake yang non subsidi, karena non subsidinya naik begini mereka pindah ke subsidi juga.","2045367607793193419","","nozelism","in","","0","2","0","https://x.com/nova_dharma_pm/status/2045367607793193419","1832604236166975488","nova_dharma_pm"
"2045289558955479474","2026-04-18T05:02:55.000Z","2","@adrianusagi @MiskinTV_ Sebelum nyap nyap mbok ya mikir dulu bang. Turbo itu non subsidi kan? Untuk mobil mewah kan? Alhamdulillah dong ya baru naik sekarang turbo-nya, ketika BBM negara-negara lain udah naik dari bulan lalu.","2045367449936372196","","adrianusagi","in","","0","1","0","https://x.com/odjie85/status/2045367449936372196","263083069","odjie85"
"2045337995361030604","2026-04-18T04:58:27.000Z","6","@unmagnetism yg lucu tuh yg naik BBM non subsidi, tapi barang barang ikutan naik dengan alasan Logistik, padahal logistik tuh minum solar subsidi.","2045366323186995250","","unmagnetism","in","","0","1","0","https://x.com/OverseasIndomie/status/2045366323186995250","1239164655920005120","OverseasIndomie"
"2045365703642091540","2026-04-18T04:55:59.000Z","17244","“yaelah bbm non subsidi doang yg naik, ga ngaruh ke gw”

Yang naik emg bkn subsidi, tp bbm non subsidi dipake sektor logistik dan industri. Ongkos kirim naik —&gt; biaya produksi naik —&gt; harga barang ikut naik. Ujungnya ya kita ttp kena dampak.","2045365703642091540","","","in","","143","206","7192","https://x.com/nozelism/status/2045365703642091540","1650324820402520065","nozelism"
"2045363959818293757","2026-04-18T04:49:03.000Z","418","BBM Subsidi gak naik, sedangkan yang non-subsidi naik gila gilaan.

Kira kira, apa ya yang dikorbankan dari gak naiknya BBM non-subsidi?","2045363959818293757","","","in","","4","61","54","https://x.com/txtdrbekasi/status/2045363959818293757","1251309931493355522","txtdrbekasi"
"2045363531227550146","2026-04-18T04:47:21.000Z","2","pak bahlil blg bbm tidak akan naik, nyatanya bbm non subsidi naik perhari ini

kalo bos saya kebalik, tahun lalu bilang katanya gaji naik nyatanya sampe perhari ini ga naik naik wkwkw","2045363531227550146","","","in","","0","0","0","https://x.com/_ahmdrafli_/status/2045363531227550146","2209995242","_ahmdrafli_"
"2045329045450322057","2026-04-18T04:36:12.000Z","12","@Teramat_ @ezash @lovamarciano Jangan berfikir bahwa bbm non subsidi gk naik, gak akan mempengaruhi hal yg lain. Tetep aja pasti punya domino effect.","2045360724944564670","","Teramat_","in","","0","2","1","https://x.com/diovergen/status/2045360724944564670","845856658014167040","diovergen"
"2045306071615783078","2026-04-18T04:35:30.000Z","27","@hrdbacot Ciyeee biar inget terus ma ultah Bunted, senegara dikasih harga bbm non subsidi naik

Hahahahhaa","2045360549228323127","","hrdbacot","in","","0","0","1","https://x.com/fat_bry/status/2045360549228323127","133069071","fat_bry"
"2045357554201723170","2026-04-18T04:23:36.000Z","2","Gesss di catat yaaa yang naik BBM non-subsidi, jangan mau di adu domba yakkk https://t.co/KdHYOBkwBz","2045357554201723170","https://pbs.twimg.com/media/HGKR2m7bkAACHTD.jpg","","in","","2","1","0","https://x.com/Duniawni/status/2045357554201723170","1555872859360489472","Duniawni"
"2045329496535117911","2026-04-18T04:20:48.000Z","24","@bigdigjohnny Kok Tolol kau @bigdigjohnny 

BBM yg mahal kan non subsidi, wajar ikut harga dunia. Justru aneh kalo Bbm PERTAMAX DEX ditahan harganya &amp; harus disubsidi silang oleh pertamina. Memank harus naik..

Dan itupun kenaikanya masih lebih murah dari Bbm Non subsidi dikawasan asean.","2045356849747337343","","bigdigjohnny","in","","0","4","0","https://x.com/MasQomaru/status/2045356849747337343","1603237585434075137","MasQomaru"
"2045354769787822153","2026-04-18T04:12:32.000Z","23","Resmi per 18 April 2026 harga BBM Non Subsidi Pertamina Turbo, Dex dan Dexlite naik 😳😱 Sedangkan Pertamax &amp; Green terpantau masih sama 👀 

Turbo 13100 &gt; 19400
Dex 14500 &gt; 23900
Dexlite 14200 &gt; 23600

Kemungkinan jika Pertamax naik bakal ke 18500 dari 12300 🫠🫠 https://t.co/L7fxUCWSnO","2045354769787822153","https://pbs.twimg.com/media/HGKPUwFbkAMg1cW.jpg","","in","","0","12","3","https://x.com/kalistohenituse/status/2045354769787822153","1478639074038607872","kalistohenituse"
"2045352369047871591","2026-04-18T04:03:00.000Z","7","✅ RESMI : Harga 3 jenis BBM non subsidi naik drastis per hari ini. 

Pertamax 12.300 &gt; 12.300
Pertamax Green 95 12.900 &gt; 12.900
Pertamax Turbo 13.100 &gt; 19.400
Dexlite 14.200 &gt; 23.600
Pertamina Dex 14.500 &gt; 23.900
Tebak apa yang akan naik ? Atau ada yg hrganya sudab naik duluan?","2045352369047871591","","","in","","0","4","2","https://x.com/notfound7_/status/2045352369047871591","118598090","notfound7_"
"2045350231722844567","2026-04-18T03:54:30.000Z","15","Pasti berat bagi pemerintah manaikkan BBM non subsidi. Tapi apresiasi karena pertalite dan partamax tidak naik. Kelas menengah tetap dijaga. 

Tapi jalan menanjak masih panjang. Pemerintah punya jendela sempit menaikkan pertumbuhan ekonomi di atas 5%. Tidak mudah tapi wajib","2045350231722844567","","","in","","1","16","2","https://x.com/MardaniAliSera/status/2045350231722844567","122020937","MardaniAliSera"
"2045349766629036191","2026-04-18T03:52:39.000Z","20","Harga BBM non subsidi: Pertamax Turbo, Dex dan Dexlite naik per hari ini. 

Pertamax Turbo: 13.100 &gt;&gt; 19.400
Dexlite: 14.200 &gt;&gt; 23.600
Dex: 14.500 &gt;&gt; 23.900

Untuk pertamax dan pertalite masih tetap harga lama

https://t.co/z4THd1Ozu2","2045349766629036191","","","in","","2","0","9","https://x.com/infomalang/status/2045349766629036191","107412668","infomalang"
"2045348685555650758","2026-04-18T03:48:22.000Z","3","Karena pabrik2 mesin semua industri rata rata gapake bbm non subsidi.. ini berdampak ke banyak hal. Bahan pokok naik dan efisiensi kantor bakal diperketat..","2045348685555650758","","","in","","0","0","0","https://x.com/bbluueeyy/status/2045348685555650758","1979059142242504704","bbluueeyy"
"2045329045450322057","2026-04-18T03:47:58.000Z","359","@ezash @hrdbacot BBM non subsidi naik hampir bersamaan dengan Selat Hormuz dibuka. Bukan ahli ekonomi, tapi semoga aja kenaikan ini cuman sementara karena costnya tinggi juga ke logistik","2045348587136270585","","ezash","in","","2","8","24","https://x.com/TxtdariHI/status/2045348587136270585","1292806214955307010","TxtdariHI"
"2045347319760183683","2026-04-18T03:42:56.000Z","2701","✅ RESMI : Harga 3 jenis BBM non subsidi naik drastis per hari ini. 

Pertamax 12.300 &gt; 12.300
Pertamax Green 95 12.900 &gt; 12.900
Pertamax Turbo 13.100 &gt; 19.400
Dexlite 14.200 &gt; 23.600
Pertamina Dex 14.500 &gt; 23.900","2045347319760183683","","","in","","62","162","238","https://x.com/idextratime/status/2045347319760183683","1222927522033094656","idextratime"
"2045289558955479474","2026-04-18T03:41:08.000Z","3","@MiskinTV_ Non subsidi mengikuti harga minyak dunia. Jadi sangat wajar harga BBM non subsidi naik. Malah aneh kalo BBM non subsidi yg seharusnya buat orang yg mampu malah ikut disubsidi.","2045346865366151235","","MiskinTV_","in","","0","0","0","https://x.com/hguyandi/status/2045346865366151235","1929123134","hguyandi"
"2045345095411777820","2026-04-18T03:34:06.000Z","54","Bbm subsidi gak naik, bbm non subsidi naik dratis🔥 https://t.co/PCkPqCyvEc","2045345095411777820","https://pbs.twimg.com/media/HGKGhXNacAAm2jd.jpg","","in","","2","8","6","https://x.com/trunkszoldyck/status/2045345095411777820","1764105665180794880","trunkszoldyck"
"2045344471941075343","2026-04-18T03:31:37.000Z","7","Cerdas! Strategi pemerintah menahan subsidi pertalite supaya harga jual ke masyarakat “miskin” tetap stabil itu langkah cerdas. 

Menurut keyakinan saya, mereka menaikan BBM non-subsidi secara ugal-ugalan untuk menutupi membengkaknya subsidi untuk pertalite. Karena jelas pengguna https://t.co/uvrVCaEGS6","2045344471941075343","https://pbs.twimg.com/media/HGKF9Iya0AAzslX.jpg","","in","","2","4","4","https://x.com/Jakartalk/status/2045344471941075343","788195689","Jakartalk"
"2045344109028937899","2026-04-18T03:30:10.000Z","5","Non subsidi udah pasti naik, lagian juga kayak lu pada beli aja. Biasa beli pertalite sok ributin bbm non subsidi.","2045344109028937899","","","in","","0","0","0","https://x.com/Imade_kun/status/2045344109028937899","1248255233433546754","Imade_kun"
"2045337641613410606","2026-04-18T03:14:47.000Z","2","@habolabo Harga bbm non subsidi  naik bang😊🙏","2045340235110986152","","habolabo","in","","0","1","0","https://x.com/eviy86/status/2045340235110986152","2032255716086718464","eviy86"
"2045339467012272177","2026-04-18T03:11:44.000Z","1","BBM non-subsidi Pertamina resmi naik mulai hari ini — Pertamina Dex meroket jadi Rp 23.900 per liter. Penyesuaian yang perlu diantisipasi pengguna BBM non-subsidi. #BBM #Pertamina https://t.co/n1lLfXW7JI","2045339467012272177","","","in","","0","0","0","https://x.com/merdekadotcom/status/2045339467012272177","456426648","merdekadotcom"
"2045338971350409295","2026-04-18T03:09:45.000Z","6","Update harga BBM Non subsidi

Pertamax naik dikit. 
Pertamina Dex naik hampir 2x lipat. https://t.co/376gXwdRRw","2045338971350409295","https://pbs.twimg.com/media/HGKA9JgakAANzSV.jpg","","in","","0","2","3","https://x.com/SerieA_Lawas/status/2045338971350409295","984842900","SerieA_Lawas"
"2045338558832185555","2026-04-18T03:08:07.000Z","2","Yg naik banyak harga solar non subsidi, naik 70%. Mungkin pengguna mobil bensin masih agak lega melihat pertamax 92 tidak naik harga. 

Tapi para pengguna fortuner, pajero sport, Mitsubishi Triton, land cruiser, Mercedes Benz diesel, BMW diesel yaaahh semoga masih ikhlas semakin","2045338558832185555","","","in","","0","4","0","https://x.com/13_iwaN/status/2045338558832185555","78260254","13_iwaN"
"2045338503740006566","2026-04-18T03:07:54.000Z","71","Ini BBM Non Subsidi kan naik nih, kira-kira bakal berdampak ga ke kalian?

Baik secara langsung atau tidak langsung","2045338503740006566","","","in","","7","85","3","https://x.com/rsngprad/status/2045338503740006566","1449369160534749191","rsngprad"
"2045337995361030604","2026-04-18T03:05:53.000Z","1183","harga bbm non subsidi naik 
tebak apa yg ikutan naik juga?","2045337995361030604","","","in","","39","375","56","https://x.com/unmagnetism/status/2045337995361030604","843269533930405888","unmagnetism"
"2045337474285834252","2026-04-18T03:03:49.000Z","2","Gila narasinya, kan yang naik non subsidi BBM orang kaya.

Kemarin suruh naik sekarang naik protes nya buat BBM non subsidi

Yang protes paling kencang yang pakai pertalite...","2045337474285834252","","","in","","0","1","0","https://x.com/hnldbus/status/2045337474285834252","1330815770","hnldbus"
"2045336100005413270","2026-04-18T02:58:21.000Z","312","Buset dah.. harga minyak dunia pelan-pelan udah turun karena war mulai reda, ini malah naikin harga BBM

""Bang, tapi kan yang naik cuma non-subsidi""

Iya paham, tapi liat persentase naiknya

Dexlite dari 14.200 langsung loncat ke 23.600, itu naik 66% sendiri

Impactnya https://t.co/gPAue1NIp1","2045336100005413270","https://pbs.twimg.com/media/HGJ85I3aQAALmwI.png","","in","","6","38","73","https://x.com/satyaXBT/status/2045336100005413270","3169172777","satyaXBT"
"2045332790863069205","2026-04-18T02:45:12.000Z","2","Harga 3 jenis BBM Pertamina resmi naik mulai hari ini. BBM subsidi tidak ikut naik, tapi varian non-subsidi mengalami penyesuaian. Cek rinciannya sebelum ke SPBU. #BBM #Pertamina https://t.co/kTRxlkGUlt","2045332790863069205","","","in","","0","0","0","https://x.com/liputan6dotcom/status/2045332790863069205","47596019","liputan6dotcom"
"2045331259791159782","2026-04-18T02:39:07.000Z","3","Kenapa naiknya sangat tinggi sekali??

Selain faktor utama harga minyak dunia yang lagi naik, faktor lainnya karena pemerintah nerapin subsidi silang. Margin keuntungan dari penjualan BBM non-subsidi yang harganya dilepas ke pasar tujuannya buat jaga arus kas supaya tetap bisa","2045331259791159782","","","in","","0","1","0","https://x.com/iniabangbaik/status/2045331259791159782","3116644084","iniabangbaik"
"2045330948317909431","2026-04-18T02:37:53.000Z","3","Harga BBM Non Subsidi Naik, Pertamax Turbo dan Dexlite Nyaris Rp24 Ribu per Liter
https://t.co/FqlGHFWZ2W","2045330948317909431","","","in","","0","0","1","https://x.com/geloraco/status/2045330948317909431","3319260420","geloraco"
"2045328155989377187","2026-04-18T02:26:47.000Z","2","BBM Non-Subsidi Naik Gila-Gilaan! Pertamax Turbo Tembus Rp19.400 per Liter https://t.co/ILlfOUPYyT lewat @KanalnewsC #hargabbmnaik #bbmnonsubsidi","2045328155989377187","","","in","","0","0","0","https://x.com/amelamalia2088/status/2045328155989377187","1334483117172670470","amelamalia2088"
"2045327254323069290","2026-04-18T02:23:12.000Z","30","Alhamdulillah
Berkat kepiawaian bahlil. Maka harga BBM bersubsudi tdk naik.

Klo ada yg ngegas bilang hari ini BBM naik, tinggal ngeles aja, yg naik kan yg non subsidi.

Klo nanti BBM subsidi hilang dari SPBU, tinggal ngeles lagi: kan masih ada yg non
😏
https://t.co/1Cwef3lrmc https://t.co/I3gSlhUO8u","2045327254323069290","https://pbs.twimg.com/media/HGJ2TF_a4AAqq9U.jpg","","in","","1","12","10","https://x.com/KangSemproel/status/2045327254323069290","963751550","KangSemproel"
"2045325682801360975","2026-04-18T02:16:57.000Z","23","Harga BBM Non Subsidi Naik per 18 April 2026 https://t.co/v9XSR4BOVz","2045325682801360975","https://pbs.twimg.com/media/HGJ03crakAAWdMZ.jpg","","in","","1","2","8","https://x.com/Jateng_Twit/status/2045325682801360975","785145642","Jateng_Twit"
"2045297807083634704","2026-04-18T02:15:37.000Z","2","@myron_pi Kemarin kan dia ngomong, harga BBM subsidi tidak akan naik. Yg dinaikin yg non subsidi 😅","2045325347672281538","","myron_pi","in","","0","0","0","https://x.com/SeekHustle/status/2045325347672281538","1581659741712896000","SeekHustle"
"2045322915655409740","2026-04-18T02:05:58.000Z","31","Angkat topi untuk pemerintahan Prabowo-Gibran yang tetap menjaga harga Bio Solar, Pertalite, dan BBM non-subsidi hingga RON 95 tidak naik di tengah gejolak geopolitik dunia saat ini.

Negara terus hadir untuk menjaga dan melindungi rakyat. 👍 https://t.co/ZOqW4ti3ql","2045322915655409740","https://pbs.twimg.com/media/HGJyN3SbUAAIBKC.jpg","","in","","2","25","12","https://x.com/sigitwid/status/2045322915655409740","168082298","sigitwid"
"2045322760520626188","2026-04-18T02:05:21.000Z","225","Dampak kenaikan BBM non Subsidi yang menurut gw kenaikannya cukup drastis:
- Beberapa pengguna akan beralih ke BBM non Subsidi atau mencampur.
- karena kenaikan permintaan dan penggunaan, pertalite jd langka.
- Anggaran pemerintah tak kuasa membendung subsidi, akhirnya naik jg https://t.co/8QwpUTkAbd","2045322760520626188","https://pbs.twimg.com/media/HGJyNi6bwAAsq96.jpg","","in","","5","69","48","https://x.com/MiskinTV_/status/2045322760520626188","1437750326707191812","MiskinTV_"
"2045318094542049373","2026-04-18T01:46:48.000Z","55","Resmi nih per 18 April 2026, harga BBM non-subsidi naik
Yang naik itu Pertamina Turbo, Dex, sama Dexlite, sedangkan Pertamax &amp; Green masih aman (belum berubah)

Update harganya:
Turbo: 13.100 ➝ 19.400
Dex: 14.500 ➝ 23.900
Dexlite: 14.200 ➝ 23.600 https://t.co/lNGJX4y9Qo","2045318094542049373","https://pbs.twimg.com/media/HGJt9zHbwAAHkJa.jpg","","in","","6","11","12","https://x.com/LambeSahamjja/status/2045318094542049373","1772323119111487490","LambeSahamjja"
"2045314158858785040","2026-04-18T01:31:10.000Z","14","Beberapa Minggu lalu Bisa nahan Harga BBM 

sempat dijadikan BAHAN COLI manusia  Hina Buzzer rupiah anjing

Abis ini mau alasan apalagi ? Mau Alesan yg naik BBM NON SUBSIDI ?

Lagu laguan dukung BBM NAIK inget pernah Ditahap Nipu dan jual kesedihan hanya untuk makan sehari hari https://t.co/qsL7SnKPvb","2045314158858785040","https://pbs.twimg.com/media/HGJqY2ka0AEXk5K.jpg","","in","","2","2","11","https://x.com/Catatan_ali7/status/2045314158858785040","1133311906976952320","Catatan_ali7"
"2045305267676733653","2026-04-18T00:55:50.000Z","49","RON 92 kebawah harganya tetap, diatas RON 92 naik.

BBM diesel non subsidi naik semua. https://t.co/x2K3HxyoBZ","2045305267676733653","https://pbs.twimg.com/media/HGJiTWGaQAAKtl-.jpg","","in","","4","6","8","https://x.com/SmwGwOto/status/2045305267676733653","853206219611185152","SmwGwOto"
"2045304421979193351","2026-04-18T00:52:28.000Z","6","BBM non Subsidi sudah naik gaeeeeesss! Berkat Baginda Bahlil. 

BBM = Bahan Bakar Mahal
BBB = Berkat Baginda Bahlil https://t.co/fqcPtnkwLh","2045304421979193351","https://pbs.twimg.com/media/HGJhiHdawAAaljJ.jpg","","in","","0","6","0","https://x.com/_katakita08/status/2045304421979193351","1263493933146886145","_katakita08"
"2045298327986868671","2026-04-18T00:28:15.000Z","3763","🚨 NAIK DRASTIS! Per 18 April 2026, harga bensin non-subsidi melonjak lebih dari 50%, mengikuti harga minyak dunia.

Hari ini, kenaikan dialami oleh BBM nonsubsidi Pertamina:

Pertamax Turbo = Rp13.100 ⏩️ Rp19.400
DexLite = Rp14.200 ⏩️ Rp23.600
Pertamina Dex = Rp14.500 ⏩️ https://t.co/VJTm97oNdB","2045298327986868671","https://pbs.twimg.com/media/HGJaKxXbkAA43y_.jpg","","in","","533","203","1192","https://x.com/LambeResing/status/2045298327986868671","1268958732794261505","LambeResing"
"2045297807083634704","2026-04-18T00:26:11.000Z","49","🚨 BREAKING 🚨

HARGA BBM NON SUBSIDI RESMI NAIK.

Pertamax Turbo:
Rp13.100  → Rp19.400 (48,1%)
Dexlite:
Rp14.200 → Rp23.600 (66,2%)
Pertamina Dex:
Rp14.500 → Rp23.900 (64,8%)","2045297807083634704","","","in","","4","19","12","https://x.com/SeekHustle/status/2045297807083634704","1581659741712896000","SeekHustle"
"2045297057989284207","2026-04-18T00:23:13.000Z","44","❗BBM non-subsidi Pertamina naik ❗

Diam-diam, Pertamina menaikkan harga Pertamax Turbo jadi 19.400 (+48%), Dexlite 23.900 dan Dex 23.600 (+64%).

Tadi malam, Iran sudah membuka selat Hormuz utk umum dan harga $USOIL ambrol -12% ke angka 83 https://t.co/h4R5WM7QOV","2045297057989284207","https://pbs.twimg.com/media/HGJa1fHbAAARA_u.jpg","","in","","1","0","7","https://x.com/SobatBandar/status/2045297057989284207","1409160713252179975","SobatBandar"
"2045295546324373509","2026-04-18T00:17:12.000Z","19","Cuma di konoha BBM non subsidi naik, ketika selat hormuz di buka kembali, dan harga minyak dunia sedang turun.

Udah kuduga cuma ngabisin stock lama aja itu kemarin-kemarin. https://t.co/Y8KEqptfHW","2045295546324373509","https://pbs.twimg.com/media/HGJZdfdaoAAhg6G.jpg","","in","","0","9","4","https://x.com/Kingskayl/status/2045295546324373509","1835667958221447168","Kingskayl"
"2045285346800525724","2026-04-17T23:36:40.000Z","18","Harga BBM non subsidi naik per 18 April 2026. 
Ini mah bukan naik tapi ganti harga 😁😁

Bukannya kapan hari ada yang bilang jangan naikkan harga secara berlebihan ya? 😁😁 https://t.co/NPdv8irO60","2045285346800525724","https://pbs.twimg.com/media/HGJQLZ8bUAAHY_w.jpg","","in","","1","14","4","https://x.com/yusufgunawan/status/2045285346800525724","78619866","yusufgunawan"
"2045280088565157978","2026-04-17T23:15:47.000Z","25","Sesuai dugaan, bbm non subsidi akhirnya naik harganya. Pertamax naik tp gak se tinggi kenaikan si Turbo, mencegah user Pertamax pd pindah ngisi Pertalite.

Krn pasti beban subsidi di Pertalite skrg pasti udah ngos2an bgt.","2045280088565157978","","","in","","0","7","7","https://x.com/rgoestama/status/2045280088565157978","53322619","rgoestama"
"2045271151132418234","2026-04-17T22:40:16.000Z","21","Ini serius bbm non subsidi pertamax turbo naiknya sampai 19.400 😭 tiba tiba bgt perasaan kmaren blm naik https://t.co/HwTu0fcyHS","2045271151132418234","https://pbs.twimg.com/media/HGJDRgLa0AA-6wa.jpg","","in","","0","28","5","https://x.com/usercyclop/status/2045271151132418234","605822383","usercyclop"
"2045074284343865443","2026-04-17T09:37:59.000Z","1","BBM subsidi dijamin tidak naik — tapi bagaimana dengan harga Pertamax dan BBM non-subsidi lainnya? Jawaban yang dinantikan jutaan konsumen. #BBM #Pertamax #Energi https://t.co/fjITnpbK4H","2045074284343865443","","","in","","0","0","0","https://x.com/liputan6dotcom/status/2045074284343865443","47596019","liputan6dotcom"
"2045044439039840734","2026-04-17T07:39:24.000Z","0","https://t.co/QjGFR3AcnD","2045044439039840734","","","zxx","","0","0","0","https://x.com/jawapos/status/2045044439039840734","2392460208","jawapos"
"2044759417820971144","2026-04-17T01:44:28.000Z","2","@Jordameds @are_inismyname @prabowo @gibran_tweet @99propaganda @BANGSAygSUJUD @FDonghun @florieliciouss @Kimberley_PS08 @DarekaRendy @IrawanRommi @coldbrew165 @kiwalipitu Kapan naik harga BBM non-subsidi (seperti Pertamax, Pertamax Green, Pertamax Turbo, Dexlite, dan Pertamina Dex) tidak naik per April 2026 

Emang kendaraan umum pakai pertamax, pertamax Turbo, Dexlite?","2044955121046716631","","Jordameds","in","","0","2","1","https://x.com/Ndons_Back/status/2044955121046716631","1289954556411969537","Ndons_Back"
"2044940773708455984","2026-04-17T01:12:31.000Z","3","@KawitSaja87137 @SungaiNil3 Ha ha 😂 

Daripada dibikin pusing baoak raja, mending nonton ""Senin Harga Naik"" bro! Sebelum BBM non-subsidi naik.","2044947078074503657","","KawitSaja87137","in","","0","2","1","https://x.com/eddesign_/status/2044947078074503657","325599485","eddesign_"
"2043614054917509369","2026-04-13T08:55:33.000Z","39","Aneh kalo banyak komentator musiman, pengamat musiman bikin narasi Indonesia chaos, inflasi tinggi,harga BBM subsidi naik.
Mereka ini sebenarnya waras ato tdk sih?
Seskab Teddy jelasin harga BBM subsidi tdk naik, non subsidi relatif stabil. Ini bukan omon², ini fakta dilapangan. https://t.co/HstbJb9lHX","2043614054917509369","https://pbs.twimg.com/ext_tw_video_thumb/2043614001574330368/pu/img/vO71WbctisU9E_N_.jpg","","in","","0","15","22","https://x.com/tomatskillo/status/2043614054917509369","1834223664105226242","tomatskillo"
"2042909271067856931","2026-04-11T10:15:00.000Z","1","Menteri Energi dan Sumber Daya Mineral (ESDM) Bahlil Lahadalia mengatakan, rencana kenaikan BBM nonsubsidi hingga saat ini masih dalam kajian pemerintah. Meskipun harga minyak dunia telah menyentuh USD100 per barel. 

Bahlil menuturkan, pembahasan terkait penyesuaian harga BBM https://t.co/EvSlBuhoTc","2042909271067856931","https://pbs.twimg.com/media/HFnOyD4akAUZKRo.jpg","","in","","0","1","0","https://x.com/idx_channel/status/2042909271067856931","4755284968","idx_channel"
"2042398105904332948","2026-04-10T00:23:49.000Z","1","Kalian ngerasa juga kah, makin ke sini, pertalite sering gak tersedia dia SPBU? Yang sering tersedia justru Pertamax. Kemarin di sepanjang jalan dari Semarang-Kendal, hanya ada satu SPBU yg menyediakan pertalite, dan itu antrinya sudah kayak naga Kaido. 

Apakah ada indikasi https://t.co/CLJ1PBRSTM","2042398105904332948","https://pbs.twimg.com/media/HFgN7PnboAATsyU.jpg","","in","","0","0","1","https://x.com/miqbalhm1/status/2042398105904332948","599068566","miqbalhm1"
"2042092833751073202","2026-04-09T04:10:46.000Z","9","Dear Pak @prabowo 

Mau mengingatkan saja nih kalau #APBN adalah uang pajak rakyat. Jika defisit melebar dan utang bertambah, pada akhirnya rakyat juga yang akan menanggung bebannya.

Nah, untuk itu, pemerintah perlu menyiapkan strategi yang lebih rasional, bukan sekadar","2042092833751073202","","","in","","0","0","1","https://x.com/IESR/status/2042092833751073202","72763910","IESR"
"2041822884243632470","2026-04-09T01:15:56.000Z","4","@angga_fzn Bbm non subsidi itu gk naik y karena bumn waktu minyak dunia harganya anjlok bumn gk nurunin harga bbm. Untungnya gede. Skrng gantian","2042048836160647437","","angga_fzn","in","","0","0","0","https://x.com/gen_Z_speak/status/2042048836160647437","1826168680050470914","gen_Z_speak"
"2041517210611728883","2026-04-08T14:05:49.000Z","3","@frdzlhkmm @Yulcandothis @KkkMirul0441 @indepenSumatera mlydesh jg kena tipu anwar. Pertamina ada skandal tp takde naik harga petrol di indo. Indo impor bbm dr malaydesh tp indo takde naik harga bbm subsidi &amp; non subsidi sedangkan mlydesh eksportir bbm tp naikan harga bbm, pembelian bbm dibatasi &amp; kuota dikurangi, how GOBLOK is that😂","2041880193481240806","","frdzlhkmm","in","","0","0","0","https://x.com/BoloneWilliam/status/2041880193481240806","1754128523877658624","BoloneWilliam"
"2041488742364618903","2026-04-08T05:33:19.000Z","3","@b0nnysidharta Ya emang tugas pemerintah itu ngakalin BBM bersubsidi biar gak naik cil ataupun kalo naik gak bikin rakyat tercekik.
Kalo plastik + BBM non subsidi mengikuti harga bahan baku lahhh otaknya dimana 
Gitu aja gak bisa mikir","2041751219572765118","","b0nnysidharta","in","","0","0","0","https://x.com/inisayasendiril/status/2041751219572765118","1115546450354561024","inisayasendiril"
"2041493710207418716","2026-04-07T16:26:29.000Z","69","@_n0t4lfiaccount Kalau BBM subsidi semakin dibatasi &amp; harga non subsidi naik (apalagi kalau langka), prediksi gue kita akan melihat trend kriminalitas baru: Begal bensin, terutama pada motor dan mobil yang diparkir di area sepi.","2041553205348491283","","_n0t4lfiaccount","in","","0","1","0","https://x.com/reversiblefigs/status/2041553205348491283","1821752683906396162","reversiblefigs"
"2041014422030938174","2026-04-07T03:50:04.000Z","2","@flowerbean_I Betul, BBM non-subsidi bakal ikut fluktuasi harga minyak dunia. Mei 2026 kemungkinan besar naik harganya.

Kalau global lagi mahal, pasti pertamax Cs naik. Susah kalau maksa nahan harga pertamax Dkk. Bakal berat ke APBN.","2041362848841159069","","flowerbean_I","in","","0","2","0","https://x.com/mesatu_/status/2041362848841159069","1990614200331472896","mesatu_"
"2041103897306218985","2026-04-06T10:41:05.000Z","15","BBM SUBSIDI TIDAK AKAN NAIK SAMPAI AKHIR TAHUN 2026.

Menteri Keuangan (Menkeu) Purbaya Yudhi Sadewa menegaskan bahwa harga Bahan Bakar Minyak (BBM) bersubsidi akan tetap stabil dan tidak mengalami kenaikan hingga akhir tahun ini, meskipun harga minyak dunia tengah naik akibat https://t.co/X7eceIYZs9","2041103897306218985","https://pbs.twimg.com/ext_tw_video_thumb/2041103860752896000/pu/img/SaLzaeBC71d060HG.jpg","","in","","0","5","7","https://x.com/NenkMonica/status/2041103897306218985","1040306964100669440","NenkMonica"
"2041089307642147023","2026-04-06T09:43:07.000Z","62","1. BBM subsidi tidak naik sampai Desember. Artinya BBM non-subsidi akan mengikuti harga pasar alias naik
2. Harga Avtur menyesuaikan pasar, ada bantuan pemerintah 9-13% dari harga tiket. Artinya harga tiket pesawat akan naik.

https://t.co/P0C4LH2nMh","2041089307642147023","","","in","","6","10","8","https://x.com/yanzero_/status/2041089307642147023","14119874","yanzero_"
"2041086125385936959","2026-04-06T09:30:28.000Z","4","Purbaya menegaskan bahwa pemerintah siap menjaga harga BBM subsidi tidak naik hingga akhir tahun. Hal ini menjadi komitmen untuk melindungi masyarakat dari dampak fluktuasi harga minyak dunia.

Ia menjelaskan bahwa kebijakan ini hanya berlaku untuk BBM subsidi. Harga BBM https://t.co/3TJUfQadR6","2041086125385936959","https://pbs.twimg.com/media/HFNk-6TbUAAeBVp.jpg","","in","","0","2","0","https://x.com/tribunnews/status/2041086125385936959","124171593","tribunnews"
"2041083657675534442","2026-04-06T09:20:40.000Z","1","Menteri Keuangan (Menkeu) Purbaya Yudhi Sadewa memastikan harga Bahan Bakar Minyak (BBM) bersubsidi tidak akan naik, hingga akhir tahun ini, meskipun harga minyak dunia terus meningkat akibat perang Iran - Irael - AS. Dalam rapat di DPR hari ini, Purbaya juga menyinggung ada https://t.co/E7e6SZPRFc","2041083657675534442","https://pbs.twimg.com/media/HFNiwYmbsAALD79.jpg","","in","","0","0","0","https://x.com/RadioElshinta/status/2041083657675534442","121640063","RadioElshinta"
"2038977242748056050","2026-03-31T13:50:31.000Z","4","Menteri Energi dan Sumber Daya Mineral (ESDM), Bahlil Lahadalia, secara resmi mengumumkan bahwa pemerintah belum akan melakukan penyesuaian harga pada BBM subsidi, baik naik maupun turun. Dalam keterangan persnya dari Seoul, Korea Selatan, Selasa (31/03/2026), Bahlil menegaskan https://t.co/LV6WT7BDrE","2038977242748056050","https://pbs.twimg.com/amplify_video_thumb/2038977159616991232/img/AjU3_BDxXPAypae9.jpg","","in","","0","1","1","https://x.com/Metro_TV/status/2038977242748056050","57261519","Metro_TV"
"2038948458036646072","2026-03-31T13:47:33.000Z","2","@txtfromkeuangan Bbm non subsidi naik jd Rp 17rb per liter info darimana nih? Bisa dicantumkan sumber yg jelas?","2038976497244058105","","txtfromkeuangan","in","","0","2","0","https://x.com/arisw89/status/2038976497244058105","182446913","arisw89"
"2038970202206216250","2026-03-31T13:22:33.000Z","3","pom bensin antri semua ges gila emang, di lebak bulus udh ada announcement yg naik bbm non subsidi😔","2038970202206216250","","","in","","0","4","0","https://x.com/oreocheese99/status/2038970202206216250","383154868","oreocheese99"
"2038967856160026860","2026-03-31T13:13:13.000Z","32","Kalau bbm non subsidi jadi naik setinggi itu, apa kalian masih kuat isi pertamax?","2038967856160026860","","","in","","0","43","1","https://x.com/ArdiMardita/status/2038967856160026860","369286233","ArdiMardita"
"2038963697847275740","2026-03-31T12:56:42.000Z","11","Hasil Konferensi Pers Pemerintah:
- BBM Non Subsidi dipastikan tidak naik
- BBM Subsidi akan dikaji ulang dengan pihak terkait perihal adjustment
- Stok BBM dalam negeri dipastikan aman
- PNS Pusat dan Daerah akan WFH setiap hari Jumat

Apa lagi guys? 🤔🤔","2038963697847275740","","","in","","1","0","3","https://x.com/ArvinHonami/status/2038963697847275740","124073544","ArvinHonami"
"2038945760000253965","2026-03-31T12:49:55.000Z","6","@LambeSahamjja BBM non-subsidi naik‑turun itu wajar karena ikut harga pasar. Yang jadi deg-degan justru kode “tunggu tanggal mainnya” untuk BBM subsidi. Kalau ini berubah, dampaknya langsung ke rakyat kecil. Pemerintah lagi hitung risiko sebelum ambil langkah.","2038961990803325269","","LambeSahamjja","in","","0","0","0","https://x.com/Roari_ARB/status/2038961990803325269","2037814391127601152","Roari_ARB"
"2038960895892783257","2026-03-31T12:45:34.000Z","407","Hasil konferensi pers Pemerintah mengenai harga BBM nasional.
- Pemerintah menjamin semua stok aman untuk semua jenis BBM (solar &amp; bensin).
- Harga BBM bersubsidi dipastikan tidak akan naik.
- Harga BBM non-subsidi masih akan dilakukan pembahasan dengan semua pihak terkait.","2038960895892783257","","","in","","6","19","78","https://x.com/BigAlphaID/status/2038960895892783257","958566590768926721","BigAlphaID"
"2038945760000253965","2026-03-31T12:43:10.000Z","80","@LambeSahamjja Masyarakat hrs Mikir
➡️ BBM NON SUBSIDI = HARGA NAIK SESUAI PASAR = ~ 30K/liter
➡️ BBM SUBSIDI DIBATASI PEMBELIANNYA Maks 50 liter per hari Khusus JENIS KENDARAAN Tertentu
✅ Otomatis yg Berdampak ke BATAS DEFISIT APBN &gt; 3% = BBM Subsidi Rakyat Kecil

HAPUS MBG supy APBN gk Minus","2038960290789020077","","LambeSahamjja","in","","1","1","6","https://x.com/LinggisSabit/status/2038960290789020077","1237303887779921921","LinggisSabit"
"2038945760000253965","2026-03-31T12:38:41.000Z","102","@LambeSahamjja Masalahnya kalo gap nya terlalu besar, penggunaan bbm subsidi akan naik drastis, pd akhirnya anggaran subsidi akan bengkak, atau kalau pakai kuota ya bbm subsidi bakal langka. Ujung² nya masyarakat dirugikan juga dgn adanya kenaikan bbm non subsidi","2038959166367428903","","LambeSahamjja","in","","1","4","5","https://x.com/dewdewdwi/status/2038959166367428903","402992017","dewdewdwi"
"2038945760000253965","2026-03-31T12:36:36.000Z","14","@urya_suryana @LambeSahamjja yak betul, setuju dengan statemen ini. Bagi sebagian orang pasti akan beralih yg subsidi jika selisih harganya jauh. Jadi misalpun gak naik BBM non subsidi bisa jadi malah langka karena demandnya meningkat 😅","2038958638413586612","","urya_suryana","in","","0","0","0","https://x.com/aji_mahatma/status/2038958638413586612","394641708","aji_mahatma"
"2038945760000253965","2026-03-31T12:21:51.000Z","26","@LambeSahamjja Antara ucapan Bahlil sm Mensekneg beda, Bahlil blg non subsidi naik tdk ada mslh krn ngikutin harga pasar,tp Sekneg lain lg crtnya blg kl BBM non sub dan subsidi tidak naik kesanya malah pemerintah membela org2 kaya yg pk pertamax cs.","2038954926928445709","","LambeSahamjja","in","","0","0","0","https://x.com/AD1T_RG/status/2038954926928445709","1232520551458959360","AD1T_RG"
"2038945760000253965","2026-03-31T11:50:41.000Z","263","@LambeSahamjja Dari dulu BBM non subsidi di serahkan pada mekansime pasar. Bahkan naik atau turun tak d umukan cukup di website dan edaran oleh manager spbu. Masalhnya jika gap harga terlalu jauh orang akan beralih ke subsidi, itu amsalahnya","2038947085526217010","","LambeSahamjja","in","","1","9","13","https://x.com/urya_suryana/status/2038947085526217010","604246119","urya_suryana"
"2038945760000253965","2026-03-31T11:45:25.000Z","1734","Guys, Bahlil Lahadalia akhirnya buka suara soal BBM, dan intinya cukup nyelekit.

Dia bilang, BBM non-subsidi itu dari sananya memang ngikut harga pasar. Jadi mau diumumin atau nggak, mau naik atau turun, ya tetap bakal bergerak sesuai harga minyak dunia. Nggak ada intervensi https://t.co/VF42STu9AX","2038945760000253965","https://pbs.twimg.com/media/HEvKMl7aIAAGvwU.jpg","","in","","44","153","145","https://x.com/LambeSahamjja/status/2038945760000253965","1772323119111487490","LambeSahamjja"
"2038938626462274027","2026-03-31T11:17:04.000Z","21","Breaking News: Harga BBM Subsidi-Non Subsidi Tak Naik Besok

Sc: CNBC Indonesia https://t.co/yMXNMZGCz0","2038938626462274027","https://pbs.twimg.com/media/HEvD3sTa8AA7LiP.jpg","","in","","0","15","1","https://x.com/HunterRevi/status/2038938626462274027","1248871546803736576","HunterRevi"
"2038936622008619292","2026-03-31T11:09:06.000Z","18","Menteri Sekretaris Negara Prasetyo Hadi memastikan harga bahan bakar minyak (BBM) subsidi dan non-subsidi tidak akan naik, menyusul kenaikan harga minyak mentah dunia. Pemerintah juga telah berkoordinasi dengan Pertamina terkait hal ini. Prasetyo menegaskan, pemerintah menjamin https://t.co/ltW3XvaVWn","2038936622008619292","https://pbs.twimg.com/ext_tw_video_thumb/2038936588483514368/pu/img/xgJfBrFztyM72yP_.jpg","","in","","1","12","4","https://x.com/neVerAl0nely___/status/2038936622008619292","1282751327588585473","neVerAl0nely___"
"2038924046218432927","2026-03-31T10:19:08.000Z","3","SK Pembatasan BBM Bocor, Mulai 1 April Pertalite-Solar Dibatasi

Kebijakan baru terkait pengendalian penyaluran bahan bakar minyak (BBM) subsidi mencuat setelah beredarnya Surat Keputusan Badan Pengatur Hilir Minyak dan Gas Bumi (BPH Migas) yang disebut mulai berlaku 1 April https://t.co/LZfzOmw8Vi","2038924046218432927","https://pbs.twimg.com/media/HEu2nHSa0AAPTFa.jpg","","in","","1","0","0","https://x.com/Melihat_Indo/status/2038924046218432927","48359478","Melihat_Indo"
"2038922979074277769","2026-03-31T10:14:54.000Z","24","Tidak ada kenaikan harga BBM‼️
Pertalite dan lainnya harga tetap.
Jan ngantri di SPBU 

Wakil Ketua DPR Sufmi Dasco Ahmad meminta masyarakat untuk tidak menimbun bahan bakar minyak (BBM). Pasalnya, pemerintah telah memastikan harga BBM subsidi dan non-subsidi tidak naik pada 1 https://t.co/dX5JWeyD0z","2038922979074277769","https://pbs.twimg.com/ext_tw_video_thumb/2038922824853979136/pu/img/5MN8gAkZ2aoZpkNL.jpg","","in","","2","17","9","https://x.com/gimbot75/status/2038922979074277769","1402458573775331329","gimbot75"
"2038889132425167212","2026-03-31T10:06:29.000Z","2","@kompascom Yg sudah² per tanggal 1 selalu ada perubahan harga BBM non subsidi.
Apalagi dgn kondisi saat ini, kalo sampai gak naik, yaa harus disyukuri

Coba kita liat besok..","2038920860468383772","","kompascom","in","","0","0","1","https://x.com/NDASHmuuu/status/2038920860468383772","1030954200417558528","NDASHmuuu"
"2038919098709811657","2026-03-31T09:59:29.000Z","54","Seingat saya, saya nggak pernah memuji Bahlil di twit saya selama ini.

Tapi kalau benar besok (1/4) tidak ada kenaikan harga BBM, khususnya yang non-subsidi, saya harus acungkan jempol 2 ke Bahlil, kakandanya mas @dwioktariyadi.

Harus kita akui itu HEBAT!

Memang sih pujian https://t.co/YcripcsZuX","2038919098709811657","https://pbs.twimg.com/media/HEuyHFiawAAKiLO.jpg","","in","","1","42","12","https://x.com/hasyimmah/status/2038919098709811657","185156524","hasyimmah"
"2038913656629645485","2026-03-31T09:37:51.000Z","4","BBM Non subsidi belum naik ramainya udah gaduh duluan, negara belum memberikan keterangan resmi udah pada ribut. Apalagi media streaming banyak bikin berita yang menyesatkan. Negara ini terlalu meninabobokan rakyat dengan SUBSIDI makanya ada gejolak dikit dah rame https://t.co/IiSytnZqt8","2038913656629645485","https://pbs.twimg.com/ext_tw_video_thumb/2038913336654565376/pu/img/H7icStThowULcdQO.jpg","","in","","0","0","2","https://x.com/potrzayed/status/2038913656629645485","786121047766556672","potrzayed"
"2038796531265142872","2026-03-31T07:21:32.000Z","49","@yaniarsim @msaid_didu Masuk akal, subsidi listrik hanya dipertahankan dari April sampai Juni saja, selepas juni ??? BBM non subsidi sudah mulai naik 10% per April ini, bagaimana di bulan Juli nanti ??? Sedangkan Birokrasi sedang sibuk efisienshit anggaran belanja, sampai pengurangan P3K","2038879351224275408","","yaniarsim","in","","0","0","0","https://x.com/Rie50238/status/2038879351224275408","1826508807822082048","Rie50238"
"2038879188535693436","2026-03-31T07:20:53.000Z","1","Antrean panjang terjadi di salah satu SPBU di Kabupaten Enrekang pada Minggu, 29 Maret 2026, diduga dipicu aksi panic buying setelah beredarnya isu kenaikan harga BBM non subsidi di media sosial. Informasi tersebut menyebutkan Pertamax akan naik hingga Rp 17.850 per liter, https://t.co/yAgMri2VX8","2038879188535693436","https://pbs.twimg.com/amplify_video_thumb/2038879004581834752/img/o34VKsUzWM_SS06g.jpg","","in","","1","2","0","https://x.com/jawapos/status/2038879188535693436","2392460208","jawapos"
"2038877013000466768","2026-03-31T07:12:15.000Z","15","Walau Pertalite tidak naik harga, terjadi antrean di sejumlah SPBU di Kota Depok. ⛽️

Ini dipicu rencana kenaikan harga BBM non subsidi seperti Pertamax per 1 April, yang lebih meresahkan dari VCS suaminya Clara Shinta.

Belum apa-apa sudah panic buying. Pusing euy...

Gimana https://t.co/4rJhvgjTjO","2038877013000466768","https://pbs.twimg.com/amplify_video_thumb/2038875540598521856/img/6xiFil4pZ4cOHYuk.jpg","","in","","2","10","1","https://x.com/SiPalingDepok/status/2038877013000466768","3269713914","SiPalingDepok"
"2038876902241575109","2026-03-31T07:11:48.000Z","2","📢📢📢 Benar terjadi seperti prediksi.

BBM Non Subsidi naik perkiraan mencapai 10% mulai 1 April, sementara penggunaan BBM Subsidi juga akan dibatasi.

Itu Artinya, Biaya transportasi &amp; logistik bakal naik, efeknya harga barang sehari-hari ikut tertekan.

Kamu yang sering naik","2038876902241575109","","","in","","0","0","0","https://x.com/Tguh_Em/status/2038876902241575109","875563944","Tguh_Em"
"2038870835327607153","2026-03-31T06:47:42.000Z","6","beneran ga sih harga BBM baik subsidi or non subsidi besok naik? semoga aja April Mop https://t.co/NNxBqCAHgP","2038870835327607153","https://pbs.twimg.com/media/HEuGOEzbMAEKCph.jpg","","in","","0","4","0","https://x.com/solowae1/status/2038870835327607153","1062957496262774789","solowae1"
"2038868629434064905","2026-03-31T06:38:56.000Z","0","Harga BBM Non Subsidi Pertamax Cs Bakal Naik 1 April? Ini Kata Bahlil

https://t.co/FIcF7xPAiJ","2038868629434064905","","","in","","0","1","0","https://x.com/cnbcindonesia/status/2038868629434064905","847372542830444544","cnbcindonesia"
"2038858237806805187","2026-03-31T05:57:38.000Z","25","Karena kemungkinan BBM subsidi tidak naik sedangkan BBM non subsidi kemungkinan naik maka ada beberapa dampak yang akan dirasakan langsung oleh masyarakat

Dampak Kenaikan Pertamax/BBM Non Subsidi:

1. Biaya Transportasi Naik
Tarif ojek, taksi, dan logistik ikut naik maka","2038858237806805187","","","in","","1","25","2","https://x.com/AgilTriatm64429/status/2038858237806805187","1888714156381224960","AgilTriatm64429"
"2038858027282133160","2026-03-31T05:56:48.000Z","7","1. Iya tidak akan naik, tapi biasanya quotanya dibatasi. Jangan heran kalo nanti terjadi kelangkaan dimana2, terutama luar Pulau Jawa.
2. BBM Non-Subsidi akan naik","2038858027282133160","","","in","","1","0","0","https://x.com/pak_erte92/status/2038858027282133160","195743412","pak_erte92"
"2038831982789185999","2026-03-31T05:53:23.000Z","3","@kompascom Kalo bbm non subsidi naik tinggi, apakah orang orang bakalan banyak yg pindah ke pertalite meskipun mesin kendaraanya yg dikorbankan?","2038857167449829600","","kompascom","in","","0","0","1","https://x.com/Jonyrmi/status/2038857167449829600","2038192389517692928","Jonyrmi"
"2038856044873699400","2026-03-31T05:48:55.000Z","3","Besok BBM Non Subsidi diprediksi Naik, $BTC ikut naik juga gak ya karena malem ini ada pengumuman S&amp;P Global US Manufacturing PMI Final yang menurut data preliminary angkanya 52.4, naik dari 51.6 pada Februari 2026 dan melampaui ekspektasi pasar (51.3) alias bagus untuk harga","2038856044873699400","","","in","","0","4","0","https://x.com/yakobXBT/status/2038856044873699400","1505445092483510274","yakobXBT"
"2038853043165311448","2026-03-31T05:37:00.000Z","2","Harga BBM Non-subsidi Berpotensi Naik, Ekonom: Kalau Bisa Naiknya Jangan Lebih dari Rp 2.000/Liter

https://t.co/4jVsu2qNvI","2038853043165311448","","","in","","0","0","0","https://x.com/tribunnews/status/2038853043165311448","124171593","tribunnews"
"2038842488652444101","2026-03-31T04:55:03.000Z","3","3. 🇮🇩 Indonesia Masih Impor Minyak
Indonesia belum sepenuhnya mandiri energi dan masih mengimpor minyak. Jadi ketika harga minyak dunia naik, Indonesia otomatis harus membeli dengan harga lebih mahal.
4. 💸 Beban Subsidi BBM Membengkak
Jika harga minyak naik:
Pemerintah harus https://t.co/AY9DD0zHPI","2038842488652444101","https://pbs.twimg.com/media/HEtsbo8agAAo7zZ.jpg","","in","","1","1","2","https://x.com/XPwinzz31/status/2038842488652444101","1012975261","XPwinzz31"
"2038841586688070088","2026-03-31T04:51:28.000Z","2","BBM subsidi ( Pertalite dan solar ) memang tidak naik tapi di batasi

“ sama aja goblok “ akhir nya kita mau gak mau kalau di arahkan beli yg non subsidi https://t.co/GdLSTC7GlE","2038841586688070088","https://pbs.twimg.com/media/HEtrm0faEAAAmPK.jpg","","in","","0","0","0","https://x.com/ilhamwsp/status/2038841586688070088","2290789939","ilhamwsp"
"2038605896750952581","2026-03-31T04:46:40.000Z","2","@ardianpancaa Sumber dari mana ini?

Dilansir kompass yang naik cuma harga BBM non subsidi (pertamax dkk, pertamina dex). BBM subsidi (pertalite, bio solar) ga ada kenaikan hari ini.

Kalo sumber ga kredibel jangan asal share. Malu sama usia.

https://t.co/lBBWy3jdMo

https://t.co/hR8imry19M","2038840375620841500","","ardianpancaa","in","","0","3","2","https://x.com/ariiqdneutron/status/2038840375620841500","1031910920","ariiqdneutron"
"2038825253582102748","2026-03-31T03:46:34.000Z","1","Menteri Energi dan Sumber Daya Mineral (ESDM) Bahlil Lahadalia mengomentari munculnya wacana kenaikan harga Bahan Bakar Minyak (BBM) nonsubsidi yang ramai diperbincangkan di media sosial. Bahlil menegaskan bahwa harga BBM nonsubsidi memang mengikuti harga pasar internasional.
. https://t.co/sDtb0zLIge","2038825253582102748","https://pbs.twimg.com/amplify_video_thumb/2038781656916725760/img/XAYgxx_-roB6Fs4i.jpg","","in","","0","0","0","https://x.com/pikiran_rakyat/status/2038825253582102748","58880688","pikiran_rakyat"
"2038822142830387369","2026-03-31T03:34:12.000Z","4","nge war isi bbm full tank dulu 

kira kira besok harga bbm subsidi dan non subsidi naik gak ya ? 🤔🤔

kalo naik kira kira jadi berapa ? 😭😭 https://t.co/OkmuSJwXRO","2038822142830387369","https://pbs.twimg.com/media/HEtZ7pWa4AA92iK.jpg","","in","","0","8","2","https://x.com/masbudisam/status/2038822142830387369","416930962","masbudisam"
"2038821804358434908","2026-03-31T03:32:52.000Z","2","Besok kemungkinan harga BBM Non subsidi naik.

Denger kata Bahlil kemaren? ""Tenang, jangan panic buying."", ""Stok BBM aman...""

~~Tapi harga kita naikin UwU~~ https://t.co/Vlyeg4X3LU","2038821804358434908","https://pbs.twimg.com/media/HEtZnehbAAA0PmG.jpg","","in","","0","0","1","https://x.com/mhankumiz/status/2038821804358434908","270786580","mhankumiz"
"2038813303720624195","2026-03-31T03:04:13.000Z","22","@idextratime Ya minyak dunia aj naik setinggi itu seharusnya ya bakal naik setinggi itu juga masa BBM non subsidi mau di subsidi","2038814597072011650","","idextratime","in","","0","1","0","https://x.com/SEdit2321840/status/2038814597072011650","1858235880965857280","SEdit2321840"
"2038813536898437304","2026-03-31T03:00:01.000Z","39","1. Harga BBM non subsidi naik 
2. Harga barang-barang ikutan naik
3. El nino ekstrim
4. Perang darat AS vs Iran

Apa lagi?","2038813536898437304","","","in","","0","10","7","https://x.com/desmondwira/status/2038813536898437304","201965045","desmondwira"
"2038813303720624195","2026-03-31T02:59:05.000Z","1073","Masa iya BBM non subsidi bakal naik setinggi itu?","2038813303720624195","","","in","","7","165","24","https://x.com/idextratime/status/2038813303720624195","1222927522033094656","idextratime"
"2038810006909575345","2026-03-31T02:45:59.000Z","31","Jika harga BBM non subsidi naik secara signifikan, mari kita ramaikan kembali speda di jalan.

Manfaat yang di dapat antara lain sebagai berikut:

1. Memperkuat Jantung: 
Bersepeda memperkuat otot jantung, meningkatkan efisiensi kardiovaskular, dan melancarkan sirkulasi darah. https://t.co/Gx4JXVDpz2","2038810006909575345","https://pbs.twimg.com/media/HEtO5ZqacAA40L-.jpg","","in","","0","24","3","https://x.com/Kingskayl/status/2038810006909575345","1835667958221447168","Kingskayl"
"2038807028618199466","2026-03-31T02:34:09.000Z","8","Tidak ada kepastian resmi bahwa harga BBM akan naik pada 1 April 2026 pukul 00.00 WIB, meskipun ada banyak prediksi dan rumor yang beredar. 

Penyesuaian harga BBM non-subsidi memang rutin dilakukan setiap awal bulan mengikuti mekanisme pasar (harga minyak dunia, kurs rupiah,","2038807028618199466","","","in","","0","2","4","https://x.com/Ndons_Back/status/2038807028618199466","1289954556411969537","Ndons_Back"
"2038803165471269196","2026-03-31T02:18:48.000Z","0","Pemerintah melalui Kementerian Energi dan Sumber Daya Mineral (ESDM) memastikan harga Bahan Bakar Minyak (BBM) subsidi seperti Pertalite dan Solar tidak naik pada 1 april 2026. Meski demikian harga BBM non subsidi diprediksi mengalami kenaikan sekitar 5 - 10 persen mengikuti https://t.co/VpEZZAPaKc","2038803165471269196","https://pbs.twimg.com/media/HEtIqEZbUAAORTv.jpg","","in","","0","2","0","https://x.com/RadioElshinta/status/2038803165471269196","121640063","RadioElshinta"
"2038795010624434579","2026-03-31T01:46:24.000Z","5","Udah pada tau kan 1 april kita naik harga bbm non subsidi, yang biasa pakai pertamax kerasa banget nih kita. https://t.co/gKFZnsrSQt","2038795010624434579","https://pbs.twimg.com/media/HEtBQN6awAASQec.jpg","","in","","2","2","2","https://x.com/rahkainiskala/status/2038795010624434579","2456524472","rahkainiskala"
"2038790349859242193","2026-03-31T01:27:52.000Z","2","Harga BBM non-subsidi diperkirakan naik 10 persen mulai 1 April 2026 pukul 00.00 WIB.

Kenaikan harga ini disebabkan kenaikan harga BBM non-subsidi yang menyesuaikan harga pasar minyak dunia yang dipicu ketegangan geopolitik (konflik di Timur Tengah). https://t.co/Yi6g1tKpEa","2038790349859242193","https://pbs.twimg.com/media/HEs823MakAA3S5R.jpg","","in","","0","1","0","https://x.com/abouttng/status/2038790349859242193","2818687488","abouttng"
"2038767756926226549","2026-03-31T01:04:03.000Z","2","@sekintangd99 IYA benar bro, tapi bbm non-subsidi sudah pasti naik. Kan ikut harga pasar, bisa naik-turun kapan saja. Jika sentimen besar, pemerintah biasanya naikkin bertahap u/ meredam efek kejut berlebihan. 

Tantangannya di Pertalite!? 😆","2038784352788832739","","sekintangd99","in","","0","1","0","https://x.com/eddesign_/status/2038784352788832739","325599485","eddesign_"
"2038783340460081198","2026-03-31T01:00:01.000Z","2","Kementerian Energi dan Sumber Daya Mineral (ESDM) buka suara atas kabar kenaikan bahan bakar minyak (BBM) non-subsidi per tanggal 1 April 2026.

Beredar di media sosial bahwa adanya kenaikan yang signifikan terhadap BBM non-ubsidi per tanggal 1 April 2026.

Dirjen Migas https://t.co/zqEiimoGx4","2038783340460081198","https://pbs.twimg.com/media/HEscOJoakAAGzBC.jpg","","in","","0","0","0","https://x.com/akuratco/status/2038783340460081198","786549338818224128","akuratco"
"2038769486640373995","2026-03-31T00:04:58.000Z","7","Siap-siap Bulan April BBM non Subsidi Naik https://t.co/zwG5cmAOG1","2038769486640373995","https://pbs.twimg.com/ext_tw_video_thumb/2038769457510957056/pu/img/Wm3cIhoey9GyGuy2.jpg","","in","","1","3","4","https://x.com/is_pelssy/status/2038769486640373995","2412572689","is_pelssy"
"2038768360775950533","2026-03-31T00:00:30.000Z","2","Kementerian ESDM Pastikan Harga BBM Subsidi Tak Naik, Non Subsidi Tunggu Pengumuman https://t.co/R5Ya2zhOYj #HargaBBM","2038768360775950533","","","in","","0","0","0","https://x.com/KontanNews/status/2038768360775950533","43799886","KontanNews"
"2038753439627513999","2026-03-30T23:01:12.000Z","0","Viral Beredar Kabar Harga BBM Non Subsidi Naik Drastis April 2026, Begini Tanggapan Pertamina!
https://t.co/C4i2PRUoRo","2038753439627513999","","","in","","0","0","0","https://x.com/jawapos/status/2038753439627513999","2392460208","jawapos"
"2038748299629625710","2026-03-30T22:40:47.000Z","2","Apakah BBM Non Subsidi per April jadi naik ditengah harga minyak dunia yang naik efek perang Iran vs Amerika ?","2038748299629625710","","","in","","0","1","0","https://x.com/ruudii_h/status/2038748299629625710","241951214","ruudii_h"
"2038678352643715320","2026-03-30T18:02:50.000Z","4","Apakah info dari media Otomotif Pikiran Rakyat ini benar...? 🤔

BOCOR DOKUMEN DIDUGA MILIK PEMERINTAH, HARGA PERTAMAX APRIL 2026 NAIK RP17.000 PER LITER

DARI SEBUAH DOKUMEN YANG BEREDAR SENIN, 30 MARET 2026 DIKABARKAN BBM NON-SUBSIDI AKAN MENGALAMI KENAIKAN SIGNIFIKAN. UNTUK https://t.co/LjAkC0fcty","2038678352643715320","https://pbs.twimg.com/media/HErXIurawAAisWX.jpg","","in","","0","0","2","https://x.com/ferizandra/status/2038678352643715320","80559922","ferizandra"
"2038644453850960332","2026-03-30T15:48:08.000Z","2","BBM Non subsidi naik ini menurut gw awal pembuka jalan untuk BBM subsidi naik soon. Dengan alasan Perang mengakibatkan ke langkaan sumber daya energi dari luar, harga beli minyak dunia naik dan kalo BBm subsidi gak naik nanti APBN depisit dan sebagainya tapi satu hal yang pasti https://t.co/8NxrWRZNbF","2038644453850960332","https://pbs.twimg.com/media/HEq3UPuaQAAbQXZ.jpg","","in","","0","0","0","https://x.com/yepzXBT/status/2038644453850960332","1585126548943753217","yepzXBT"
"2038630291649228897","2026-03-30T14:51:52.000Z","2","(Masih) Dibantah Pertamina 1 April BBM non subsidi naik..

Feeling tetap naik tapi tidak sebanyak postingan isu yang beredar https://t.co/e2vaKqAD8s","2038630291649228897","https://pbs.twimg.com/media/HEqrZnQacAA9lkm.jpg","","in","","0","1","0","https://x.com/LogikaSwing/status/2038630291649228897","72171712","LogikaSwing"
"2038630089563202004","2026-03-30T14:51:03.000Z","35","BBM diperkirakan naik di April 2026 🚨

Kenaikan ini cukup signifikan di hampir semua jenis BBM non-subsidi Pertamax, Turbo, Dex, dll.

Apa dampak ke depannya?

- Harga barang &amp; logistik berpotensi ikut naik
- Daya beli masyarakat bisa makin tertekan
- Inflasi berisiko meningkat https://t.co/fA7VZwC1mN","2038630089563202004","https://pbs.twimg.com/media/HEqrQe8bcAA5Fa-.jpg","","in","","5","4","3","https://x.com/TwipsX/status/2038630089563202004","1372138980179800067","TwipsX"
"2038626541798916558","2026-03-30T14:36:58.000Z","2","Setiap 1 bulan sekali, kita semua diam-diam bayar lebih mahal buat bensin.
Dan anehnya, kita terima aja.
Besok 1 April 2026 — harga BBM non-subsidi kemungkinan naik lagi. Thread ini bukan soal harganya. Ini soal kenapa kita gak pernah siap. 🧵","2038626541798916558","","","in","","0","1","0","https://x.com/ceh_fajar/status/2038626541798916558","187573082","ceh_fajar"
"2038594591327199235","2026-03-30T12:30:00.000Z","271","bentar, 
WHAT IF ?
Ini berita beredar tentang 𝐤𝐞𝐧𝐚𝐢𝐤𝐚𝐧 𝐡𝐚𝐫𝐠𝐚 𝐁𝐁𝐌;
misal Pertalite naik sampai 14-15rb ;
hanyalah sebuah strategi 
𝗣𝗥𝗜𝗖𝗘 𝗡𝗖𝗛𝗢𝗥𝗜𝗡𝗚 / 𝗔𝗡𝗖𝗛𝗢𝗥𝗜𝗡𝗚 𝗕𝗜𝗔𝗦 ?

jadi;
cek ombak dulu,
rumor/issue berdear, bahwa harga BBM bakalan naik; https://t.co/MueSxoofV6","2038594591327199235","https://pbs.twimg.com/media/HEqDeCBaMAAZdf1.jpg","","in","","2","27","51","https://x.com/WOLF_of_IHSG/status/2038594591327199235","1509144342480498691","WOLF_of_IHSG"
"2038517570727444577","2026-03-30T11:37:01.000Z","147","@polisiolahraga Pertalite tetap, BBM Non Subsidi yang naik. Tapi stok pertalite bisa jadi akan berkurang dan akan banyak kekosongan yg memaksa pengguna pindah ke BBM non subsidi","2038581257836335603","","polisiolahraga","in","","0","1","3","https://x.com/yangbegituan/status/2038581257836335603","377397849","yangbegituan"
"2038571475050057875","2026-03-30T10:58:09.000Z","7","baru juga mau nyetuh bulan april harga bbm non-subsidi mau naik aja https://t.co/BStR3hRPyo","2038571475050057875","https://pbs.twimg.com/media/HEp18kZbkAA6Mm-.jpg","","in","","0","12","0","https://x.com/paubilabil/status/2038571475050057875","2015846897723047936","paubilabil"
"2038571326974111847","2026-03-30T10:57:33.000Z","34","Harga dibawah ini menunggu kepastian 1 April nanti. Apabala berita ini benar, maka sekitar ini harganya.

Masyarakat diharapkan bersiap menerima informasi baru terkait harga bahan bakar minyak (BBM) pada Rabu (1/4/2026) mendatang. Seperti yang sudah-sudah, penyesuaian harga BBM https://t.co/4zaFw1CheA","2038571326974111847","https://pbs.twimg.com/media/HEp10WDawAAmHKK.jpg","","in","","2","11","8","https://x.com/Jateng_Twit/status/2038571326974111847","785145642","Jateng_Twit"
"2038569003422208402","2026-03-30T10:48:19.000Z","5","Video: Harga BBM Non Subsidi Diramal Naik 1 April, Ini Alasannya https://t.co/m4NliOzEez","2038569003422208402","","","in","","0","0","1","https://x.com/cnbcindonesia/status/2038569003422208402","847372542830444544","cnbcindonesia"
"2038450645179695448","2026-03-30T10:37:25.000Z","9","@masduke_x Kalo bbm non subsidi tiap bulan mmg naik turun, berhubung harga minyak dunia lg menggila ya naiknya drastis","2038566260208963802","","duketology_x","in","","0","0","0","https://x.com/cahyodewantoroo/status/2038566260208963802","1010544388613607425","cahyodewantoroo"
"2038564286566629757","2026-03-30T10:29:35.000Z","4","Siap-siap harga bahan bakar minyak (BBM) non subsidi di Indonesia naik mulai 1 April 2026. Pasalnya, harga BBM di negara lain sudah naik akibat lonjakan harga minyak dunia pascaserangan militer Amerika Serikat dan Israel ke Iran. https://t.co/bdSHLsgFMP","2038564286566629757","https://pbs.twimg.com/media/HEpvaj2aIAAT52l.jpg","","in","","0","1","0","https://x.com/metro24jam_id/status/2038564286566629757","1895311523448528903","metro24jam_id"
"2038544067886477602","2026-03-30T10:03:34.000Z","33","@helmfulfes @MurtadhaOne1 @prabowo Apasih kontol? Emang minyak lagi naik, selama ini ditahan pakai subsidi, wajar kalau non subsidi bbm pada naik.","2038557741388804208","","helmfulfes","in","","0","10","1","https://x.com/SadgeFan/status/2038557741388804208","1393201857808371714","SadgeFan"
"2038538127724437659","2026-03-30T08:52:42.000Z","2","@kompascom Andai yg naik non subsidi peterlite bakal di bikin langka, yg ujung2nya peterlite jg akan di naikan di akhir bln april. Mendingan Pemerintah stop MBG dan KMP biar anggaranya bs dialokasikan buat BBM dan LPG.","2038539904075157567","","kompascom","in","","0","0","0","https://x.com/AD1T_RG/status/2038539904075157567","1232520551458959360","AD1T_RG"
"2038523625813475395","2026-03-30T07:48:00.000Z","3","Harga BBM Nonsubsidi Per 1 April 2026 Pukul 00.00 WIB Diprediksi Naik 10 Persen

https://t.co/JzSnNEY8MZ - Harga bahan bakar minyak (BBM) di Indonesia diprediksi naik  10 persen.  Perubahan harga segera terjadi per 1 April 2026 pukul 00.00 WIB.  BBM yang mengalami kenaikan harga","2038523625813475395","","","in","","0","0","1","https://x.com/biztechid/status/2038523625813475395","1159200764981415936","biztechid"
"2038516164708671650","2026-03-30T07:18:22.000Z","6","Kenapa Emas, Saham, Bitcoin pada turun? 

Sederhananya Krisis akan datang, Perang makin panas, gaka ada tanda selesai. Sekelas Negara mulai jual Gold untuk cash buat subsidi kenaikan Minyak. Dari situ domino efek mulai, Kalo safe heaven aja turun apalagi risky asset kan? 

Btw","2038516164708671650","","","in","","0","0","1","https://x.com/andreaswij_/status/2038516164708671650","1697106714280235008","andreaswij_"
"2038515324237361355","2026-03-30T07:15:01.000Z","2","Harga BBM Non Subsidi Diramal Naik 1 April 2026, Ini Alasannya

https://t.co/kXC8O6zY6T","2038515324237361355","","","in","","0","0","1","https://x.com/cnbcindonesia/status/2038515324237361355","847372542830444544","cnbcindonesia"
"2038511742368551384","2026-03-30T07:00:47.000Z","2","BBM Non Subsidi di Indonesia Ternyata Sudah Naik, Subsidi Nyusul 1 April 2026? https://t.co/JSKU2SWXlE","2038511742368551384","","","in","","0","0","0","https://x.com/fajaronline/status/2038511742368551384","89877164","fajaronline"
"2038460288073425114","2026-03-30T06:16:44.000Z","5","@Kasteis @BigAlphaID Nyatanya sejak era Jokodok bbm bersubsidi gk pernah turun yang ada naik. Yg naik turun cuman non subsidi","2038500656659767731","","The_CivilEng","in","","0","1","0","https://x.com/Utha_san/status/2038500656659767731","1503614450766876674","Utha_san"
"2038495243612623125","2026-03-30T05:55:14.000Z","4","Harga BBM Non-Subsidi Diramal Naik per 1 April 2026, Ini Perkiraannya

https://t.co/ffhU2xcLop","2038495243612623125","","","in","","0","0","1","https://x.com/cnbcindonesia/status/2038495243612623125","847372542830444544","cnbcindonesia"
"2038460288073425114","2026-03-30T05:22:46.000Z","4","@trihartono__ @Kasteis @BigAlphaID Kalo BBM non-subsidi (RON 92 ke atas) selalu naik dan turun ngikutin harga minyak dunia.. Harga BBM non-subsidi bulan ini termasuk yg termurah, pertamax 92 pernah sampe harga 13ribuan/ liter..","2038487074823942306","","trihartono__","in","","0","0","0","https://x.com/satsukyhiruta/status/2038487074823942306","42585625","satsukyhiruta"
"2038475528236413288","2026-03-30T04:52:56.000Z","764","@WOLF_of_IHSG blm ada pengumuman resmi, tp yg naik harusnya BBM non subsidi aja, kalo pertalite naik ya rame pasti orang banyak yg pada protes.","2038479567804088817","","WOLF_of_IHSG","in","","0","18","7","https://x.com/lewatt_doang/status/2038479567804088817","1971051578271596544","lewatt_doang"
"2038466671837610485","2026-03-30T04:01:42.000Z","64","Penasaran jg non subsidi bakal naik brp ya kira2.

Ketimbang naikin yg subsidi (dgn segala efek turunannya), paling logis ya yg non subsidi dulu pasti dinaikan.

Naikin hrg bbm subsidi itu udah pilihan paling akhir jika terpaksa.","2038466671837610485","","","in","","2","10","6","https://x.com/rgoestama/status/2038466671837610485","53322619","rgoestama"
"2038448995031490701","2026-03-30T03:50:32.000Z","2","@Kelas_ppds @insidefolkative Bbm non subsidi ngikutin harga minyak dunia, kalau naik ya ikut naik","2038463864325697588","","Kelas_ppds","in","","0","0","0","https://x.com/anakodok2009/status/2038463864325697588","1317750858256240640","anakodok2009"
"2038448995031490701","2026-03-30T03:26:30.000Z","21","@insidefolkative Yg naik pasti BBM yg Non subsidi klo sampe gk naik berarti janggal ada main masa iya BBM yg Non subsidi dpt subsidi wkwkkw kan kocak","2038457814235140426","","insidefolkative","in","","0","2","0","https://x.com/SEdit2321840/status/2038457814235140426","1858235880965857280","SEdit2321840"
"2038455532298854752","2026-03-30T03:17:26.000Z","4","beginilah kualitas kader banteng bikin narasi bombastis padahal naik turun bbm non subsidi seringkali terjadi
di Medan Pertamax 92 sempat turun dr Rp 12.500 menjadi Rp 12.100 di awal Febuari 2026.
Lalu kembali naik di harga Rp 12.500 di awal Maret dan berapa hari lalu naik","2038455532298854752","","","in","","1","2","1","https://x.com/tomatskillo/status/2038455532298854752","1834223664105226242","tomatskillo"
"2038436048527831160","2026-03-30T02:00:00.000Z","4","Kenaikan harga bahan bakar minyak (BBM) non-subsidi di Indonesia dinilai sebagai dampak langsung dari lonjakan harga minyak global yang dipicu ketegangan geopolitik di Timur Tengah.

Ekonom Universitas Airlangga, Wisnu Wibowo, menjelaskan, konflik antara Iran dengan Amerika https://t.co/5VnI5QqDnH","2038436048527831160","https://pbs.twimg.com/media/HEnlKDXakAAdgp8.jpg","","in","","0","0","1","https://x.com/akuratco/status/2038436048527831160","786549338818224128","akuratco"
"2038215888349077666","2026-03-30T00:36:49.000Z","0","@eggggsie @Nebulavexion @insidefolkative BBM itu sifat perubahannya langsung terjadi, malaysia ama singapura dan yang lainnya juga pas bbm melonjak mereka langsung naikin harga bbm . Kalo kita belum naik, ya berarti emang masih ada kesanggupan stok buat subsidi . Kalo awal bulan pertamax naik ya udah sewajarnya sih ,","2038415114446225883","","eggggsie","in","","0","0","0","https://x.com/TheanaXBT/status/2038415114446225883","1336878160835579905","TheanaXBT"
"2038207673649512778","2026-03-29T10:57:18.000Z","20","@HSoekma23 Infonya tanggal 1 April berlaku harga baru.
BBM non subsisdi naik tinggi.

BBM subsidi dikurangi jatuhnya sehingga sebagian masyarakat akan antri berjam-jam sebagian lagi terpaksa beli non subsidi.

Sekarang aja antri solar bisa 3-4 jam","2038208873971233062","","HSoekma23","in","","1","2","3","https://x.com/petanirumah/status/2038208873971233062","1105744788681183233","petanirumah"
"2038064701628989624","2026-03-29T05:02:26.000Z","9","@mas_veel Pertamina menaikkan hrga BBM non-subsidi. Pertamax (RON 92) menjadi Rp12.300, sebelumnya Rp11.800 per liter
Pertamax Green (RON 95) dari Rp12.450 menjadi Rp12.900 per liter.
Pertamax Turbo (RON 98) naik dari Rp12.700 menjadi Rp13.100 per liter.

lu bilang hrga bbm tidak naik??","2038119568976326965","","BudakBaonkX","in","","0","3","1","https://x.com/BudakBaonkX/status/2038119568976326965","1961857173929271296","BudakBaonkX"
"2037901880970690723","2026-03-28T14:37:25.000Z","6","Kenapa BBM RI Tidak Naik?

Harga BBM tidak naik bukan karena tekanan global rendah. Justru karena APBN 2026 didesain menjadi bantalan fiskal aktif.

Salah satu dari tiga fungsi APBN adalah sebagai ""alat stabilisasi."" Disinilah tugas mulia APBN !

APBN dirancang dengan belanja https://t.co/zSoGoGUDc4","2037901880970690723","https://pbs.twimg.com/media/HEgKvdhbUAAEin9.jpg","","in","","0","1","1","https://x.com/Munir_Timur/status/2037901880970690723","1244819229578121216","Munir_Timur"
"2037431422265495746","2026-03-28T08:53:35.000Z","6","@junk_kiss @tagarabak Bbm non subsidi di Indonesia udah naik 1 maret yg lalu mas, dan bbm subsidi kuotanya udah dikurangin kok, sama kayak malaysia yg naik juga baru yg non subsidi plus pengurangan kuota subsidi...dan diprediksi indonesia akan naik lagi di 1 april plus pengurangan bbm subsidi.","2037815352936276200","","junk_kiss","in","","0","0","0","https://x.com/Eveloph/status/2037815352936276200","190258445","Eveloph"
"2037470762668269723","2026-03-27T10:04:18.000Z","5","POIN UTAMA-nya adalah SUBSIDI yang diberikan oleh Pemerintah, khususnya untuk jenis BBM bersubsidi seperti Solar dan Pertalite. 

Harga BBM bersubsidi masih belum naik karena untuk menjaga daya beli masyarakat, tidak terjadi inflasi tinggi, maupun menjaga stabilitas sosial dan","2037470762668269723","","","in","","0","1","0","https://x.com/Multipolar_04/status/2037470762668269723","1919733794145501187","Multipolar_04"
"2037125432370487620","2026-03-27T09:44:32.000Z","1","@RD_4WR1212 Jgn dulu berasumsi, tggu  1 april krn biasa pertamina merubah harga tiap tgl 1. Klo pertalite kmgkinan gak akan naik, tapi bbm selain pertalite pasti akan naik. Yg perlu dilakukan adl membatasi kuota pembelian kaya di Mlysia. Krn akan ada peralihan dr bbm non subsidi ke subsidi.","2037465784847675409","","RD_4WR1212","in","","0","1","0","https://x.com/Dedy44169434/status/2037465784847675409","1006840774502146049","Dedy44169434"
"2037451051947945995","2026-03-27T08:45:59.000Z","4","https://t.co/BSDQlxhmlL","2037451051947945995","","","zxx","","1","0","2","https://x.com/gueracr_/status/2037451051947945995","1402660704","gueracr_"
"2037408897112355197","2026-03-27T08:12:02.000Z","110","@investorgabut Tunggu sampai April..gw bilang jago kalo April gak non subsidi naik signifikan sama gak ada kelangkaan di lapangan, mau itu BBM ataupun LPG.","2037442510205915631","","investorgabut","in","","0","0","6","https://x.com/david_saleko/status/2037442510205915631","36001783","david_saleko"
"2037352352873845016","2026-03-27T06:03:44.000Z","5","@ProdArchitech @The_RedsIndo Indonesia ga naik juga udah lebih mahal dari Malaysia BBMnya. Apalagi BBM non-subsidi. 

Plus BBM pertamini juga kosong.","2037410220738281808","","ProdArchitech","in","","0","1","0","https://x.com/marSyaheedAS/status/2037410220738281808","92365841","marSyaheedAS"
"2037319512987668532","2026-03-27T02:53:23.000Z","3","@_1ky17 @The_RedsIndo Malaysia BBM subsidi juga ga naik mas, masih sama harganya, kuotanya yg dikurangi dari 300 liter jadi 200 liter, yg naik hanya yg non subsidi. Dan siapa bilang di indonesia pertamax blm naik, pergamax udah naik di tanggal 1 maret kemarin dari 11.800 ke 12.300.","2037362317697155580","","_1ky17","in","","0","2","0","https://x.com/Eveloph/status/2037362317697155580","190258445","Eveloph"
"2037046896485654587","2026-03-26T06:59:54.000Z","2","@tempodotco Gak naik buat BBM bersubsidi tapi langka /kosong....non subsidi menghitung hari naek nya...demi mbg ...","2037061969115783594","","tempodotco","in","","0","0","0","https://x.com/prapanca78/status/2037061969115783594","717546193","prapanca78"
"2037037067692327024","2026-03-26T05:20:57.000Z","40","🚨🇮🇩 Penjual lumpia basah di Tasikmalaya udah ngerti lebih cepet dari lo..

Dia nulis di kertas: ""karena Iran menutup Selat Hormuz, harga toge, minyak, dan kemasan naik..""

Lumpia basah yang tadinya Rp 10.000 sekarang Rp 12.000..

baca lagi..

Selat Hormuz tutup sejak 4 Maret","2037037067692327024","","","in","","1","0","18","https://x.com/indrawxyz/status/2037037067692327024","1052820197361348608","indrawxyz"
"2036978215588422095","2026-03-26T01:27:06.000Z","1","Harga BBM Malaysia Naik Lagi, Bensin Non-Subsidi Tembus Rp22.023/Liter https://t.co/5GYTN6GZK4","2036978215588422095","","","in","","1","0","1","https://x.com/cnbcindonesia/status/2036978215588422095","847372542830444544","cnbcindonesia"
"2036006177289732120","2026-03-23T09:04:34.000Z","2","Harga #bbm non subsidi Indonesia naik mulai 2 Maret 2026

Harga BBM di Seluruh SPBU RI Resmi Naik, Berlaku 2 Maret 2026
https://t.co/Jz90VxmESF https://t.co/Mbb0zxslOu","2036006177289732120","https://pbs.twimg.com/media/HEFY0iDawAAU33L.jpg","","in","","0","0","3","https://x.com/KerjaHasil_id/status/2036006177289732120","1405723264710709248","KerjaHasil_id"
"2035546079090085939","2026-03-22T04:53:24.000Z","4","@Kudabajingan Ya kalo subsidi hilang kan berarti pemasukannya akan naik, karena yang akan dijual adalah bbm non-subsidi.

Subsidi diberlakukan bukan supaya PLN atau Pertamina bisa untung, tapi supaya daya beli di masyarakat dan produktivitas di sektor usaha tidak menurun.","2035580580654620994","","Kudabajingan","in","","0","0","0","https://x.com/bluekid1991/status/2035580580654620994","1510861471189995522","bluekid1991"
"2035031565575844267","2026-03-20T16:36:41.000Z","0","Pemerintah mengunci harga Pertalite di Rp10.000 per liter, dan Solar subsidi di angka Rp6.800 per liter, 
tanpa perubahan sedikit pun.

Hanya BBM non-subsidi seperti Pertamax yang naik Rp500 dan Dexlite naik Rp950, sesuai formula pasar Keputusan Menteri ESDM No.45/2022.","2035032791277297676","","txtangkringan","in","","0","1","0","https://x.com/txtangkringan/status/2035032791277297676","1489658156989190144","txtangkringan"
"2035021929439272979","2026-03-20T15:53:31.000Z","13","Takut banget abis lebaran Inflasi gede gedean, termasuk harga BBM non subsidi naik tinggi, ekonomi seret, dan harusnya saat saat ini ga boros dan hedon 😌","2035021929439272979","","","in","","0","3","0","https://x.com/aliennrss/status/2035021929439272979","1245127175193255936","aliennrss"
"2034903899564646455","2026-03-20T08:04:30.000Z","54","Melihat timeline penuh kepanikan soal gas, oil, pupuk, dll... Saya jadi teringat wejangan bli Kris akhir Feb kemarin (dukun Vedic astrologer kita wkwkwk) 

Dukun biar keren aja, tapi jujur ilmunya ngeri juga. Apalagi saya tipe orang yang sangat logis, namanya juga Quant, masa ga https://t.co/WM7FI3ODpV","2034903899564646455","https://pbs.twimg.com/media/HD1nz0DboAMxbdO.jpg","","in","","0","1","10","https://x.com/yonathandinata/status/2034903899564646455","50264178","yonathandinata"
"2034534948519170420","2026-03-19T07:38:26.000Z","129","Sudah naik lagi BBM non subsidi di Malaysia jadi Rp19.634.
Jangan-jangan tiap pekan naik terus harga BBM di Malaysia.
Di Indonesia masih tetap sama  belum naik.

Kurang enak bagaimana jadi WNI, bang? https://t.co/l0JFyxXNLT","2034534948519170420","https://pbs.twimg.com/media/HDwewREbwAI0S7r.jpg","","in","","14","133","37","https://x.com/tekarok007/status/2034534948519170420","1184695438365974528","tekarok007"
"2034158264569762125","2026-03-19T00:03:13.000Z","2","@Hnirankara After lebaran, kemungkinan naik sih. Bisa jd pertalite  langka, terpaksa beli bbm non subsidi yg harganya pasti mahal sekali","2034420392534942055","","Hnirankara","in","","0","0","0","https://x.com/Blue_oceanan/status/2034420392534942055","1282165646302707713","Blue_oceanan"
"2034129053054341374","2026-03-18T04:45:33.000Z","182","Seperti biasa, yg salah yg ngamuk. Bahkan korban dikejar sampai dimobil.
@pertamina @bumn_idn

PART 2 OKNUM PETUGAS SPBU
""SOK JAGO"": DARI BODY SHAMING HINGGA DUGAAN PENGANIAYAAN!

Sebuah insiden tidak menyenangkan terjadi di SPBU Stabor, Selesai, Sumatera Utara. Berdasarkan https://t.co/MwjYkbAPQh","2034129053054341374","https://pbs.twimg.com/ext_tw_video_thumb/2034128929855049729/pu/img/SEpORz1g5GvLFbxc.jpg","","in","","2","13","81","https://x.com/Anak__Ogi/status/2034129053054341374","1356517931887120384","Anak__Ogi"
"2031949594029146229","2026-03-12T11:56:19.000Z","3","@tempodotco Bbm non subsidi sudah naik, itu artinya kita juga yg bayarin MBG.
Blm lagi dampaknya klu semua bbm naik.mboh lah","2032063133293166943","","tempodotco","in","","0","0","0","https://x.com/ferry_hdyt13/status/2032063133293166943","902890849335250944","ferry_hdyt13"
"2030938593607426133","2026-03-10T02:17:59.000Z","2","@moyalyubov7 @gnrlfans benar nih, semua harga BBM (subsidi &amp; non subsidi) akan naik +/- Rp.500 sd Rp.1.000,- , untuk itu diperlukan Siaga 1 untuk antisipasi Demo besar besaran","2031192814516842724","","moyalyubov7","in","","0","1","0","https://x.com/fsaidhamzah/status/2031192814516842724","1410466956134608899","fsaidhamzah"
"2031017515976130724","2026-03-09T14:41:24.000Z","2","Jelang Lebaran 2026, Pemerintah Pastikan Harga BBM Non-Subsidi Tidak Naik
https://t.co/mSH6WvpG6r","2031017515976130724","","","in","","0","0","0","https://x.com/jawapos/status/2031017515976130724","2392460208","jawapos"
"2030447092653863007","2026-03-08T05:22:42.000Z","3","@Cryptocium_id Harga minyak $120+ paksa Pertamina kuras cadangan 20 hari. 

Beban subsidi APBN bisa tembus Rp500T. 

Pilihannya pahit: Harga BBM naik atau ekonomi melambat. Senjata pamungkas kita cuma Biodiesel B40 &amp; pengalihan impor non-Timur Tengah.","2030514525360050550","","jatmikk","in","","0","0","0","https://x.com/jatmikk/status/2030514525360050550","225806046","jatmikk"
"2030472209463214339","2026-03-08T04:45:20.000Z","3","@MiskinTV_ Logikanya bbm subsidi mau naik jd brp ? Scr bbm non subsidi ron 92 rp 12.300 lalu mau harga brp harga bbm subsidi kl9 d naikim pdhl hanya ron 90??
Jd harga 11 000 ato 12 000 ?
Sebnarnya kita sdh d bohongin ga sih pertalite ron 90 itu harga 10 000 katanya d subsidi kok beda dikit?","2030505120895820177","","MiskinTV_","in","","0","0","0","https://x.com/ukhtielya/status/2030505120895820177","1118818741570064384","ukhtielya"
"2029609482846974221","2026-03-05T17:26:23.000Z","0","Resmi Naik Lagi, Harga BBM Pertalite hingga Non-Subsidi saat Lebaran Idul Fitri 2026

Baca: https://t.co/ckhzzARz08","2029609482846974221","","","in","","0","0","0","https://x.com/tribunpontianak/status/2029609482846974221","115936810","tribunpontianak"
"2029453132611371435","2026-03-05T07:05:06.000Z","20","Imbas adanya P*erang yang sedang berlangsung,cadangan BBM di indonesia tinggal bertahan 20 hari saja.dan saat ini kabarnya ada 4 kapal minyak perusahaan indonesia yang terjebak di selat Hormuz.meski dua diantara relatif aman karena berada diluar Hormuz

indonesia sendiri memasok","2029453132611371435","","","in","","0","0","2","https://x.com/LambeSahamjja/status/2029453132611371435","1772323119111487490","LambeSahamjja"
"2028528891074420923","2026-03-02T17:52:30.000Z","2","01/03/2026 Harga BBM non subsidi resmi naik.
https://t.co/XMUT6g0bvg 
Rangkuman: https://t.co/yUCBSmZbdu","2028528891074420923","https://pbs.twimg.com/media/HCbIRTVaEAANjwg.jpg","","in","","0","0","0","https://x.com/shintaeffendi/status/2028528891074420923","46523425","shintaeffendi"
"2028293533850034578","2026-03-02T02:17:16.000Z","9","Apakah biodisel dan bioetanol akan jadi alternatif? 

Biodisel/etanol akan dipake atau jadi alternatif kalo:
Harga dan biaya produksi &lt; bbm non-subsidi

Artinya kalo biodisel/etanol masih lebih mahal dari pertamax ya ngapain produksi wong ada yg lebih simple dan tinggal pake.","2028293533850034578","","","in","","0","3","1","https://x.com/goldgloryandyou/status/2028293533850034578","855107125881651200","goldgloryandyou"
"2028229435707789519","2026-03-01T22:02:37.000Z","11","2. Dampak Ekonomi (paling signifikan dan langsung)

🔹Harga minyak dunia melonjak tajam: Analis memperkirakan Brent Crude bisa tembus US$100–120 per barel (dari sebelumnya ~US$67–70). Penutupan Selat Hormuz langsung mengganggu pasokan global.

🔹Harga BBM dalam negeri naik: BBM https://t.co/LhLrixJ8ed","2028229445195325516","https://pbs.twimg.com/media/HCW15YobYAAmBCn.jpg","erocryptoo","in","","0","1","3","https://x.com/erocryptoo/status/2028229445195325516","536000003","erocryptoo"
"2027986448851603808","2026-03-01T05:57:02.000Z","0","Harga BBM Pertamina 1 Maret 2026: Non-Subsidi Naik Serentak, Pertalite Stabil
https://t.co/EMw1YPjZ5h","2027986448851603808","","","in","","0","0","0","https://x.com/rmol_id/status/2027986448851603808","990237626","rmol_id"
"2027964526671659323","2026-03-01T04:29:55.000Z","5","Guys bulan puasa ini kemungkinan akan berat bagi kita semua (terutama masyr kelas menegah)

Ini penjelasanya..

Kamu tau gak di Iran itu ada satu selat penting, yaitu Selat Hormuz yang dimana  20% minya dunia lewat sana. Artinya akan ada pasokan yang terhambat ~&gt; harga minyak https://t.co/u4yXIFDf74","2027964526671659323","https://pbs.twimg.com/media/HCTG_EwbkAAyBHo.jpg","","in","","0","0","0","https://x.com/mlakbr/status/2027964526671659323","75000601","mlakbr"
"2027933155035123936","2026-03-01T02:25:15.000Z","0","Daftar Penyesuaian Harga BBM Berlaku 1 Maret 2026, Non Subsidi Naik, Pertalite Masih Rp10.000 https://t.co/OyPDxrWF1b","2027933155035123936","","","in","","0","0","0","https://x.com/KompasTV/status/2027933155035123936","71436318","KompasTV"
"2027932089241505969","2026-03-01T02:21:01.000Z","25","Harga BBM non subsidi per 1 maret 2026.

Diesel lumayan juga naik nya, sampai 1000/ltr https://t.co/SMkbhRZkYf","2027932089241505969","https://pbs.twimg.com/media/HCSpexPbEAE8Cey.jpg","","in","","4","5","3","https://x.com/SmwGwOto/status/2027932089241505969","853206219611185152","SmwGwOto"
"2027928718489112841","2026-03-01T02:07:38.000Z","41","UPDATE HARGA BBM PER 1 MARET 2026 

Semua harga BBM non-subsidi pada semua SPBU baik yang berjenis bensin maupun diesel naik! https://t.co/tP4pGqWzuj","2027928718489112841","https://pbs.twimg.com/media/HCSma1Zb0AA__KO.jpg","","in","","2","3","11","https://x.com/Jateng_Twit/status/2027928718489112841","785145642","Jateng_Twit"
"2027850396988018854","2026-02-28T21:51:46.000Z","10","@zakiberkata Prediksi langkah Pemerintah 2026:

​BBM Non-Subsidi naik seketika ikuti harga global.

​Kuota Pertalite/Solar diperketat via sistem digital agar tepat sasaran.

​Jika BBM subsidi terpaksa naik, BLT disiapkan sbg bantalan sosial guna redam gejolak.","2027864330369437701","","zakiberkata","in","","0","1","0","https://x.com/jatmikk/status/2027864330369437701","225806046","jatmikk"
"2021209539966554207","2026-02-10T15:51:34.000Z","0","@oreo_biskuitz BBm non subsidi naik turun sudah biasa

Yang subsidi ga naik kok","2021250698822713708","","oreo_biskuitz","in","","0","0","0","https://x.com/Jateng_Twit/status/2021250698822713708","785145642","Jateng_Twit"
"2019074995612488140","2026-02-04T15:46:06.000Z","3","We all should be scared guys. MBG ini ga cuma berdampak non-multiplier effect ke perekonomian di masyarakat tapi juga menggeser layanan dan kebutuhan primer kita kaya gaji guru, bpjs kesehatan, pemulihan bencana. Habis ini apa lagi? Penghapusan subsidi bbm? Pajak&amp;PNBP naik? Kacau","2019074995612488140","","","in","","1","1","1","https://x.com/blackkuromee/status/2019074995612488140","945310412890832896","blackkuromee"
"2017977574991995284","2026-02-01T15:05:20.000Z","150","BREAKING NEWS— Mafia Minyak yang sudah bertahun-tahun mencekik rakyat Indonesia dengan membuat harga BBM lebih mahal daripada seharusnya  resmi jadi buronan Interpol di 196 Negara.

Status buronan internasional resmi disematkan kepada tersangka kasus korupsi tata kelola minyak https://t.co/0CZsOXVn6J","2017977574991995284","https://pbs.twimg.com/ext_tw_video_thumb/2017977528649232384/pu/img/iWFHv9lf0gM78SSe.jpg","","in","","8","45","71","https://x.com/Heraloebss/status/2017977574991995284","1251824880967774208","Heraloebss"
"2017838207208128699","2026-02-01T05:51:32.000Z","7","bbm non subsidi turun.

kmrn malem aku isi, kirain bakal naik ke 13 ribuan lg ternyata hari ini turunnya lumayan😭 https://t.co/L6T8BDEua4","2017838207208128699","https://pbs.twimg.com/media/HADNJUPbEAIRqrM.jpg","","in","","1","4","3","https://x.com/nocturnalcutie/status/2017838207208128699","1015567402292006918","nocturnalcutie"
"2009554163831886075","2026-01-09T09:13:43.000Z","0","Distribusi BBM-LPG Terjaga Sepanjang 2025, Konsumsi Non-Subsidi Naik https://t.co/209GX07TfP","2009554163831886075","","","in","","0","0","0","https://x.com/detikfinance/status/2009554163831886075","135795460","detikfinance"
"2000437894985720078","2025-12-15T13:16:25.000Z","7","@Mdy_Asmara1701 Brutal nya negara ini 
Bantuan kena PAJAK @Menkeu 
Paket internet @Telkomsel semakin mencekik 
Harga Gas LPG @pertamina melambung 
Harga sayuran juga naik.
Yang semakin Turun Hanya Harga diri Pejabat, namun mereka tetap cari muka di tembok. https://t.co/vmiE4y4yJD","2000555546332823880","https://pbs.twimg.com/media/G8Nmp7FakAAMdvj.jpg","Mdy_Asmara1701","in","","0","2","3","https://x.com/arman041411/status/2000555546332823880","1642851258708148262","arman041411"
"1998771794606739611","2025-12-10T15:08:25.000Z","641","Media Internasional: Terancam kelaparan Warga terdampak banjir–longsor di wilayah Tengah Aceh (Gayo) terpaksa berjalan puluhan kilometer dan ber hari hari melintasi medan ekstrem hanya untuk membeli beras dan BBM dengan harga mencekik—sementara negara tak juga hadir. Padahal https://t.co/H6OzCHLhH4","1998771794606739611","https://pbs.twimg.com/ext_tw_video_thumb/1998771651543183368/pu/img/inWTulB_mpd-2VKW.jpg","","in","","4","14","535","https://x.com/Aceh/status/1998771794606739611","9688522","Aceh"
"1996168834643042715","2025-12-03T14:58:32.000Z","4","@KangSemproel BBM subsidi hilang di spbu, pas mau ngantri abiiis..bis bis..pindah ke non subsidi naik..kurang anjing gmn lgi nih😏","1996232591280844930","","KangSemproel","in","","0","2","1","https://x.com/Legislator75/status/1996232591280844930","1563956377478778880","Legislator75"
"1996076390656213097","2025-12-03T04:37:51.000Z","2","Pertamina memastikan SPBU tetap aman beroperasi, harga BBM non-subsidi tidak naik, dan distribusi energi tetap lancar.

https://t.co/ciI8sSRuOE 

#EnergizingYou 
#MelayaniIndonesiaDenganHati https://t.co/FpdZgxA00r","1996076392728199247","https://pbs.twimg.com/media/G7N83CZbgAYJMXJ.jpg","pertamina","in","","0","3","0","https://x.com/pertamina/status/1996076392728199247","171741891","pertamina"
"1995901573189546314","2025-12-02T17:03:11.000Z","1","Mulai Desember, Tarif BBM Non-Subsidi Naik di Seluruh Indonesia https://t.co/VMms0QYXJ4","1995901573189546314","","","in","","0","0","0","https://x.com/detikfinance/status/1995901573189546314","135795460","detikfinance"
"1995841149718986997","2025-12-02T13:03:05.000Z","28","Tanpa Suharto, tiada Habibie. Ternyata tokoh Islam alternatif yang dapat menggantikan Habibie adalah Emil Salim, ekonom yang pernah digadang menjadi ketua ICMI dan wapres 1998.

Daftar Presiden dan Wapres Indonesia

1. Sukarno - Moh. Hatta (1945-1956) 🔴🔴
Sukarno (1956-1961) https://t.co/9QZ6GHuTf2","1995841149718986997","https://pbs.twimg.com/media/G7Km6CIbgAIN6EK.png","","in","","1","2","3","https://x.com/zhil_arf/status/1995841149718986997","1630070009446952960","zhil_arf"
"1995404627156840709","2025-12-01T08:08:30.000Z","11","KOMPAK MERAH MEMBARA ALIAS NAIK HARGA!

Mengutip sumber terkait, BBM NON SUBSIDI alami kenaikan harga diseluruh vendor penjualan bahan bakar kendaraan per 1 Desember 2025.

#infomjkt #kotamojokerto #kabupatenmojokerto #bbmnonsubsidi #bensin #bbmsubsidi #pertalite #pertamax https://t.co/tnO3bUyEDu","1995404627156840709","https://pbs.twimg.com/media/G7EZ7vnaYAAutBV.jpg","","in","","1","2","4","https://x.com/infomjkt/status/1995404627156840709","2916804137","infomjkt"
"1995306438160466378","2025-12-01T01:38:20.000Z","659","Pagiiii. BBM non Subsidi per bulan ini naik yaa~ https://t.co/NQdz4JmWj6","1995306438160466378","https://pbs.twimg.com/media/G7DAoOXaIAIG4VD.jpg","","in","","95","97","163","https://x.com/hrdbacot/status/1995306438160466378","501800437","hrdbacot"
"1995258569139388633","2025-11-30T22:28:07.000Z","2","Resmi! Harga BBM Non Subsidi Pertamina Naik per 1 Desember 2025 https://t.co/cgpvFx1mxB","1995258569139388633","","","in","","2","0","0","https://x.com/cnbcindonesia/status/1995258569139388633","847372542830444544","cnbcindonesia"
"1985278512161599891","2025-11-03T09:30:56.000Z","1","November, Tarif Listrik Stabil Tapi Harga BBM Non-Subsidi Naik
https://t.co/ZOeycSWIZK","1985278512161599891","","","in","","0","0","0","https://x.com/cnbcindonesia/status/1985278512161599891","847372542830444544","cnbcindonesia"
"1984507252028686474","2025-11-01T06:26:13.000Z","1","PT Pertamina (Persero) resmi menetapkan harga terbaru Bahan Bakar Minyak (BBM) mulai berlaku pada Sabtu (1/11). Berdasarkan pengumuman melalui laman resmi MyPertamina, sejumlah harga BBM non-subsidi mengalami penyesuaian terutama jenis bahan bakar diesel.

Pertamina menetapkan https://t.co/dUqZJxHN7v","1984507252028686474","https://pbs.twimg.com/media/G4pixRcbQAk4K90.jpg","","in","","0","0","0","https://x.com/SINDOnews/status/1984507252028686474","231355136","SINDOnews"
"1984290612930331112","2025-10-31T16:05:23.000Z","0","RESMI Harga BBM Subsidi-Non Subsidi Pertamina Terbaru Mulai 1 November 2025, Naik dari Oktober

Baca: https://t.co/lmQELegCNt","1984290612930331112","","","in","","0","0","0","https://x.com/tribunpontianak/status/1984290612930331112","115936810","tribunpontianak"
"1980566010794217653","2025-10-21T09:25:08.000Z","86","Berikut adalah alasan utama mengapa program BLT masih dipertahankan, berdasarkan pernyataan resmi dan analisis ekonom: 

1. Perlindungan bagi Masyarakat yang Tidak Beruntung atau Rentan Miskin

BLT dirancang untuk melindungi kelompok masyarakat yang secara struktural kurang https://t.co/J4fCDEXl8y","1980566010794217653","https://pbs.twimg.com/ext_tw_video_thumb/1980565660913549312/pu/img/hfJUtcTKWoGsmQpe.jpg","","in","","4","16","29","https://x.com/Heraloebss/status/1980566010794217653","1251824880967774208","Heraloebss"
"1973245048184869057","2025-10-01T04:34:15.000Z","266","🚨 UPDATE: Ini dia harga BBM per Oktober 2025, naik!

Seluruh BBM swasta dan diesel non subsidi menyesuaikan harga dengan kenaikan Rp 100-310 per liternya.

Harga bensin naik, tapi stoknya memang udah ada? https://t.co/NNjCE85OBM","1973245048184869057","https://pbs.twimg.com/media/G2JfTyXaIAEZvA2.jpg","","in","","11","14","12","https://x.com/LambeResing/status/1973245048184869057","1268958732794261505","LambeResing"
"1969006139909235093","2025-09-19T11:50:20.000Z","66","Istri dan anak saya marah-marah karena SPBU Shell nggak jualan, katanya kosong.

""Orang nggak mau beli Pertamax kok dipaksa beli Pertamax!""

Katanya Bahlil, dia sudah kasih tambahan 10% untuk SPBU swasta dibanding tahun lalu.

Artinya, pertumbuhan omset usaha swasta dibatasi","1969006139909235093","","","in","","2","11","17","https://x.com/hasyimmah/status/1969006139909235093","185156524","hasyimmah"
"1968114353049309428","2025-09-17T02:41:40.000Z","22","@kompascom Ya Pertamina tdk monopoli, tp pemerintahlah  ""mencekik"" Swasta dgn aturannya,  krn salah saing.","1968143288596328576","","kompascom","in","","0","0","2","https://x.com/EfriSafitra1/status/1968143288596328576","1345370491255603203","EfriSafitra1"
"1967227386921140265","2025-09-16T23:11:28.000Z","2","@KangSemproel @budmul80 @rasjawa @LafaWindy kemarin @pertamina anda bilang penjualan BBM non subsidi naik.. trnyata dari hasil zholim sama swasta? Gila..!!","1968090387538731074","","KangSemproel","in","","1","0","1","https://x.com/minionsthe6/status/1968090387538731074","1509095779964977154","minionsthe6"
"1967920181361119742","2025-09-16T11:55:08.000Z","0","Menteri ESDM Bahlil Lahadalia menegaskan tidak akan membuka tambahan impor BBM non-subsidi untuk SPBU swasta.

Ia menekankan, kuota impor 2025 sudah naik 110% dibanding tahun 2024.
""Biar jelas, SPBU swasta sudah kami beri kuota impor lebih besar tahun ini,"" ujarnya, Selasa https://t.co/KU3Z3ucMXj","1967920181361119742","https://pbs.twimg.com/amplify_video_thumb/1967910208824545282/img/XRbxRXq96Ml7-Jmf.jpg","","in","","0","0","0","https://x.com/officialinews_/status/1967920181361119742","132078023","officialinews_"
"1967589170936958999","2025-09-15T13:59:49.000Z","0","Video: Konsumsi BBM Non Subsidi Naik - Rumania Kecam Drone Rusia https://t.co/KFWL0sRkak","1967589170936958999","","","in","","0","0","0","https://x.com/cnbcindonesia/status/1967589170936958999","847372542830444544","cnbcindonesia"
"1965284199419859150","2025-09-09T10:50:44.000Z","5","@Najazi731 @ucshaken GUA KASIH 7 BRO SISANYA BREAKDOWN SENDIRI WKWK

Sri Mulyani selama menjabat sebagai Menteri Keuangan (dua periode: era SBY &amp; Jokowi). Fokusnya ke hal-hal yang nyata, berdampak buat negara, rakyat, dan kesejahteraan:

1. Ekonomi Tumbuh Stabil
Di bawah kepemimpinannya, Indonesia","1965367262380216437","","Najazi731","in","","1","1","0","https://x.com/varreldept/status/1965367262380216437","1951774371405803520","varreldept"
"1964890300478112127","2025-09-08T03:15:28.000Z","0","Pertamax Tetap, Harga BBM Bensin Non Subsidi di SPBU Shell-BP Naik
https://t.co/toGsAqaI4R","1964890300478112127","","","in","","0","0","0","https://x.com/cnbcindonesia/status/1964890300478112127","847372542830444544","cnbcindonesia"
"1962452504693936340","2025-09-01T09:48:32.000Z","0","Harga BBM Non-Subsidi September 2025

Mulai 1 September 2025, seluruh produsen BBM di Indonesia resmi ubah harga jual. Hasil pantauan dari Pertamina, Shell, BP, dan Vivo:

RON 92 (Pertamax dkk)
Pertamax Rp12.200 ➡️ tetap
Shell Super Rp12.580 ➡️ tetap
BP 92 Rp12.610 ➡️ naik Rp60 https://t.co/DrJVgcTeCP","1962452504693936340","https://pbs.twimg.com/media/GzwIJytaQAAh4bT.jpg","","in","","0","0","1","https://x.com/inilahdotcom/status/1962452504693936340","46693036","inilahdotcom"
"1959858283553931537","2025-08-25T06:00:01.000Z","1","Pertamina menyesuaikan harga BBM non subsidi, Pertamax Turbo naik sedangkan Pertamax Green turun. https://t.co/p02gqDacGS","1959858283553931537","https://pbs.twimg.com/media/GzLAwxPaYAA2GyM.jpg","","in","","0","0","0","https://x.com/informasicom/status/1959858283553931537","1173853316511485952","informasicom"
"1951083345884193234","2025-08-01T00:51:33.000Z","210","Harga BBM non subsidi terbaru.

Diesel naik semua😭 https://t.co/P7pAZEay12","1951083345884193234","https://pbs.twimg.com/media/GxOj9mIaIAMBEHz.jpg","","in","","18","32","60","https://x.com/innovacommunity/status/1951083345884193234","1466179188096913412","innovacommunity"
"1940073216170762560","2025-07-02T01:18:14.000Z","2","@bangherwin BBM non subsidi udah naik, pajak otw 😩","1940218425089118491","","bangherwin","in","","0","0","0","https://x.com/DS_yantie/status/1940218425089118491","1374686160748830724","DS_yantie"
"1939978770297102722","2025-07-01T09:25:56.000Z","1","Harga BBM Pertamina non subsidi per 1 Juli 2025 resmi naik. SPBU swasta seperti Shell, Vivo dan BP-AKR juga kompak menaikkan harga BBM yang mereka jual per 1 Juli.

Pertamax naik menjadi Rp12.500 per liter dari sebelumnya Rp12.100, Pertamax Green menjadi Rp13.250 dari Rp12.800, https://t.co/g0NA8d1C8N","1939978770297102722","https://pbs.twimg.com/media/GuwwQWeXwAA92RA.jpg","","in","","0","0","2","https://x.com/RadioElshinta/status/1939978770297102722","121640063","RadioElshinta"
"1939961170196058344","2025-07-01T08:16:00.000Z","0","Harga BBM solar di Indonesia naik, termasuk di SPBU Pertamina, Shell, VIVO, dan BP. Biosolar tetap Rp 6.800, sementara diesel non-subsidi mengalami kenaikan. https://t.co/3nbdpA0ZCX","1939961170196058344","","","in","","0","0","0","https://x.com/detikfinance/status/1939961170196058344","135795460","detikfinance"
"1939931059501600845","2025-07-01T06:16:21.000Z","4","KOMPAK NAIK

Kenaikan harga BBM Non Subsidi mengawali bulan Juli 2025. Berkisar antara Rp 400 - Rp 590an dari harga sebelumnya.

Infografis harga BBM ber.kendara 

#infomjkt #infomojokerto #kotamojokerto #kabupatenmojokerto #bbmNonSubsidi #pertamax #pertamaxturbo #ron92 up https://t.co/eQ0K9p1Od7","1939931059501600845","https://pbs.twimg.com/media/GuwFBBoW4AAzSnU.jpg","","in","","0","1","0","https://x.com/infomjkt/status/1939931059501600845","2916804137","infomjkt"
"1939898507357208997","2025-07-01T04:07:00.000Z","0","Harga BBM Non Subsidi di Jogja Naik per Juli 2025, Pertamax Kini Rp12.500 per Liter
https://t.co/e2Y3GGP1y8","1939898507357208997","","","in","","0","0","0","https://x.com/Harian_Jogja/status/1939898507357208997","118371948","Harian_Jogja"
"1939859473302265876","2025-07-01T01:31:53.000Z","205","Sesuai prediksi banyak orang, bulan ini harga BBM non subsidi kompak, naik semua. https://t.co/WE3nM8MF5U","1939859473302265876","https://pbs.twimg.com/media/GuvD6PZWQAA2OXO.jpg","","in","","16","28","63","https://x.com/innovacommunity/status/1939859473302265876","1466179188096913412","innovacommunity"
"1939841590077313513","2025-07-01T00:20:50.000Z","0","Harga BBM Non Subsidi di Jogja Naik per Juli 2025, Pertamax Kini Rp12.500 per Liter https://t.co/e2Y3GGP1y8 https://t.co/7LFFA6JekB","1939841590077313513","https://pbs.twimg.com/media/GuuzpVHXwAAEc9E.jpg","","in","","0","0","0","https://x.com/Harian_Jogja/status/1939841590077313513","118371948","Harian_Jogja"
"1939816891868225620","2025-06-30T22:42:41.000Z","2","Sesuai prediksi, hari ini harga BBM non-subsidi naik.

Untung kemarin udah isi full tank 🤭","1939816891868225620","","","in","","0","0","0","https://x.com/penumpangbus/status/1939816891868225620","1566973143591571457","penumpangbus"
"1939726015418572957","2025-06-30T16:41:35.000Z","4","Mulai 1 Juli 2025, harga BBM non subsidi di SPBU Pertamina resmi naik.

Di DKI Jakarta, Pertamax kini dibanderol Rp12.500 per liter dari sebelumnya Rp12.100.

Kenaikan ini berlaku nasional. https://t.co/ffffIEhoT6","1939726015418572957","https://pbs.twimg.com/media/GutKguuakAAQvae.jpg","","in","","0","0","0","https://x.com/sosmednonformal/status/1939726015418572957","1696047253876809728","sosmednonformal"
"1935116702749999362","2025-06-17T23:44:50.000Z","0","@kusput25 @thesaviour Harga minyak dunia memang sangat berpengaruh ke harga minyak di Indonesia, terutama untuk BBM non-subsidi, karena sekitar 60% biaya produksinya berasal dari harga minyak mentah global. 

Kalau harga minyak dunia naik, biasanya harga BBM non-subsidi di Indonesia juga ikut","1935121490367648092","","kusput25","in","","0","0","0","https://x.com/AskPerplexity/status/1935121490367648092","1882198073168080896","AskPerplexity"
"1923758328821219823","2025-05-18T07:57:51.000Z","21","@ShamsiAli2 Malaysia itu pengekspor minyak,
Indonesia itu pengimpor minyak.

Kebutuhan BBM Malaysia kecil, karena jumlah kendaraannya sedikit jadi minyaknya bisa di eksport, ketika harga minyak dunia naik cuannya makin naik.
Kebutuhan BBM Indonesia besar, bahkan 50% masih import, belum biaya","1924011537553031265","","ShamsiAli2","in","","2","11","4","https://x.com/tekarok007/status/1924011537553031265","1184695438365974528","tekarok007"
"1918665840289100011","2025-05-03T13:58:59.000Z","4","Emang negara ini bisa ngasih apa lagi selain LPDP ke kelas menengah pembayar pajak? Sekolah negeri favorit buat naik kelas udah ilang karena zonasi, mau kerja di luar negeri susah karena ngurus visa yg ribet, Harga BBM subsidi dan non-subsidi lebih tinggi dari negara tetangga 💁","1918666602876399922","","hazmi_ash","in","","1","0","0","https://x.com/hazmi_ash/status/1918666602876399922","258372282","hazmi_ash"
"1895841814256730443","2025-03-01T16:51:14.000Z","20","@AdhieMassardi Setelah menaikkan BBM, kemudian dibuat Peraturan untuk mencekik rakyat, dengan cara memaksa rakyat memakai produk Pertamina walaupun harganya mahal, dan SPBU asing tidak diperbolehkan menjual BBM dIbawah  harga BBM Pertamina. Hanya iblis yang tega membuat peraturan sekejam ini.","1895879512581423368","","AdhieMassardi","in","","0","1","2","https://x.com/Razieq97/status/1895879512581423368","1434704169588256773","Razieq97"
"1895806836038914056","2025-03-01T16:10:16.000Z","27","@BosPurwa Peraturan dIbuat untuk mencekik rakyat, pemerintah ingin memaksa rakyat memakai produk Pertamina walaupun mahal, dan SPBU asing tidak diperbolehkan menjual BBM dIbawah  harga BBM Pertamina. Hanya iblis yang tega membuat peraturan sekejam ini.","1895869202894111201","","BosPurwa","in","","0","0","2","https://x.com/Razieq97/status/1895869202894111201","1434704169588256773","Razieq97"
"1895502033454768576","2025-03-01T02:21:11.000Z","3","@erickthohir Setelah kasus korupsi di PT Pertamina terbongkar, tidak ada alasan lagi untuk mempertahankan harga BBM yang mencekik rakyat. Saatnya @erickthohir  @bahlillahadalia  dan pemerintah bertindak tegas,turunkan harga BBM sekarang! Kesempatan di moment ramadhan Mubarak.","1895660559129018530","","erickthohir","in","","0","0","0","https://x.com/seringham62617/status/1895660559129018530","1736274642153918464","seringham62617"
"1886405112899490152","2025-02-03T16:07:42.000Z","3","@geloraco Ko BBM langkah dan tiba² harga naik, seperti Pertamax &amp; BBM lainnya dr non pemerintah...Smntra utk Subsidi hrs pake barcode,,aneh bin ajaib aturan ini...","1886446474550247849","","geloraco","in","","0","0","1","https://x.com/saopenabaca/status/1886446474550247849","157262056","saopenabaca"
"1886331500544848263","2025-02-03T08:44:25.000Z","2","Belom setahun kerja, udah nganeh2 aja
- Pengurangan operasional transportasi umum (khususnya BisKita dan Teman Bus)
- Harga BBM naik
- Elpiji 3kg distop, diganti non-subsidi

cc @krishnayana95 kali2 mau nambahin :) https://t.co/upgeOxwR3C","1886334919686987915","https://pbs.twimg.com/media/Gi2bU72a0AAoned.png","HinoBalap","in","","0","1","0","https://x.com/HinoBalap/status/1886334919686987915","1640327171498713089","HinoBalap"
"1885611799682465935","2025-02-01T08:51:00.000Z","11","Harga bbm NON subsidi naik per 1 Februari 2025 https://t.co/XFnfojqcUh","1885611799682465935","https://pbs.twimg.com/media/GisJ71YbIAA3hQQ.jpg","","in","","1","1","4","https://x.com/Jateng_Twit/status/1885611799682465935","785145642","Jateng_Twit"
"1885481363740254551","2025-02-01T06:29:51.000Z","45","@innovacommunity Bbm non subsidi harusnya ikutin harga minyak dunia. Tp di indo nggak ngaruh, minyak dunia turun mau kaya gimanapun tetep harga segitu2 aja. Giliran harga dunia naik langsung ikutan naik","1885576278449021181","","innovacommunity","in","","1","1","0","https://x.com/raihanaditya86/status/1885576278449021181","943772424","raihanaditya86"
"1881231088175157432","2025-01-20T07:02:07.000Z","5","@e100ss LPG naik, beberapa bahan pokok juga naik, air mineral naik, bbm non subsidi juga naik.
Oh iya kali aja kalau gak ada bapak ini kenaikannya bisa 500% yaaa.
Terimakasih pak prab","1881235744381182374","","e100ss","in","","1","0","0","https://x.com/suaminyafanny/status/1881235744381182374","2582197532","suaminyafanny"
"1877951069851931002","2025-01-11T05:30:00.000Z","0","Harga BBM Non-Subsidi Naik, Ini Cara Hemat Bensin Motor
https://t.co/QEVoJJmg85","1877951069851931002","","","in","","0","0","0","https://x.com/SINDOnews/status/1877951069851931002","231355136","SINDOnews"
"1874699752274870690","2025-01-02T06:10:25.000Z","0","1 Januari 2025, Harga BBM Non Subsidi Naik
https://t.co/gnclmy8Ng5","1874699752274870690","","","in","","0","0","0","https://x.com/cnbcindonesia/status/1874699752274870690","847372542830444544","cnbcindonesia"
"1874471430714454022","2025-01-01T15:03:09.000Z","8","Memasuki tahun 2025 ada sejumlah informasi baru seputar kenaikan harga Bahan Bakar Minyak (BBM) non subsidi di SPBU di seluruh Indonesia per 1 Januari 2025.

Berikut informasinya, Kawan!

#BBM #NonSubsidi #Naik #JawaTimur #Surabaya #SuaraSurbaya #SuaraSurabayaMedia #infografiss https://t.co/CiJkRq9MDw","1874471430714454022","https://pbs.twimg.com/media/GgN10_uakAEJQ8J.jpg","","in","","0","2","5","https://x.com/e100ss/status/1874471430714454022","848614550","e100ss"
"1874289808371315127","2025-01-01T04:21:26.000Z","11","@idextratime Ini yg pada marah² ga tau ya, kalo tiap tanggal 1 eti ngepost update perubahan harga BBM di Pertamina dan SPBU swasta lainnya. Untuk non subsidi (selain Pertalite) kadang naik, pernah juga turun ngikutin harga pasar. Pertalite mah ya tetep segitu aja selama ngga ada perubahan 😁.","1874309934722277730","","idextratime","in","","0","2","0","https://x.com/vangkitongki/status/1874309934722277730","834405706308608000","vangkitongki"
"1874306284855701764","2025-01-01T04:06:55.000Z","45","[Breaking news] NAIK
Kenaikan BBM (hanya) NON SUBSIDI untuk wilayah Daerah Istimewa Yogyakarta mulai tanggal 1 Januari 2025

•Pertamax 92 Rp 12.100 » Rp𝟏𝟐.𝟓𝟎𝟎
•Pertamax TURBO Rp 13.550 » Rp𝟏𝟑.𝟕𝟎𝟎
•Dex Lite Rp 13.400 » Rp𝟏𝟑.𝟔𝟎𝟎
•Pertamina Dex Rp 13.800 » https://t.co/szxCSVNTPw","1874306284855701764","https://pbs.twimg.com/media/GgLfoSwbYAE1fJk.jpg","","in","","5","6","9","https://x.com/merapi_uncover/status/1874306284855701764","1279804428724211712","merapi_uncover"
"1874289808371315127","2025-01-01T03:52:18.000Z","25","@idextratime Padahal BBM non subsidi mah tiap bulan emang naik/turun ngikutin harga minyak dunia, tapi ko pada galak galak bangat komennya","1874302603993244121","","idextratime","in","","0","0","1","https://x.com/novembeer8/status/1874302603993244121","1249699771167592448","novembeer8"
"1874259001338200311","2025-01-01T00:59:02.000Z","0","Non-subsidi Resmi Naik, Ini Harga Terbaru BBM Mulai 1 Januari 2025 https://t.co/XQVBCuZJn4 https://t.co/ymHu1uzJxY","1874259001338200311","https://pbs.twimg.com/media/GgK0oP2WcAAAFnH.jpg","","in","","0","0","0","https://x.com/Harian_Jogja/status/1874259001338200311","118371948","Harian_Jogja"
"1874141124874690971","2024-12-31T18:15:51.000Z","2","@Notonogoro67941 Untuk kategori BBM Non Subsidi memang sering turun naik Bro
Karena dipengaruhi langsung harga minyak mentah dunia
Coba baca berita CNBC ini ..
Alasan yang sama persis dengan kenaikan BBM besok, malah awal Oktober pertamax turun dari 12.950 jadi 12.100
Kalau urusan BBM non subsidi https://t.co/sRhk1vtkzg","1874157538440290677","https://pbs.twimg.com/media/GgJYWT9bYAM7aZ2.jpg","Notonogoro67941","in","","0","0","0","https://x.com/StefanAntonio__/status/1874157538440290677","1529491450605768704","StefanAntonio__"
"1874022701624656262","2024-12-31T09:20:04.000Z","134","Shell nitro+ dmana2 kosong, bagaimana di tempat kalian?

Apakah ini tanda2 besok, harga BBM non subsidi akan naik? https://t.co/aUyYVRqdqt","1874022701624656262","https://pbs.twimg.com/media/GgHdtyGboAE_I1I.jpg","","in","","4","35","13","https://x.com/innovacommunity/status/1874022701624656262","1466179188096913412","innovacommunity"
"1869255613911572870","2024-12-18T05:37:22.000Z","13","Ironis emang, tapi kenyataan begitu.
Sebagian besar Orang miskin itu lebih banyak belain orang kaya raya daripada sesamanya yang miskin.
Lihat aja BBM non subsidi naik, Demo.
PPN barang mewah naik, Demo.
""Sabun dan sampo kok barang mewah?""
Mereka gak tau ada yang harganya jutaan+","1869255613911572870","","","in","","1","5","3","https://x.com/tekarok007/status/1869255613911572870","1184695438365974528","tekarok007"
"1869240303892500804","2024-12-18T04:36:31.000Z","15","Harga BBM Non-Subsidi Naik Lagi https://t.co/ne6n4BIKBQ","1869240303892500804","https://pbs.twimg.com/media/GfDf4VnbcAA1KD0.jpg","","in","","1","0","4","https://x.com/BeritaJalananID/status/1869240303892500804","3300596173","BeritaJalananID"
"1869193415969399136","2024-12-18T01:30:12.000Z","2","Premium menghilang muncul pertalite, yg sering menghilang ketika bbm ""non subsidi"" naik.","1869193415969399136","","","in","","0","0","0","https://x.com/al_bataw1/status/1869193415969399136","476422788","al_bataw1"
"1866339604561027133","2024-12-10T04:30:11.000Z","4","mahasewa+ anak abah+ buzzer lowbet teriak2 gak terima, karena bakalan bikin orang kaya raya idupnya susah.

Modelan ginian kok ngajakin diskusi? mending belajar membaca dulu dah.
Kemarin juga BBM Non Subsidi harganya naik juga ga terima,
yg mereka belain tuh orang kaya drdulu","1866339604561027133","","","in","","0","1","0","https://x.com/tekarok007/status/1866339604561027133","1184695438365974528","tekarok007"
"1865756387013529789","2024-12-09T03:06:14.000Z","6","@fe_iman cerdas? masa bilang
""Papua Nugini All in Anies""
""Bintang Bokep dijadikan profesor""
""Nenek Oplas dibilang digebukin""
""PPN barang mewah naik 12% di demo karena bikin rakyat miskin susah""
""BBM Non subsidi naik, di demo karena bikin rakyat miskin susah""
Makanya Prabowo kalah mulu,","1865956090372071489","","fe_iman","in","","0","0","1","https://x.com/tekarok007/status/1865956090372071489","1184695438365974528","tekarok007"
"1863436009872216266","2024-12-02T04:12:20.000Z","0","1 Desember 2024, Harga Sebagian BBM Non Subsidi Pertamina Naik
https://t.co/iummFo8xYA","1863436009872216266","","","in","","1","0","0","https://x.com/cnbcindonesia/status/1863436009872216266","847372542830444544","cnbcindonesia"
"1863117542874825069","2024-12-01T09:20:29.000Z","5","@V3g3L Minyak dunia turu akibat pasokan berlebih, tapi desember harga bbm non subsidi naik, kan asu. Ini lama2 rakyat dianggap konsumen negara jadi pedagangnya","1863151170497237029","","P3gEl","in","","0","0","0","https://x.com/inspired_007/status/1863151170497237029","75395185","inspired_007"
"1863101635289121248","2024-12-01T06:03:39.000Z","0","Harga BBM Non Subsidi Pertamina Resmi Naik per 1 Desember 2024, Ini Daftarnya

Link Artikel : https://t.co/cb0YGXeVtf","1863101635289121248","","","in","","0","1","0","https://x.com/VIVAcoid/status/1863101635289121248","41730943","VIVAcoid"
"1863025239921234186","2024-12-01T01:00:05.000Z","13","PT Pertamina mengumumkan penyesuaian harga bahan bakar minyak (BBM) per 1 Desember 2024 di seluruh SPBU di Indonesia. Di mana, ada terjadi kenaikan pada harga BBM non subsidi, seperti Dexlite, Pertamina DEX, dan Pertamax Turbo (RON 98).

Untuk daerah Jakarta dan sekitarnya, https://t.co/uIG77mfLyp","1863025239921234186","https://pbs.twimg.com/media/GdrLlPGWgAECB3c.jpg","","in","","1","1","2","https://x.com/VIVAcoid/status/1863025239921234186","41730943","VIVAcoid"
"1862990793864315107","2024-11-30T22:43:12.000Z","12","Harga BBM Non Subsidi Pertamina Resmi Naik, Berlaku 1 Desember 2024 https://t.co/fgkoPLFsPY","1862990793864315107","","","in","","0","0","10","https://x.com/cnbcindonesia/status/1862990793864315107","847372542830444544","cnbcindonesia"
"1862919799707451554","2024-11-30T18:01:06.000Z","1","Harga BBM Non Subsidi Pertamina Resmi Naik per 1 Desember 2024, Ini Daftarnya https://t.co/ze8K8142HO","1862919799707451554","","","in","","0","1","2","https://x.com/VIVAcoid/status/1862919799707451554","41730943","VIVAcoid"
"1862919684934545917","2024-11-30T18:00:38.000Z","153","Resmi, Harga 3 BBM Non Subsidi Pertamina Naik per 1 Desember 2024 https://t.co/L6KxS0YqVZ","1862919684934545917","","","in","","102","68","60","https://x.com/CNNIndonesia/status/1862919684934545917","17128975","CNNIndonesia"
"1862017384955212197","2024-11-28T06:17:17.000Z","41","Mereka bertahan dari badai PHK.  Kalau ojol gunakan bbm non subsidi, maka pilihan tarif naik atau mereka berguguran.","1862017905204015140","","pakmul63","in","","0","5","10","https://x.com/pakmul63/status/1862017905204015140","939330351377162241","pakmul63"
"1852602863048159342","2024-11-02T06:45:16.000Z","1","Pertamina Jatimbalinus Umumkan Evaluasi Harga BBM Non Subsidi Naik Kecuali Pertamax https://t.co/U1HjJdJL57","1852602863048159342","","","in","","0","1","0","https://x.com/e100ss/status/1852602863048159342","848614550","e100ss"
"1852262746836078629","2024-11-01T08:13:46.000Z","0","Harga BBM Non Subsidi di Seluruh SPBU Kompak Naik, ESDM Buka Suara
https://t.co/P4FNyZELK7","1852262746836078629","","","in","","0","0","0","https://x.com/cnbcindonesia/status/1852262746836078629","847372542830444544","cnbcindonesia"
"1852180762105360404","2024-11-01T02:48:00.000Z","1","Harga BBM Non Subsidi Resmi Naik 1 November, Kecuali Pertamax Cs

https://t.co/kgQZYOVDsa","1852180762105360404","","","in","","0","0","1","https://x.com/cnbcindonesia/status/1852180762105360404","847372542830444544","cnbcindonesia"
"1852179028226240544","2024-11-01T02:41:06.000Z","1","Berikut rincian harga BBM non-subsidi Pertamina di wilayah Jakarta per 1 November 2024, semua naik kecuali Pertamax. https://t.co/c8a94j996L","1852179028226240544","","","in","","0","0","1","https://x.com/kompascom/status/1852179028226240544","23343960","kompascom"
"1852149455870660819","2024-11-01T00:43:36.000Z","0","Harga BBM Pertamina Non Subsidi Naik per 1 November 2024, Ini Daftarnya https://t.co/cF1LWPXrm5 #beritajogja #jogja #jogjaistimewa https://t.co/7H20EVWIUh","1852149455870660819","https://pbs.twimg.com/media/GbQoHW2akAA4jTd.jpg","","in","","0","0","0","https://x.com/Harian_Jogja/status/1852149455870660819","118371948","Harian_Jogja"
"1852017565876523324","2024-10-31T15:59:31.000Z","1","Harga BBM Non Subsidi Pertamina Resmi Naik, Berlaku 1 November 2024 https://t.co/ad8AfI3BIy","1852017565876523324","","","in","","0","0","1","https://x.com/cnbcindonesia/status/1852017565876523324","847372542830444544","cnbcindonesia"
"1830880219110268967","2024-09-03T08:07:15.000Z","0","Luhut Pastikan Harga BBM Tak Naik, Orang Kaya Wajib Non Subsidi

https://t.co/BNOVcrWFGG","1830880219110268967","","","in","","0","1","0","https://x.com/cnbcindonesia/status/1830880219110268967","847372542830444544","cnbcindonesia"
"1829454836674535550","2024-09-01T03:42:57.000Z","5","@mubin_nusantara @ChatibBasri Sebentar, diabaikan gimana. Wong diperhatikan kok. Pajak dibanyakin (Natura, TER). Subsidi transportasi umum mau dikurangin, PPN naik, BBM subsidi makin susah, mau beli yang non subsidi eh non subsidi termurah susah dicari. Diperhatiin kemenkeu terus kan kelas menengah ini ❤️","1830088932232667340","","mubin_nusantara","in","","0","0","0","https://x.com/welly_albinanto/status/1830088932232667340","280815624","welly_albinanto"
"1827544853875716576","2024-08-25T10:37:05.000Z","12","@JuneSky90 @saidiman @prabowo Salah satu ciri demokrasi liberal belum cocok di kita ya begini ini

Tidak bisa membedakan mana :

BBM bersubsidi
-&gt; Pertalite
-&gt; Harga dikontrol dg memberi subsidi agar harga jual tetap

BBM Non Subsidi
-&gt; Pertamax.
-&gt; Tidak disubsidi.
-&gt; Harga naik turun otomatis mengikuti","1827656437759435246","","JuneSky90","in","","3","1","3","https://x.com/nalar_logis/status/1827656437759435246","1557182798888198144","nalar_logis"
"1822789134144180356","2024-08-12T00:16:10.000Z","0","Fakta Harga BBM Non Subsidi Tiba-Tiba Naik https://t.co/sxrDk1sbWp","1822789134144180356","","","in","","0","0","0","https://x.com/okezonenews/status/1822789134144180356","47274731","okezonenews"
"1822460464787517475","2024-08-11T02:30:09.000Z","0","BBM non-subsidi jenis Pertamax resmi naik jadi Rp 13.700 karena Pertamina melakukan penyesuaian harga. https://t.co/Jt8PiwIjn2","1822460464787517475","","","in","","0","0","0","https://x.com/kompascom/status/1822460464787517475","23343960","kompascom"
"1822207498872316181","2024-08-10T09:44:57.000Z","2","PT Pertamina (Persero) melalui PT Pertamina Patra Niaga resmi menaikan harga bahan bakar minyak (BBM) non subsidi jenis Pertamax.

Harga bensin dengan nomor oktan atau RON 92 itu naik Rp750 per liter menjadi Rp13.700 per liter dari harga sebelumnya sebesar Rp12.950 per liter. https://t.co/LwfoaDlBMo","1822207498872316181","https://pbs.twimg.com/media/GUnIDAnXwAAKK8e.jpg","","in","","3","4","3","https://x.com/RadioElshinta/status/1822207498872316181","121640063","RadioElshinta"
"1822207149537124399","2024-08-10T09:43:34.000Z","0","Pertamina Patra Niaga memutuskan menaikkan harga BBM non-subsidi jenis Pertamax mulai 10 Agustus 2024. Lantas, apa alasan harga Pertamax naik? https://t.co/xkwbhCNQnc","1822207149537124399","","","in","","0","0","0","https://x.com/kompascom/status/1822207149537124399","23343960","kompascom"
"1822151759688569229","2024-08-10T06:03:28.000Z","2","PT Pertamina (Persero) resmi melakukan penyesuaian harga Bahan Bakar Minyak (BBM) non subsidi, khususnya jenis Pertamax (RON 92), berlaku efektif mulai Sabtu, 10 Agustus 2024.

Pertamina secara resmi mengumumkan penyesuaian harga BBM pada Jumat (09/08/2024) malam di situs resmi https://t.co/uAZlLuzk7c","1822151759688569229","https://pbs.twimg.com/media/GUmVXP4X0AACKgT.jpg","","in","","0","0","0","https://x.com/inilahdotcom/status/1822151759688569229","46693036","inilahdotcom"
"1820665992860901745","2024-08-06T03:39:33.000Z","0","Harga BBM Non Subsidi Pertamina Resmi Naik per 2 Agustus 2024, Berikut Rinciannya! https://t.co/NGH4Xzyus6 #beritajogja #jogja #jogjaistimewa https://t.co/n1FdBNP69E","1820665992860901745","https://pbs.twimg.com/media/GUROEqTbgAAXlxp.jpg","","in","","0","0","0","https://x.com/Harian_Jogja/status/1820665992860901745","118371948","Harian_Jogja"
"1819953429353234779","2024-08-04T04:28:05.000Z","1","Semua harga BBM Non Subsidi naik, baik dari Pertamina, Shell, BP, dan Vivo, kecuali Pertamax yang tetap Rp 12.950 https://t.co/Yj5J8bq6A0","1819953429353234779","","","in","","0","0","0","https://x.com/kompascom/status/1819953429353234779","23343960","kompascom"
"1819566824541114844","2024-08-03T09:18:21.000Z","2","@Aryprasetyo85 @03__nakula @2045Tv @__AnakKolong @_memoryusang @NgkongRoses @Anak__Ogi @AntoniusCDN @seruanhl @Muhayya__ Harga BBM nun subsidi kan memang fluktuatif bisa naik bisa turun mengikuti harga minyak global
Lagipun berapa % sih konsumsi minyak non subsidi sampai heboh banget minta non subsidi naik 😅😅😅","1819664088789647563","","Aryprasetyo85","in","","0","0","0","https://x.com/Nandagustiann/status/1819664088789647563","1086224330285973505","Nandagustiann"
"1819390392665887166","2024-08-02T15:10:46.000Z","7","Tercatat harga BBM Non Subsidi Pertamina stabil nih  sejak Maret 2024 meskipun ICP naik. Pertamina tetap mmemepertimbangkan  stabilitas ekonomi dan daya beli masyarakat

@ptm_patraniaga https://t.co/DzZYjRl1Id","1819390392665887166","https://pbs.twimg.com/media/GT_F62Zb0AIkQcR.jpg","","in","","0","21","9","https://x.com/Seputar_Energi_/status/1819390392665887166","1346280409","Seputar_Energi_"
"1819292805443019149","2024-08-02T08:43:00.000Z","0","Video: Tok! Harga BBM Non-Subsidi Kompak Naik
https://t.co/yx8GiFE8y4","1819292805443019149","","","in","","0","1","0","https://x.com/cnbcindonesia/status/1819292805443019149","847372542830444544","cnbcindonesia"
"1819274147375337758","2024-08-02T07:28:51.000Z","44","Legislator: Harga BBM Non Subsidi Layak Naik agar Tak Bebani APBN  

https://t.co/ZLpOYDMzXo

#EnergizingYou https://t.co/d02AzuOyyJ","1819274147375337758","https://pbs.twimg.com/media/GT9cLchb0AIyKBT.png","","in","","0","57","45","https://x.com/InfoJktCom/status/1819274147375337758","741173384","InfoJktCom"
"1819204996401172693","2024-08-02T02:54:04.000Z","1","Terbaru! Harga BBM Non Subsidi Pertamina Naik Kecuali Pertamax, Ini Daftarnya https://t.co/CML2nkooIy","1819204996401172693","","","in","","0","1","0","https://x.com/VIVAcoid/status/1819204996401172693","41730943","VIVAcoid"
"1819194429196103745","2024-08-02T02:12:05.000Z","0","Terbaru! Harga BBM Non Subsidi Pertamina Naik Kecuali Pertamax, Ini Daftarnya https://t.co/FgKbfUA03W","1819194429196103745","","","in","","0","0","0","https://x.com/VIVAcoid/status/1819194429196103745","41730943","VIVAcoid"
"1818934266849591318","2024-08-01T08:58:18.000Z","0","Kurangi Beban APBN, Pimpinan Komisi VII Usul Harga BBM Non Subsidi Naik
https://t.co/Q9pG6r0Ahn","1818934266849591318","","","in","","0","0","0","https://x.com/rmol_id/status/1818934266849591318","990237626","rmol_id"
"1818927474597880099","2024-08-01T08:31:18.000Z","27","Legislator: Harga BBM Non Subsidi Layak Naik agar Tak Bebani APBN

https://t.co/KmsS637jZ7

#EnergizingYou https://t.co/Es1ptHPBft","1818927474597880099","https://pbs.twimg.com/media/GT4g3asbwAA-TaG.png","","in","","0","45","27","https://x.com/Seputar_Energi_/status/1818927474597880099","1346280409","Seputar_Energi_"
"1818917471308624235","2024-08-01T07:51:33.000Z","0","Agar Tak Semakin Bebani APBN, DPR Bilang Harga BBM Non Subsidi Layak Naik https://t.co/OL6fEU8wZN","1818917471308624235","","","in","","0","1","0","https://x.com/VIVAcoid/status/1818917471308624235","41730943","VIVAcoid"
"1818908020027568548","2024-08-01T07:14:00.000Z","0","BBM non subsidi dianggap layak naik
https://t.co/W9nMEqCI3R","1818908020027568548","","","in","","0","1","0","https://x.com/SINDOnews/status/1818908020027568548","231355136","SINDOnews"
"1818276840336998605","2024-07-30T13:25:55.000Z","10","Hadiah agustusan masak naik 🤔
Menurutnya, produk BBM non subsidi lebih baik dilepas sesuai dengan mekanisme pasar dan kembali pada kebijakan awal dimana harga BBM non subsidi dapat menyesuaikan setiap bulannya. https://t.co/9cPn5ktYhN","1818276840336998605","https://pbs.twimg.com/media/GTvQ2yyawAA6l8A.png","","in","","1","1","4","https://x.com/SeninPahing26/status/1818276840336998605","1798313877974982656","SeninPahing26"
"1810938676446216598","2024-07-10T07:26:40.000Z","11","Pak @jokowi &amp; @luhut_binsar, silahkan hapus subsidi bbm tapi buktikan dulu rupiah menguat &amp; standard ekonomi rakyat naik. UMR jerman 38 juta, solar non subsidi 35rb, di jawa umr tertinggi 5,3jt , solar 14.900. Gk sebanding! Jangan cuma pamer GDP 20 besar dunia tp rakyat miskin. https://t.co/A0iua4C5qg","1810938676446216598","https://pbs.twimg.com/media/GSG-abSaUAEe4Hs.jpg","","in","","1","2","7","https://x.com/ThatSun510/status/1810938676446216598","1501741769306021890","ThatSun510"
"1809130867018903576","2024-07-05T07:43:05.000Z","2","Mana nih BBM non subsidi gak pernah turun harganya...bilangnya selalu mantau harga minyak dunia dan inflasi...Preeetttt aahhh...
Harga minyak dunia anjlok parah di indonesia gak bergeming harganya,segitu terus...dan malah naik diam2","1809130867018903576","","","in","","0","0","1","https://x.com/bugsbunny_2345/status/1809130867018903576","1777553162267963392","bugsbunny_2345"
"1796835635342573895","2024-06-01T09:26:13.000Z","0","Pertamina Pastikan Harga BBM Non-Subsidi Tak Jadi Naik Bulan Ini https://t.co/kSTmC32STU #TempoBisnis","1796835635342573895","","","in","","0","1","0","https://x.com/tempodotco/status/1796835635342573895","18129942","tempodotco"
"1796784086297809227","2024-06-01T06:01:23.000Z","0","Isu Harga BBM Non Subsidi Kembali Naik di Bulan Juni 2024, Pertamina Akhirnya Buka Suara    https://t.co/Zjf6oPHs8i","1796784086297809227","","","in","","0","0","0","https://x.com/PRFMnews/status/1796784086297809227","150589950","PRFMnews"
"1796689376413614586","2024-05-31T23:45:02.000Z","0","Harga BBM Non Subsidi Tak Naik, Segini Harga Pertamax Cs di Bulan Juni 2024 https://t.co/edFR3entfz #HargaBBM","1796689376413614586","","","in","","0","0","0","https://x.com/KontanNews/status/1796689376413614586","43799886","KontanNews"
"1796499675354386535","2024-05-31T11:11:14.000Z","25","Apakah jam 24.00wib, BBM non subsidi akan naik? Atau malah turun? https://t.co/LZR1fyBPig","1796499675354386535","https://pbs.twimg.com/media/GO5y7j7asAApSTA.jpg","","in","","2","13","10","https://x.com/innovacommunity/status/1796499675354386535","1466179188096913412","innovacommunity"
"1795764736673607745","2024-05-29T10:30:51.000Z","199","Siap-2 bosku, kencangkan ikat pinggang, pemerintah akan naikan harga, yg sdh jelas HET naik, gula, beras, terakhir minyak goreng. BBM instruksi pembatasan pertalite sdh ada, tinggal non subsidi apakah akan naik atau tidak, tunggu 1 Juni😊 https://t.co/f2FoNerwfa","1795764736673607745","https://pbs.twimg.com/ext_tw_video_thumb/1795764597506637824/pu/img/5jYgd3LOT5rNcAED.jpg","","in","","16","77","153","https://x.com/P3gEl/status/1795764736673607745","224431376","P3gEl"
"1787261596731138249","2024-05-05T23:22:25.000Z","654","Anda tau siapa yang paling ngotot ingin China bangun pabrik mobil listrik sebanyak-banyaknya di Indonesia..?

Pasti tau lah ya.., karena sudah tentu orang-orang yang paling banyak dapat cuan dari penjualan Batrei mobil listrik, dan orang itu pastinya sangat berkuasa, sebab bisa https://t.co/9WsKidvWiZ","1787261596731138249","https://pbs.twimg.com/amplify_video_thumb/1787260962720153600/img/6sq5bL58YjnN07ij.jpg","","in","","25","129","298","https://x.com/Naz_lira/status/1787261596731138249","992488238609678336","Naz_lira"
"1785486942932722113","2024-05-01T01:50:34.000Z","3","Harga BBM Pertamina 1 Mei 2024 tak naik, sesuai arahan pemerintah yang meminta harga BBM non-subsidi Pertamina tidak naik harga hinga Juni 2024. https://t.co/f0c8ZUfaI8","1785486942932722113","","","in","","1","0","0","https://x.com/kompascom/status/1785486942932722113","23343960","kompascom"
"1783809919172710608","2024-04-27T09:52:16.000Z","3","@gilang_ahm31272 setiap awal bulan bbm non subsidi emang bakalan naik / turun. Dari dulu emang begitu.","1784158615504625689","","gilang_ahm31272","in","","0","1","0","https://x.com/firmanovoselic/status/1784158615504625689","484647275","firmanovoselic"
"1780407819814183302","2024-04-17T01:27:57.000Z","3","Jika konflik Iran x Israel meningkat eskalasinya, harga minyak dikuatirkan melonjak mencapai $100/barrel. Konsekuensi bagi 🇮🇩 apa? Karena kita impor 40% #bbm &amp; 35% minyak mentah, maka harga jual minyak non subsidi akan naik, subsidi BBM &amp; energi bisa melonjak, dan inflasi. Ini","1780407819814183302","","","in","","1","0","0","https://x.com/IESR/status/1780407819814183302","72763910","IESR"
"1779301838384505335","2024-04-14T01:39:36.000Z","5","@convomf harga2 bakalan naik karena pasokan komoditas terganggu akibat perang,sbg contoh perang russia ukraina sempat bikin pasokan gandum jd langka,karena kita impor dr sana

apalagi kalo perangnya melibatkan negara2 besar penghasil minyak (iran termasuk),jelas akan berpengaruh ke harga","1779323588086243818","","convomf","in","","0","0","0","https://x.com/jalanparis/status/1779323588086243818","1647072040552394752","jalanparis"
"1771136158233506223","2024-03-22T13:39:36.000Z","6","@WongAlasRoban Semenjak pertalite naik tajam sy pindah ke SPBU VIVO BBM non subsidi sampai sekarang kecuali klo kepepet banget kehabisan BBM ya terpaksa pakai yg lain .","1771169860447326330","","WongAlasRoban","in","","0","1","0","https://x.com/Ex_TKI/status/1771169860447326330","1722605185107972096","Ex_TKI"
"1766290333598658899","2024-03-09T05:35:58.000Z","1","@taeko0kie_ @ARSIPAJA BBM udh naik kak khususnya SPBU swasta per 1 Maret kemarin. Pertamina masih nahan harga BBM non subsidi, tapi bakal ada perubahan ngeliat trend harga minyak mentah, MOPS dan kurs.
https://t.co/2aVsP9fkIB","1766337111022854392","","taeko0kie_","in","","0","2","0","https://x.com/heevanaut/status/1766337111022854392","509186939","heevanaut"
"1766046370337865920","2024-03-08T10:20:40.000Z","1","Menteri ESDM Sebut Harga BBM Non-subsidi Tidak Naik Hingga Juni https://t.co/ZRYPhm4yD2","1766046370337865920","","","in","","0","0","0","https://x.com/e100ss/status/1766046370337865920","848614550","e100ss"
"1764160983558472131","2024-03-03T05:28:49.000Z","7","Tolak rencana rasio pajak @gibran_tweet naik tapi ,BBM, listrik, gas, PDAM, kesehatan di subsidi rasanya gimana gtu..bilang cerdas tpi kenyataanya bodoh.

Coba kalo nolak itu di buktikan dgn tindakan nyata, pake BBM, listrik,gas, PDAM, kesehatan yg non sunsidi.

Berani g ?","1764160983558472131","","","in","","0","2","1","https://x.com/G3nX_files/status/1764160983558472131","1347031551771430912","G3nX_files"
"1763145086932570474","2024-02-29T10:12:01.000Z","0","Harga BBM Non Subsidi 1 Maret Naik? Ini Kata Pertamina https://t.co/SAUOB9TKrG","1763145086932570474","","","in","","0","0","0","https://x.com/cnbcindonesia/status/1763145086932570474","847372542830444544","cnbcindonesia"
"1763142126827938008","2024-02-29T10:00:15.000Z","0","Harga BBM Non Subsidi 1 Maret Naik? Ini Kata Pertamina

https://t.co/jqc5IIO4RG","1763142126827938008","","","in","","0","0","0","https://x.com/cnbcindonesia/status/1763142126827938008","847372542830444544","cnbcindonesia"
"1762052645387411880","2024-02-27T08:07:40.000Z","1","@ardanisbergas @alfeeii @strike_bravo_b Ya tinggal diatur mekanisme kotraknya misal evaluasi hargabulanan sd tahunan kayak BBM non-subsidi aja kan tiap bulan berubah harganya.

Ini menjaga pas harga turun gak terlalu turun pas harga naik gak terlalu naik. sehingga baik Produsen maupun Konsumen sama2 terlidungi.","1762389017386201181","","ardanisbergas","in","","0","0","0","https://x.com/adlinur/status/1762389017386201181","48287184","adlinur"
"1762194272844190000","2024-02-26T19:13:49.000Z","93","BBM non subsidi diperkirakan naik maret, bila wacana penghapusan pertalite jadi dan diganti pertamax greeen, mantap ini, tinggal jogetin aja kalo kejadian🙂oke gas oke gas https://t.co/Oj1H7A8xeJ","1762194272844190000","https://pbs.twimg.com/ext_tw_video_thumb/1762194168250830851/pu/img/hkX3JmS6OjC8uOMG.jpg","","in","","1","10","46","https://x.com/P3gEl/status/1762194272844190000","224431376","P3gEl"
"1760575149974364317","2024-02-22T08:00:00.000Z","1","Harga BBM Non Subsidi Bakal Naik Usai Pemilu 2024?
https://t.co/Xf94SIIdiV","1760575149974364317","","","in","","0","0","0","https://x.com/okezonenews/status/1760575149974364317","47274731","okezonenews"
"1760269384780591574","2024-02-21T11:45:00.000Z","0","Harga BBM Non Subsidi Bakal Naik Usai Pemilu 2024?
https://t.co/gO2Dy9XYMA","1760269384780591574","","","in","","0","0","0","https://x.com/okezonenews/status/1760269384780591574","47274731","okezonenews"
"1759925877020704967","2024-02-20T13:00:01.000Z","0","ESDM memberi sinyal harga BBM non-subsidi akan naik usai pemilu 2024
https://t.co/OTsCZ0VkQW","1759925877020704967","","","in","","0","0","0","https://x.com/officialinews_/status/1759925877020704967","132078023","officialinews_"
"1758773582367506914","2024-02-17T13:42:57.000Z","28","@WillaFernando @xquitavee lah tolol? brarti buat non golongam bbm jg jgn ikut naik ya, subsidi nya jgn dicabut buat kita, kan kita mah gak dapet makan gratis. gak nyoblos dia juga, lu lu aja yg nyoblos kena dampak bbm naik 😁 gitu bisa?","1758849516579758382","","WillaFernando","in","","0","2","1","https://x.com/heresmyjunmy/status/1758849516579758382","1563712224325038080","heresmyjunmy"
"1758490503044379026","2024-02-17T07:13:17.000Z","4","@ItsMeHexa Satu2nya yg bukan bullshit cuma harga BBM swasta non-subsidi, sblm diperintahkan utk naik

https://t.co/ztHqYT6452","1758751456101056730","","ItsMeHexa","in","","0","0","1","https://x.com/SelebtwitMobil/status/1758751456101056730","1484423320632438789","SelebtwitMobil"
"1758684158065541594","2024-02-17T02:45:52.000Z","72","Akan ada kenaikan harga BBM non subsidi spt Pertamax pada awal Maret 2024. Sementara, untuk BBM subsidi seperti Pertalite dan solar dipastikan tidak akan naik

Pantes aja, pas harga minyak dunia lagi naik, harga Pertamax gitu-gitu aja. Ternyata demi Pemilu https://t.co/OsuR2xwqVb","1758684158065541594","https://pbs.twimg.com/media/GGgZLQwbYAA2UcT.jpg","","in","","4","5","21","https://x.com/desmondwira/status/1758684158065541594","201965045","desmondwira"
"1730372152711663741","2023-12-01T04:29:11.000Z","2","@apapunituokeoke @kepinginpintar @idextratime itu bbm non subsidi, harganya ngikutin harga minyak dunia, jadi naik turunnya bukan karena pemerintah, tapi harga minyak dunia per barrel","1730443904309489799","","apapunituokeoke","in","","0","0","0","https://x.com/akubknsiapa2x/status/1730443904309489799","3257658805","akubknsiapa2x"
"1719881325191315595","2023-11-02T00:57:16.000Z","29","BBM NON-SUBSIDI
.
Sudah semestinya Pertamina menurunkan harga BBM non-subsidinya.  Saat ini harga minyak dunia terus turun.
.
Kemarin saat minyak dunia naik, Pertamina sudah menaikkan harga BBM-nya.
.
Yg kita tunggu adalah turunnya BBM bersubsidi.
.
@FPKSDPRRI @PKSejahtera https://t.co/Gkrla4ukkE","1719881325191315595","https://pbs.twimg.com/media/F94-8qBbAAA5AQQ.jpg","","in","","1","1","18","https://x.com/pakmul63/status/1719881325191315595","939330351377162241","pakmul63"
"1719305858117697719","2023-10-31T10:50:34.000Z","1","Sinyal Kuat Harga BBM Non-Subsidi Naik Besok! https://t.co/NAk1AsMH7O","1719305858117697719","","","in","","0","0","0","https://x.com/cnbcindonesia/status/1719305858117697719","847372542830444544","cnbcindonesia"
"1718864685133619337","2023-10-30T05:37:30.000Z","4","Nah.. Ekonomi jagonya org bekasi @rgoestama.

Tp dapat info A3, besok harga BBM non subsidi katanya turun.. Sempat bingung, krn bbrp bulan terakhir harga minyak dunia cenderung naik.

Patut kita tunggu besok, apakah benar akan turun... https://t.co/SsO6pOGQMn","1718864685133619337","https://pbs.twimg.com/media/F9qiUmmboAArkF9.jpg","","in","","0","1","1","https://x.com/innovacommunity/status/1718864685133619337","1466179188096913412","innovacommunity"
"1717748945122918909","2023-10-27T04:06:23.000Z","1","@AnthonyBudiawan BI pasti minta bantuan pemerintah dgn cara menaikkan harga BBM subsidi &amp; non subsidi (cara tercepat yg bisa dilakukan), sehingga devisa bisa digunakan untuk intervensi nilai tukar. Dgn PDB Amerika yg naik melebihi ekspetasi pasar, dipastikan nilai indeks dolar akan menguat lagi.","1717754592346415204","","AnthonyBudiawan","in","","0","0","0","https://x.com/arpas2000/status/1717754592346415204","1138662348044902400","arpas2000"
"1717751493158412312","2023-10-27T03:54:04.000Z","48","Menteri Keuangan Sri Mulyani di persimpangan jalan, antara membiarkan harga BBM dan Pangan naik, yang akan memicu inflasi dan daya beli masyarakat anjlok, atau menaikkan subsidi yang akan membuat belanja negara non-subsidi tertekan dan memicu kontraksi. 

https://t.co/4mmZpHg1fK","1717751493158412312","","","in","","1","7","34","https://x.com/AnthonyBudiawan/status/1717751493158412312","1256945510","AnthonyBudiawan"
"1716415345261773180","2023-10-23T11:24:42.000Z","9","Tanda2 BBM non subsidi bakal naik awal bulan ini, ditambah dolar juga lagi ngegas👍","1716415345261773180","","","in","","0","2","3","https://x.com/P3gEl/status/1716415345261773180","224431376","P3gEl"
"1711227182755000401","2023-10-09T12:17:25.000Z","9","@msaid_didu Pak yang naik itu Bukan BBM SUBSIDI tapi BBM NON SUBSIDI moso sekelas Doktor bapak gak bisa bedain mana BBM SUBSIDI DAN NON SUBSIDI","1711355183345877231","","msaid_didu","in","","0","3","0","https://x.com/ErliSutaWarman/status/1711355183345877231","1872023797","ErliSutaWarman"
"1711227182755000401","2023-10-09T05:59:01.000Z","1","@msaid_didu Ada BBM bersubsidi dan ada BBM yg non subsdi. Yg naik atau turun itu BBM non subsidi. Ada kendaraan listrik yg dapet subsidi/dan insentif dan ada kendaraan listrik yg tdk dapet subsudi/ intensif. Ada rumah tangga yg bisa dapet rice cooker (yg langganan pln nya di subsidi)","1711259954445947163","","msaid_didu","in","","0","0","0","https://x.com/TSetiotomo/status/1711259954445947163","1605221195938287616","TSetiotomo"
"1710137437815718139","2023-10-06T03:38:32.000Z","3","#sekhilafinfo
Harga BBM non subsidi naik per 1 Oktober 2023.
Pertamax naik jadi 14ribu per liter.","1710137437815718139","","","in","","0","2","0","https://x.com/JogjaUpdate/status/1710137437815718139","128175561","JogjaUpdate"
"1710135934661063094","2023-10-06T03:32:34.000Z","6","Harga BBM non subsidi naik per 1 Oktober 2023. Pertamax naik menjadi Rp14.000 per liter. Bagaimana agar konsumen tidak migrasi ke Pertalite?

https://t.co/vqGVFp5UUM","1710135934661063094","","","in","","0","0","0","https://x.com/TirtoID/status/1710135934661063094","4187275698","TirtoID"
"1709760358540591279","2023-10-05T02:40:09.000Z","15","Harga beras mahal + Harga BBM naik. Dua komponen ini juga kalau kita baca  jurnal-jurnal ilmiah, memiliki elastisitas positif terhadap pertumbuhan ekonomi dan inflasi

Pada 5 September 2023 sudah kita twit tentang ini dengan melihat harga referensi global terkait crude oil. Ada https://t.co/5GRkXhLvgc","1709760358540591279","https://pbs.twimg.com/media/F7pHzrBbwAAzrln.png","","in","","0","3","5","https://x.com/Munir_Timur/status/1709760358540591279","1244819229578121216","Munir_Timur"
"1709562804465025210","2023-10-04T20:45:08.000Z","3","@liputan6dotcom Dan survei tingkat kepuasan terhadap pemerintah di atas 80% padahal harga beras, gula dan BBM non subsidi naik, minyak, ayam dan telur masih tinggi. BBM non subsidi nguantri sampe mengular. Rakyatnya ada yg digusur alasan investasi, Hebat kan masyarakatnya, nerima😊","1709671012839919751","","liputan6dotcom","in","","0","0","0","https://x.com/P3gEl/status/1709671012839919751","224431376","P3gEl"
"1709267249771803090","2023-10-03T20:06:52.000Z","1","@LaminoTea @CNNIndonesia Tapi pajak terus jalan malah akan ada pajak emisi/karbon, bbm yang disebut non subsidi naik terus kendaraan  pengangkut terkadang tidak dapat beli biosolar kabarnya. Tapi entah lah.","1709298995867386324","","LaminoTea","in","","0","0","0","https://x.com/Chila88888/status/1709298995867386324","870119678382817280","Chila88888"
"1709150269047701552","2023-10-03T10:15:53.000Z","6","Harga minyak dunia naik, harga BBM non-subsidi turut naik...

Tapi pas harga minyak dunia turun, koq harga BBM non-subsidi nggak ikut turun??","1709150269047701552","","","in","","0","2","2","https://x.com/great_fleet/status/1709150269047701552","1340549942994071558","great_fleet"
"1709120383302115537","2023-10-03T08:17:07.000Z","0","Pengamat #UGM : Lakukan Pembatasan BBM Subsidi: PT Pertamina (Persero) kembali menaikkan harga bahan bakar minyak (BBM) non-subsidi yang berlaku per 1 Oktober 2023. Harga Pertamax 92 naik yang semula Rp13.300 per liter menjadi Rp14.000 per liter. Harga… https://t.co/LXJGRf1VzD https://t.co/gSZ13c8dGi","1709120383302115537","https://pbs.twimg.com/media/F7gD7nhbgAAERHT.jpg","","in","","0","0","0","https://x.com/UGMYogyakarta/status/1709120383302115537","151261945","UGMYogyakarta"
"1709118694939619564","2023-10-03T08:10:25.000Z","2","Harga BBM Pertamina 1 Oktober 2023, BBM Non Subsidi Naik Lagi

Berikut merupakan harga BBM pada bulan Oktober 2023 yang dibagi berdasarkan regional termasuk harga di kawasan Free Trade Zone (FTZ).

Kriuuukers, bagaimana pendapat kalian?

#BBM #BBMNonSubsidi #BBMSubsidi #Pertamina https://t.co/m3jamGFUpT","1709118694939619564","https://pbs.twimg.com/media/F7gCZQha4AAZw8T.jpg","","in","","0","1","1","https://x.com/Kriuuukid/status/1709118694939619564","1630877284197613568","Kriuuukid"
"1708751490201079990","2023-10-03T02:16:41.000Z","8","@MinmonPS7 Pasukan militan bilang
"" kan yg naik harga bbm non subsidi""

Pengen gw tempeleng ama keramik tu palanya","1709029677095137749","","MinmonPS7","in","","0","1","1","https://x.com/Bakrek10/status/1709029677095137749","1014425335","Bakrek10"
"1708664094524588268","2023-10-02T17:13:15.000Z","2","@detikcom Ini kan yg naik harga BBM Non Subsidi alias Pertamax dkk. Kalo selama ini msh pake yg subsidi sih gausah protes ya apalagi yg ngomong2 demo, berarti anda gak masuk dalam daftar orang2 yg mampu utk pake bbm non subsidi ini.","1708892916465434940","","detikcom","in","","0","1","0","https://x.com/Jeng_KeuL/status/1708892916465434940","84306158","Jeng_KeuL"
"1708825714538246163","2023-10-02T14:18:14.000Z","32","@msaid_didu Wkwkw padalah bbm yg naik non subsidi wkwkwk ane adh biasa gak perrlu ente bela ane pakai bbm non subsidi sdh biasa 
Beras naik emang di Indo doang ?? di thailand india juga pada naik malah dibatasi utk export 

Biasa aja pak tua ente doang yg panik kayaknya","1708848870397210658","","msaid_didu","in","","0","5","2","https://x.com/allkacruuut/status/1708848870397210658","1524615212875546625","allkacruuut"
"1708846476443447805","2023-10-02T14:08:43.000Z","0","Petugas SPBU memperingati Hari Batik Nasional dengan memakai batik. Sementara harga BBM non-subsidi resmi naik sejak kemarin. https://t.co/ST5HpzG6FD","1708846476443447805","","","in","","0","0","0","https://x.com/detikfinance/status/1708846476443447805","135795460","detikfinance"
"1708800679031287845","2023-10-02T11:06:44.000Z","0","Harga BBM Non Subsidi Pertamina dan Shell Naik, Berikut Daftar Harga Terbarunya
 
https://t.co/8fH33vriUi via @tribunnews","1708800679031287845","","","in","","0","0","0","https://x.com/tribunmedan/status/1708800679031287845","142305302","tribunmedan"
"1708540028803334237","2023-10-02T09:38:40.000Z","2","@Muslim_AntiPKI9 @PartBurungGalak Ingat Mulai 1 Oktober 2023, BBM Non Subsidi Naik lagi... Hanya mengingatkan... 🤣🤣, Gaji Ahok bukannya 8M/bln Bener nggk Sih...?? Kalo Bener ya Luar Biasa... Semoga Pendukungnya pada Seneng 😄😄","1708778518317081082","","Muslim_AntiPKI9","in","","0","1","1","https://x.com/SugengEsatech/status/1708778518317081082","769869820212883456","SugengEsatech"
"1708770346550325753","2023-10-02T09:06:12.000Z","1","Harga BBM Non Subsidi Naik, Inflasi Aman? Ini Kata BPS https://t.co/E2eb4fbXr1","1708770346550325753","","","in","","0","0","1","https://x.com/VIVAcoid/status/1708770346550325753","41730943","VIVAcoid"
"1708677619686998079","2023-10-02T02:57:44.000Z","37","Kata bani200 tak ngaruh bbm non subsidi naik. https://t.co/c7yoGuspvJ","1708677619686998079","https://pbs.twimg.com/media/F7ZxPQwbkAAryKn.jpg","","in","","2","5","17","https://x.com/Tan_Mar3M/status/1708677619686998079","1270980383761330176","Tan_Mar3M"
"1708670254564675989","2023-10-02T02:28:28.000Z","303","BBM non subsidi diam-diam naik lagi sementara itu ada wacana penghapusan pertalite..

Partai wong cilik yang biasa mewek-mewek saat BBM naik pada kemana ya!! https://t.co/qefcTtYoR1","1708670254564675989","https://pbs.twimg.com/media/F7Zqio6bIAAxil6.jpg","","in","","17","114","115","https://x.com/ekowboy2/status/1708670254564675989","1006827831995711488","ekowboy2"
"1708661474590441694","2023-10-02T01:53:35.000Z","3","PT Pertamina menyesuaikan harga BBM non subsidi per 1 Oktober 2023.Tidak hanya Pertamax,harga Pertamax Green 95,Pertamax Turbo,Dexlite &amp; Pertamina Dex juga naik
☝😳👉sudah Naik lagi Gaes‼️
Katanya BBM satu harga se indonesia,kok msh beda2.
GA BAHAYA TA?👇
https://t.co/M6m1yZdWcM","1708661474590441694","","","in","","0","0","3","https://x.com/MMargani5/status/1708661474590441694","1028124533201371136","MMargani5"
"1708314432185700534","2023-10-02T01:02:52.000Z","4","@Maruahalsiahaa2 @DokterTifa Ente jgn bilang seorang dokter tolol...itu pekerjaan mulia blum tentu ente bisa menjadi dokter,,btw ente sampai saat merasa ga sich...setelah BBM non subsidi naik,pertalite agak susah di dpt dan ujung2nya kita terpaksa beli yg non subsidi..mikir!!","1708648711860166781","","Maruahalsiahaa2","in","","0","1","0","https://x.com/whydntr/status/1708648711860166781","61851322","whydntr"
"1708645523165421819","2023-10-02T00:50:12.000Z","0","Pertamina melakukan penyesuaian harga BBM non subsidi. Harga Pertamax naik dari sebelumnya Rp 13.300 menjadi Rp 14.000 per liter. https://t.co/57ZyjsVhdf","1708645523165421819","","","in","","0","1","0","https://x.com/detikfinance/status/1708645523165421819","135795460","detikfinance"
"1708481683761041799","2023-10-01T23:30:15.000Z","4","@msaid_didu Walaupun yg naik BBM non-subsidi; tapi rakyat kecil kalau pertalite dan solar gak ada/habis; kan harus beli non-subsidi juga..parah..rakyat semakin sesak nafas..","1708625404335186081","","msaid_didu","in","","0","1","1","https://x.com/narwisan81/status/1708625404335186081","807947244","narwisan81"
"1708481683761041799","2023-10-01T21:22:04.000Z","0","@msaid_didu Gini ya Didu...kenaikan harga BBM non subsidi itu tergantung naik turunnya harga BBM pasar dunia , untuk yg subsidi tergantung kemampuan keuangan negara, kalo uangnya ada ya disubsidi kalo ga ada ya dicabut, dan itu sudah mendapat persetujuan DPR, kalo ga tau coba tanya SBY","1708593145477488868","","msaid_didu","in","","0","1","0","https://x.com/EkoYustitianto1/status/1708593145477488868","1536228637090906112","EkoYustitianto1"
"1708555176523788520","2023-10-01T18:51:12.000Z","3","Resmi! Harga BBM Non Subsidi Pertamina di SPBU Naik 1 Oktober https://t.co/ZBJWpM7nsm","1708555176523788520","","","in","","0","2","0","https://x.com/ali_hasan110/status/1708555176523788520","579215160","ali_hasan110"
"1708481683761041799","2023-10-01T15:45:37.000Z","168","@msaid_didu Gak apa2 kan ini BBM non Subsidi saja yg naik.. nikmati saja memang harga minyak dunia lagi tinggi.","1708508475586965883","","msaid_didu","in","","0","88","2","https://x.com/RMTHandoko/status/1708508475586965883","2251802232","RMTHandoko"
"1708481683761041799","2023-10-01T14:35:46.000Z","2","@msaid_didu Itu BBM non subsidi yang naek..pertalite dan biosolar gak naik","1708490894641684738","","msaid_didu","in","","0","2","0","https://x.com/tauhidderry/status/1708490894641684738","65857382","tauhidderry"
"1708479744982007834","2023-10-01T13:51:27.000Z","421","Pertamina menaikkan harga BBM non subsidi.

Netijen:Pertalite ga naik tapi langka🙄

Netijen : Jadi kangen PDIP jadi oposisi, kangen liat politisi PDIP demo bahkan sampai nangis.

Megawati bahkan menyanyikan lagu, BBM naik lagi, susu tak terbeli, orang pintar tarik subsidi. https://t.co/ElEFQ8ScBo","1708479744982007834","https://pbs.twimg.com/ext_tw_video_thumb/1708479701721989121/pu/img/VmOfU39fpjLLWbw2.jpg","","in","","11","51","182","https://x.com/AlnilamOmar/status/1708479744982007834","1649686141757722626","AlnilamOmar"
"1708419064916475905","2023-10-01T09:50:20.000Z","8","Sedap bener BBM non subsidi naik lagi hari ini..
Nikmat apalagi yg engkau dustakan gaess..masih nyaman hingga 2024 ya ? Warga konoha kaya2 semua kok.","1708419064916475905","","","in","","0","0","2","https://x.com/bugsbunny2345/status/1708419064916475905","1670501865921064960","bugsbunny2345"
"1708362428621476341","2023-10-01T08:33:43.000Z","19","@DokterTifa Woi kalau BBM subsidi ngak naik coy, ngak usah bikin hoax kalau non subsidi tergantung minyak dunia. Kalau keberatan paki BBM non subsidi yg ngak usah pakai mobil mewahnya. Salam ngak makin tolol","1708399782686024094","","DokterTifa","in","","0","5","0","https://x.com/t_huberton/status/1708399782686024094","725941848636682240","t_huberton"
"1708385568680489039","2023-10-01T07:37:14.000Z","35","Harga BBM Non subisidi naik mulai 1 Oktober 2023

Harga naik di kisaran 700 rupiah (pertamax) hingga 1,000 rupiah (Pertamina Dex &amp; green 95)

List BBM Non subsidi yang naik adalah: Pertamax, Pertamax Turbo, Dexlite, Pertamina Dex, dan Pertamax Green 95. https://t.co/PH8IPsCTSt","1708385568680489039","https://pbs.twimg.com/media/F7Vnm5xaIAArD-h.png","","in","","2","3","11","https://x.com/TMIHARINI/status/1708385568680489039","1632670728503058439","TMIHARINI"
"1708370177652597166","2023-10-01T06:36:04.000Z","2","Harga Bahan Bakar Minyak (BBM) non subsidi Pertamax dkk dari Pertamina naik mulai hari ini, Minggu 1 Oktober 2023.

Selengkapnya &gt;&gt;&gt; https://t.co/ITPCzDUNGP https://t.co/7YhzyNHmHP","1708370177652597166","https://pbs.twimg.com/media/F7VZgAfbUAAHEhd.jpg","","in","","1","2","5","https://x.com/RadioElshinta/status/1708370177652597166","121640063","RadioElshinta"
"1708314432185700534","2023-10-01T06:06:44.000Z","6","@DokterTifa Yang naik itu BBM non Subsidi gak usah kaget apa jangan2 baru bisa kebeli yang non subsidi trus pas naik langsung panik ngoceh2 kalau turun diem2 bae situ sekelas dokter masih aja ngeluh banyak2 istigfar Bu dokter yang namanya non subsidi barometernya harga minyak dunia","1708362792041116050","","DokterTifa","in","","0","2","0","https://x.com/ErliSutaWarman/status/1708362792041116050","1872023797","ErliSutaWarman"
"1708362116254851566","2023-10-01T06:04:03.000Z","217","Sekedar Kasih Tahu ya Guys 

Harga BBM Non Subsidi Naik https://t.co/BvJX2FJ7dU","1708362116254851566","https://pbs.twimg.com/ext_tw_video_thumb/1708362004937994240/pu/img/idJUucAa9NC5ru7q.jpg","","in","","8","24","113","https://x.com/Mdy_Asmara1701/status/1708362116254851566","1334853481019056128","Mdy_Asmara1701"
"1708278533892776065","2023-10-01T04:08:04.000Z","8","@awemany Narasi kritik ente ke Anies didominasi  aroma kebencian dan aroma belum move on, sampai lupa kritik yg sama pada Capres yg lain bahkan lupa Kritik kebijakan penguasa yg semakin amburadul...
hari ini BBM non subsidi  pada naik...biasanya ente terdepan kritik kebijakan pemerintah,","1708332930689556602","","awemany","in","","0","0","0","https://x.com/HeruCaturP/status/1708332930689556602","1098720561553846272","HeruCaturP"
"1708331088593219984","2023-10-01T04:00:45.000Z","6","Harga BBM Pertamina kembali naik per 1 Oktober 2023. Kenaikan harga ini untuk 5 jenis BBM non-subsidi, yaitu Pertamax, Pertamax Turbo, Dexlite, Pertamina Dex dan Pertamax Green 95.

Untuk Pertamax, harganya naik dari Rp13.300/liter menjadi Rp14.000/liter. Sebelumnya Pertamax juga https://t.co/9ejHnXn0MT","1708331088593219984","https://pbs.twimg.com/media/F7U2EMTb0AAjL35.jpg","","in","","3","0","1","https://x.com/abouttng/status/1708331088593219984","2818687488","abouttng"
"1708288200559706150","2023-10-01T03:55:58.000Z","2","@Nayyy407 @detikcom Dibaca dulu makanya mas, yg naik BBM non subsidi ya. Yg belum mampu beli pertamax  pakai pertalite","1708329884345594189","","Nayyy407","in","","0","1","0","https://x.com/FerdiansyahSP/status/1708329884345594189","103733246","FerdiansyahSP"
"1708325910469021947","2023-10-01T03:40:10.000Z","0","Update Harga BBM Pertamina per 1 Oktober 2023: Harga BBM Subsidi Makin Mencekik! https://t.co/aID4rhLEnW","1708325910469021947","","","in","","0","2","0","https://x.com/pikiran_rakyat/status/1708325910469021947","58880688","pikiran_rakyat"
"1708322184530452871","2023-10-01T03:25:22.000Z","18","Bahasa mengubah terlalu halus, to the point aja min, pertamina menaikan harga BBM non subsidi, naik dalam senyap, tak ada omongan, langsung naik. Kado hari kesaktian pancasila buat rakyat😊","1708322184530452871","","","in","","1","4","8","https://x.com/P3gEl/status/1708322184530452871","224431376","P3gEl"
"1708148299528851816","2023-09-30T15:54:25.000Z","7","Resmi! Harga BBM Non Subsidi Pertamina di SPBU Naik 1 Oktober https://t.co/1pAkLuofCp","1708148299528851816","","","in","","6","0","8","https://x.com/cnbcindonesia/status/1708148299528851816","847372542830444544","cnbcindonesia"
"1707940177027719570","2023-09-30T02:07:24.000Z","1","Sinyal Semakin Kuat! Harga BBM Non-Subsidi Naik Besok? https://t.co/zHjx9Oq84H","1707940177027719570","","","in","","0","0","0","https://x.com/cnbcindonesia/status/1707940177027719570","847372542830444544","cnbcindonesia"
"1706564603025797400","2023-09-26T07:01:22.000Z","18","Harga Minyak Mendekati USD 100 Per Barel. BBM Non Subsidi Pasti Naik Lagi https://t.co/jd7cvhj9K3","1706564603025797400","","","in","","0","1","6","https://x.com/alisyarief/status/1706564603025797400","30201110","alisyarief"
"1700323133646106824","2023-09-09T01:40:00.000Z","3","Harga minyak mentah yang tinggi bisa mendorong harga Pertamax atau BBM non subsidi ikut naik. Cek di sini!
https://t.co/6uAD8URvRQ","1700323133646106824","","","in","","1","4","0","https://x.com/detikcom/status/1700323133646106824","69183155","detikcom"
"1700283752142819414","2023-09-08T23:03:30.000Z","0","Harga minyak mentah yang tinggi bisa mendorong harga Pertamax atau BBM non subsidi ikut naik. https://t.co/e2V8eNkBGk","1700283752142819414","","","in","","0","0","0","https://x.com/detikfinance/status/1700283752142819414","135795460","detikfinance"
"1700086707541135520","2023-09-08T10:00:31.000Z","228","*UU Cipta Kerja Gagal Selamatkan APBN, Harga BBM Naik: Pembohongan Publik?*

Oleh: Anthony Budiawan - Managing Director PEPS (Political Economy and Policy Studies)

Pendapatan Negara Juli 2023 masih turun tajam, turun 11,5 persen dibandingkan dengan periode sama tahun lalu (Juli","1700086707541135520","","","in","","1","4","117","https://x.com/PetugasRakyatRI/status/1700086707541135520","1504116674781331457","PetugasRakyatRI"
"1699237746660057140","2023-09-06T01:47:03.000Z","2","Tinggal sisa 1 voucher, sepertinya gue harus minta lagi nih, maklum harga BBM non subsidi kan skr lagi naik !! 🤧 https://t.co/fHjshZCJWI","1699237746660057140","https://pbs.twimg.com/media/F5Tntc9acAA1kp3.jpg","","in","","0","0","1","https://x.com/GRUNGE_GO/status/1699237746660057140","327794862","GRUNGE_GO"
"1697842860387938595","2023-09-02T05:24:16.000Z","0","Daftar Lengkap Harga BBM Non Subsidi Pertamina dan Shell yang Naik per 1 September 2023
 
https://t.co/fn6FAyIkXG via @tribunnews 

#HargaBBMNonSubsidi #Pertamina","1697842860387938595","","","in","","1","0","0","https://x.com/tribunmedan/status/1697842860387938595","142305302","tribunmedan"
"1697797073746415708","2023-09-02T02:22:20.000Z","17","Hebatnya sosok Cak Imin, begitu doi diberitakan jadi cawapresnya Anies aje, BBM non subsidi dan beras langsung naik harganye. Ganjar dan Ayah mah lewat yak...🤣🤣

*kaboooor ah*🤣🏃🏃🏃 https://t.co/49AWDMlc1I","1697797073746415708","https://pbs.twimg.com/media/F4_JR2HaUAAVrGU.jpg","","in","","0","5","2","https://x.com/IjazahOri/status/1697797073746415708","230040721","IjazahOri"
"1697761321981534551","2023-09-02T00:00:16.000Z","6","Naik Naik BBM Non Subsidi
Tinggi tinggi sekali
Hapus Hapus BBM Subsidi
Kemiskinan Semaki menjadi

selamat September ceria dimana 
#HargaBBMMencekik rakyat kecil
kemana suara para kader partai yg ada bantengnya ketika #HargaBBMMencekik ⁉️ https://t.co/nzPCfYLkmk","1697761321981534551","https://pbs.twimg.com/media/F4-o6nFbcAAot7p.jpg","","in","","0","1","6","https://x.com/Th3Tr4vel3r/status/1697761321981534551","1605859899183099904","Th3Tr4vel3r"
"1697512572797510113","2023-09-01T07:31:50.000Z","1","Warna warni partai politik bagaikan es buah dan hiruk pikuk  koalisi sementara beras mahal, BBM non subsidi naik #September1st ceria menjd sedih 

Mending ngadem dulu sambil nyeruput es buah disela2 mencari nafkah #panaspol https://t.co/HAZQZcfOfL","1697512572797510113","https://pbs.twimg.com/media/F47Gr51bsAAuwKL.jpg","","in","","0","0","0","https://x.com/satia_nagara/status/1697512572797510113","1092818382","satia_nagara"
"1697498952562806918","2023-09-01T06:37:42.000Z","18","Tanda-tanda BBM yg katanya disubsidi mau ganti harga biasanya diawali yg non subsidi naik duluan.

Brace our self","1697498952562806918","","","in","","0","4","11","https://x.com/blank0429/status/1697498952562806918","2908675710","blank0429"
"1697490409042403460","2023-09-01T06:03:46.000Z","17","Alhamdulilah naik, ditambah pengumuman BBM non subsidi naik, pemberlakuan tilang uji emisi, makin bikin happy😊","1697490409042403460","","","in","","0","3","1","https://x.com/P3gEl/status/1697490409042403460","224431376","P3gEl"
"1697488394245611892","2023-09-01T06:01:15.000Z","12","@papa_loren Pura2 bahagia sajalah, hari ini bbm non subsidi juga resmi naik kalo tarif tol sudah duluan, pertalit wacana dihapus, tabung melon harus pake KTP dan terdaftar. Eh ada juga tilang kendaraan gagal lolos uji emisi. Kumplit dan rakyat ""dimanjakan""😊","1697489777380266393","","Altcoin_Whale1","in","","0","5","3","https://x.com/P3gEl/status/1697489777380266393","224431376","P3gEl"
"1697485739267899570","2023-09-01T05:45:12.000Z","25","Gak salah titah lord, september BBM naik ya naik. Resmi naik bahan bakar non subsidi. 2024 wacana pertalit dihapus, cucoklah, senang berbisnis dengan rakyat. Pantes kepuasan terhadap presiden diatas 80%😊
https://t.co/xpkhruvnuG","1697485739267899570","","","in","","1","3","6","https://x.com/P3gEl/status/1697485739267899570","224431376","P3gEl"
"1697460657715855552","2023-09-01T04:05:32.000Z","0","Pengumuman! Harga BBM Non Subsidi Naik per 1 September 2023 #beritajogja #jogja #jogjaistimewa https://t.co/cSsDaGbTOr https://t.co/dlonLqDE5j","1697460657715855552","https://pbs.twimg.com/media/F46XeR_bAAAbgoW.jpg","","in","","0","0","0","https://x.com/Harian_Jogja/status/1697460657715855552","118371948","Harian_Jogja"
"1697433624508064166","2023-09-01T02:18:07.000Z","1","Harga BBM Pertamina Non-Subsidi Naik per 1 September 2023, Berikut Daftar Lengkapnya https://t.co/2B1h16Lndh","1697433624508064166","","","in","","1","0","1","https://x.com/KompasTV/status/1697433624508064166","71436318","KompasTV"
"1697102218309328939","2023-09-01T00:16:30.000Z","1","@MARIAM_Mendezz @Lelanang_ Harga BBM Non Subsidi memang naik karena mengikuti harga pasar. Kalau harga pasar turun juga ikut turun. 
https://t.co/EaMmVjERLs","1697403018206232618","","MARIAM_Mendezz","in","","0","4","0","https://x.com/prastow/status/1697403018206232618","88581196","prastow"
"1697395020310159709","2023-08-31T23:44:43.000Z","798","Beginilah akibat PT 20%, urusan copras-capres cuma diatur segelintir orang. Parpol2 pusing sendiri dan saling kunci dg UU yang mereka bikin.

Sementara itu, harga BBM non subsidi naik hari ini.","1697395020310159709","","","in","","9","33","294","https://x.com/apostiera/status/1697395020310159709","86219771","apostiera"
"1697276588302450775","2023-08-31T15:54:07.000Z","4","Harga BBM Non Subsidi Pertamina Resmi Naik 1 September 2023 https://t.co/H41igZyM7k","1697276588302450775","","","in","","1","1","1","https://x.com/cnbcindonesia/status/1697276588302450775","847372542830444544","cnbcindonesia"
"1688824100868005888","2023-08-08T08:06:57.000Z","0","Harga BBM Non Subsidi Pertamina dan Shell Naik, Berikut Daftar Harganya
 
https://t.co/o8TQ0tGq7d via @tribunnews","1688824100868005888","","","in","","0","1","0","https://x.com/tribunmedan/status/1688824100868005888","142305302","tribunmedan"
"1684880372331577344","2023-08-02T15:22:32.000Z","2","Kalau gaji Ahok naik dari 2,8 M menjadi 8,36 M, itu menyesuaikan apa?

Harga BBM Non-Subsidi Naik, Pertamina: Menyesuaikan Harga Pasar
https://t.co/bDDIgN8oU8","1686759392308252672","","ronavioleta","in","","0","0","0","https://x.com/ronavioleta/status/1686759392308252672","485385284","ronavioleta"
"1686203284481306624","2023-08-01T02:32:45.000Z","4","PT Pertamina (Persero) kembali menaikkan harga tiga jenis Bahan Bakar Minyak (BBM) non subsidi yakni Pertamax Turbo, Dexlite dan Pertamina Dex. Ketiga BBM tersebut naik efektif per hari ini, Selasa (1/8/2023).

https://t.co/lCEunx7M4O","1686203284481306624","","","in","","1","0","2","https://x.com/TirtoID/status/1686203284481306624","4187275698","TirtoID"
"1686180420927565824","2023-08-01T01:01:54.000Z","1","Harga BBM Non Subsidi Pertamina Naik, Ini Daftar Terbarunya.. https://t.co/0PziVBtFX4","1686180420927565824","","","in","","0","0","0","https://x.com/cnbcindonesia/status/1686180420927565824","847372542830444544","cnbcindonesia"
"1686051721720844288","2023-07-31T16:30:30.000Z","0","Pertamina kembali melakukan penyesuaian harga BBM non subsidi yang mulai berlaku besok, Selasa, 1 Agustus 2023. Apa saja yang naik?
https://t.co/53CH9bXFuq","1686051721720844288","","","in","","0","0","0","https://x.com/SINDOnews/status/1686051721720844288","231355136","SINDOnews"
"1675353846980427779","2023-07-02T04:00:58.000Z","0","Harga BBM Non-Subsidi Naik Bulan Ini https://t.co/akAm2FVfDH","1675353846980427779","","","in","","0","0","0","https://x.com/jawapos/status/1675353846980427779","2392460208","jawapos"
"1674998150858412033","2023-07-01T04:27:33.000Z","1","Harga BBM Non-Subsidi Pertamina Naik Mulai Hari Ini, Cek Rinciannya di Sini https://t.co/EdRTyhQSAu","1674998150858412033","","","in","","0","0","0","https://x.com/merdekadotcom/status/1674998150858412033","456426648","merdekadotcom"
"1674967822693445634","2023-07-01T02:27:02.000Z","11","PT Pertamina (Persero) mengumumkan kenaikan daftar bahan bakar minyak (BBM) non subsidi per 1 Juli 2023. Terpantau harga seluruh produk BBM Shell dan BP-AKR juga naik hari ini. #bisnisupdate #update #bisnis #carousel https://t.co/vm5p1Rc1Lh https://t.co/7Xv09fQLmr","1674967822693445634","https://pbs.twimg.com/media/Fz6tjiGaMAIuGv0.jpg","","in","","1","2","5","https://x.com/kumparan/status/1674967822693445634","759692754985242625","kumparan"
"1674957762906959872","2023-07-01T01:47:04.000Z","1","Pertamina mengumumkan kenaikan daftar BBM non subsidi per 1 Juli 2023. Terpantau harga seluruh produk BBM Shell dan BP-AKR juga naik hari ini. #bisnisupdate #update #bisnis #bbm #pertamina #shell https://t.co/7tj0d5cLL5","1674957762906959872","","","in","","0","0","1","https://x.com/kumparan/status/1674957762906959872","759692754985242625","kumparan"
"1674953103278481408","2023-07-01T01:28:33.000Z","0","Pertamina mengumumkan perubahan daftar BBM per 1 Juli 2023. Terpantau harga BBM non subsidi naik seperti jenis Pertamax Turbo, Dexlite, dan Pertamina Dex. https://t.co/1ikCqq7O5v","1674953103278481408","","","in","","0","0","0","https://x.com/kumparan/status/1674953103278481408","759692754985242625","kumparan"
"1672645127469244416","2023-06-24T21:59:42.000Z","3","@DrEvaChaniago Wooiiii butet...klo punya presiden HOBI JANJI-JANJI PIYE BUTET...harga sembako naik..bbm subsidi langka disuguhkan non subsidi..","1672726216758165505","","DrEvaChaniago","in","","0","0","0","https://x.com/Adibara79/status/1672726216758165505","1642722255066238981","Adibara79"
"1667417431407751168","2023-06-10T09:22:49.000Z","20","@blank0429 Heran..!! Pertalite yg ku tau BBM non subsidi kok ketika harga naik kok tiba tiba termasuk BBM subsidi..Rakyat RI kok dibohongi terus oleh pengurusnya...","1667462309957218305","","blank0429","in","","0","3","0","https://x.com/saidmarwan11/status/1667462309957218305","765710412381691904","saidmarwan11"
"1666354139553763328","2023-06-08T15:19:15.000Z","2","@pertamina Senang amat yang nyari untung dari rakyat kecil ??
Woii, menghapus premium sama halnya dengan mencekik rakyat !!","1666827234479595521","","pertamina","in","","0","0","0","https://x.com/AriestaWijaya5/status/1666827234479595521","1182983563362234368","AriestaWijaya5"
"1666354139553763328","2023-06-08T06:07:18.000Z","4","@pertamina Untung karena mencekik rakyat dengan menaikkan harga Pertalite dan menghapus premium. Bedebah kalian..","1666688330824822789","","pertamina","in","","0","0","0","https://x.com/twhandayani78/status/1666688330824822789","87125131","twhandayani78"
"1620683562331799554","2023-02-01T07:20:46.000Z","0","Harga BBM Non Subsidi Ini Resmi Naik, Ini Alasan Pertamina https://t.co/6P1kWUsPzh","1620683562331799554","","","in","","0","0","0","https://x.com/cnbcindonesia/status/1620683562331799554","847372542830444544","cnbcindonesia"
"1620623350497443841","2023-02-01T03:21:31.000Z","0","Simak daftar harga BBM terbaru, resmi naik lagi hari ini, Rabu 1 Februari 2023.
Beberapa jenis BBM terutama BBM non-subsidi mengalami kenaikan harga.
 
https://t.co/chFr0tGuVA via @serambinews","1620623350497443841","","","in","","0","0","0","https://x.com/serambinews/status/1620623350497443841","64635651","serambinews"
"1620573535789023233","2023-02-01T00:03:34.000Z","5","Harga BBM Non Subsidi di SPBU Pertamina Resmi Naik https://t.co/Ob049ONObW","1620573535789023233","","","in","","0","0","2","https://x.com/keuangannews_id/status/1620573535789023233","1226436091617505281","keuangannews_id"
"1620440954615513090","2023-01-31T15:16:44.000Z","2","Perhatian! Harga BBM Non Subsidi di SPBU Pertamina Resmi Naik https://t.co/Mn6WZDA7J5","1620440954615513090","","","in","","1","0","0","https://x.com/cnbcindonesia/status/1620440954615513090","847372542830444544","cnbcindonesia"
"1615178617511899136","2023-01-17T02:53:04.000Z","3","(H) 
2. Harga komoditas nonpangan juga naik

Selain itu, kenaikan GK pada September 2022 juga disebabkan oleh kenaikan harga komoditas nonpangan pasca harga BBM naik.

Misalnya Pertalite naik 30,72 persen, solar 32,04 persen, Pertamax non subsidi 16 persen,","1615180373205618691","","indowfofficial","in","","0","1","0","https://x.com/indowfofficial/status/1615180373205618691","1534819411940429825","indowfofficial"
"1610456504343355393","2023-01-04T02:02:06.000Z","77","Menteri BUMN menyampaikan keinginannya untuk penyesuaian harga Pertamax / BBM non subsidi diumumkan setiap minggu. Senin (2/1)

Hal ini dilakukan untuk menyesuaikan dengan harga minyak dunia yang naik turun.

Gimana pendapatmu Sobat IndiHome ?

#InternetnyaIndonesia https://t.co/fOM63shavb","1610456504343355393","https://pbs.twimg.com/media/Fll8hq4agAEvTR3.jpg","","in","","0","158","28","https://x.com/ar3klokal/status/1610456504343355393","1386525471957917701","ar3klokal"
"1610115668770447361","2023-01-03T03:56:38.000Z","1","@KING__VALDEZ Sebenernya ini keptusan bener pa @erickthohir sesuai dngn pa yang pernah d lontarkannya, kalau pertamax itu BBM non subsidi,kalau hrg minyak dunia turun mk ikut turun,kalau minyak dunia naik hrg naik.Semoga konsisiten,pa yg d sampaikan dgn pelaksanaany.bkn tuk pencitraan ya pak.!","1610122939302825984","","KING__VALDEZ","in","","0","0","0","https://x.com/PrinaWonkCerbon/status/1610122939302825984","206523924","PrinaWonkCerbon"
"1604055123717943302","2022-12-17T10:05:18.000Z","15","Ya gmna yaa, kan non subsidi wajar sihh kalau naik.
Harga minyak dunia kan ya Ndak stabil. Naik pun ya masih dibawah harga keekonomian kok.
Nihh perlu kalian tau... kini Pertamina untuk menekan beban negara, MyPertamina jadi wadah masyarakat yg berhak untuk beli BBM subsidi. https://t.co/A3MgjhjBTw","1604055123717943302","https://pbs.twimg.com/media/FkK_ogBVsAAeoZB.jpg","","in","","0","9","13","https://x.com/yeributkuy/status/1604055123717943302","1437775614396731404","yeributkuy"
"1602189927629828097","2022-12-13T16:20:01.000Z","0","@asli_komunies @halu11ribuT @nocturnalicious @ekowboy2 Sejak kpn harga BBM non subsidi harganya naik turun...","1602699875736784899","","JeckSepparow","in","","0","0","0","https://x.com/tazzella99/status/1602699875736784899","1582233787777155072","tazzella99"
"1601091610111983617","2022-12-09T05:49:21.000Z","7","Ya kan wajar klau BBM non subsidi itu naik, kan mengikuti harga minyak dunia.
Dan ini aku kasih tau, Pertamina memberikan program layanan program BBM satu harga, dan ini mampu mendorong ekonomi masyarakat daerah. https://t.co/pTLg6tnOR0","1601091610111983617","https://pbs.twimg.com/media/Fjg4VEsVQAAGa8Z.jpg","","in","","1","9","8","https://x.com/yeributkuy/status/1601091610111983617","1437775614396731404","yeributkuy"
"1600729359140106241","2022-12-08T11:01:15.000Z","10","@bachrum_achmadi Dan cman kadrun dngu yg nyinyir bbm non subsidi naik hrga, pdahal naik onta","1600807713352560640","","bachrum_achmadi","in","","0","0","0","https://x.com/olland72/status/1600807713352560640","1144548321551216641","olland72"
"1600729359140106241","2022-12-08T07:09:29.000Z","71","@bachrum_achmadi Lu cuma pake partalite ribut pula...!! Yg naik itu BBM non subsidi bahlul achmadi. Tahu itu buat kalangan siapa..??","1600749388955258880","","bachrum_achmadi","in","","0","1","0","https://x.com/HeryIdris5/status/1600749388955258880","1513150082140745730","HeryIdris5"
"1600729359140106241","2022-12-08T07:04:20.000Z","4","@bachrum_achmadi Kan yang naik BBM Non Subsidi.. Yang menikmati kan kalangan yang ga perlu subsidi lagi.. Pas lah..","1600748093401878532","","bachrum_achmadi","in","","0","0","0","https://x.com/kakadjf/status/1600748093401878532","71078368","kakadjf"
"1600729359140106241","2022-12-08T05:49:53.000Z","1485","BBM non subsidi naik lagi per tanggal 08 Desember 2022.

Selamat menikmati! Cuma ebong yg slalu bahagia, mau BBM naik mau turun ttap horeee...! 🤣🤣🤣","1600729359140106241","","","in","","25","332","244","https://x.com/bachrum_achmadi/status/1600729359140106241","105085302","bachrum_achmadi"
"1600114803653365761","2022-12-07T05:48:49.000Z","5","@NgilmuKantiLaku @Ari3Pras @jokowi Kasihan banget lu sebagai rakyat yang tersakiti.
UU justru untuk melindungi rakyat.
BBM non subsidi naik, emang rakyat kecil pake?
Buruh memang dipotong PPh 21?
Hutang banyak dipake untuk pembangunan, ada hasilnya.
Emang siapa yang jual pulau?
Byk berusaha dan bersyukur ya.","1600366700977082369","","NgilmuKantiLaku","in","","0","1","0","https://x.com/ignamukti/status/1600366700977082369","560866650","ignamukti"
"1599708297380384768","2022-12-05T10:12:33.000Z","8","Mau naik atau bagaimana, namanya juga BBM non subsidi wajar sihh yaaa utk harga mengikuti perkembangan harga minyak dunia.
Sekarang mending kita dukung program @pertamina yaitu BBM satu harga.
Wujud komitmen dr Pertamina 
#EnergiAdilUntukPenjuruNegeri #BBMKualitasTerjaga https://t.co/YOYms2cjcm","1599708297380384768","https://pbs.twimg.com/media/FjNONnZUoAADorH.jpg","","in","","3","9","9","https://x.com/yeributkuy/status/1599708297380384768","1437775614396731404","yeributkuy"
"1599548808324878337","2022-12-04T23:38:48.000Z","2","Harga BBM Non Subsidi Naik Mulai Desember 2022
https://t.co/3Yz151Ryju","1599548808324878337","","","in","","1","0","0","https://x.com/anggunsafitriz/status/1599548808324878337","1229518084773277698","anggunsafitriz"
"1599300660318834688","2022-12-04T07:12:45.000Z","19","Harga BBM Non Subsidi Naik Mulai Desember 2022
https://t.co/MXMv3TmWBU","1599300660318834688","","","in","","2","0","7","https://x.com/OposisiCerdas/status/1599300660318834688","887743587579944960","OposisiCerdas"
"1599257769349369856","2022-12-04T04:22:19.000Z","6","Harga BBM Non Subsidi Naik Mulai Desember 2022
https://t.co/7dNAIEQ2ZU","1599257769349369856","","","in","","1","1","2","https://x.com/geloraco/status/1599257769349369856","3319260420","geloraco"
"1599253296564555782","2022-12-04T04:04:33.000Z","5","Harga BBM Non Subsidi Naik Mulai Desember 2022 https://t.co/SWIf52vH01","1599253296564555782","","","in","","0","4","3","https://x.com/tvOneNews/status/1599253296564555782","55507370","tvOneNews"
"1598911486545784835","2022-12-03T05:26:20.000Z","3","BBM Pertamina non-subsidi naik harga, meliputi Pertamax Turbo, Pertamina Dex dan Dexlite. Shell juga menaikkan harga semua produknya.","1598911490270318597","","perupadata","in","","0","0","2","https://x.com/perupadata/status/1598911490270318597","1256115929923981317","perupadata"
"1598321923905454080","2022-12-01T14:23:36.000Z","0","BBM Pertamina Non Subsidi Resmi Naik Per 1 Desember 2022, Ini Harganya https://t.co/o957tk8vkq","1598321923905454080","","","in","","0","0","0","https://x.com/jawapos/status/1598321923905454080","2392460208","jawapos"
"1598200170063499265","2022-12-01T06:19:48.000Z","0","Harga BBM Non Subsidi di Bali Resmi Naik Hari Ini, Kamis 1 Desember 2022: Pertamax Turbo Rp15.200
 
https://t.co/NSKoZF9EW2 via @tribunbalikanal","1598200170063499265","","","in","","0","0","0","https://x.com/tribunnews/status/1598200170063499265","124171593","tribunnews"
"1598160415581605890","2022-12-01T03:41:50.000Z","0","Harga BBM Non Subsidi Naik Lagi, Pertamina Buka Suara.. https://t.co/JD0NMcwEq4","1598160415581605890","","","in","","0","0","0","https://x.com/cnbcindonesia/status/1598160415581605890","847372542830444544","cnbcindonesia"
"1598150149175676928","2022-12-01T03:01:02.000Z","0","Duh! Harga BBM Non Subsidi Naik per 1 Desember 2022, Cek Daftar Harga Terbarunya https://t.co/veWqEQqMfy","1598150149175676928","","","in","","0","0","0","https://x.com/haluanharian/status/1598150149175676928","282667727","haluanharian"
"1598121472350117889","2022-12-01T01:07:05.000Z","17","Harga BBM Non Subsidi Naik, Ini Daftar Harga BBM Pertamina Per 1 Desember 2022 https://t.co/hMIuJWhUm9 https://t.co/sf0wcxOrzc","1598121472350117889","https://pbs.twimg.com/media/Fi2rAqeagAAI3DA.jpg","","in","","6","15","9","https://x.com/KompasTV/status/1598121472350117889","71436318","KompasTV"
"1597971666126065664","2022-11-30T15:11:48.000Z","1","Breaking! Harga BBM Non Subsidi Pertamina Resmi Naik di SPBU https://t.co/g6NXxNXfKO","1597971666126065664","","","in","","1","0","1","https://x.com/cnbcindonesia/status/1597971666126065664","847372542830444544","cnbcindonesia"
"1594503984642809861","2022-11-21T01:32:29.000Z","21","Kementerian Pertanian mengakui harga beras saat ini naik. 

Hal itu dipicu kenaikan harga BBM, kesulitan pupuk hingga petani yang tidak menggunakan pupuk subsidi, tetapi non subsidi.

https://t.co/uPQapM9f93","1594503984642809861","","","in","","12","16","15","https://x.com/TirtoID/status/1594503984642809861","4187275698","TirtoID"
"1591234615012098050","2022-11-12T01:01:10.000Z","2","Gimana sih kerjanya ?
Kerja lu ngapain aja hok ? @basuki_btp @Ahok klo ngomong sok hebat.

Si Mulut Jamban &amp; Koruptor, Diangkat Jadi Komisaris Utama, Digaji 3,5 Milyar, Gak Bisa Kerja, Pertamina Malah Rugi 191 Triliun, dan Harga BBM Mencekik Rakyat ??
 https://t.co/k6kl7Quf4y","1591234615012098050","","","in","","0","0","2","https://x.com/JokoLipService/status/1591234615012098050","2377644162","JokoLipService"
"1587780143845900289","2022-11-02T12:14:20.000Z","0","Harga BBM Solar Non Subsidi Naik, Berikut Daftarnya    #LengkapCepatBeritanya #Keuangan #Ekonomi #Ekonomi #EkonomiIndonesia . https://t.co/sjHBpxfDgg","1587780143845900289","","","in","","0","0","0","https://x.com/okezonenews/status/1587780143845900289","47274731","okezonenews"
"1587626818349465603","2022-11-02T02:43:01.000Z","4","@prastow Di atas kertas BPS kalau diRakyat bawah tidak turun malah naik semua. Memang aneh perhitungan BPS ini, BBM subsidi &amp; non subsidi naik bulan lalu kok malah deflasi!! 😮‍💨😮‍💨. Ini cara hitungnya gimana?? 🤔","1587636365566410752","","prastow","in","","0","1","0","https://x.com/arpas2000/status/1587636365566410752","1138662348044902400","arpas2000"
"1587596760536317952","2022-11-02T00:47:58.000Z","42","@CNNIndonesia Selama si T4i masih di Pertamina , harga bbm masih mencekik rakyat jelata.....kwkkwkwkwk","1587607413305184256","","CNNIndonesia","in","","0","3","4","https://x.com/Cpt28_/status/1587607413305184256","3539295794","Cpt28_"
"1587331244450549762","2022-11-01T06:30:34.000Z","10","Shell punya londo yg numpang berak di Indonesia aja hrga nya lbh murah, nich Pertamina punya negara mlh mencekik rakyat ini akibat klau berusaha gk pakai otak, kirain jual mahal negara bisa bgs ekonomi nya gak tau nya ekonomi hancur di segala bidang dasar org suek.","1587331244450549762","","","in","","0","1","2","https://x.com/AgusAgu00819551/status/1587331244450549762","1520534482105020416","AgusAgu00819551"
"1587102461768085504","2022-10-31T15:21:28.000Z","2","Harga BBM Solar Non Subsidi Naik, Pertamax Turbo Malah Turun! https://t.co/553R8XPkXS","1587102461768085504","","","in","","0","0","0","https://x.com/cnbcindonesia/status/1587102461768085504","847372542830444544","cnbcindonesia"
"1587101705560203264","2022-10-31T15:18:28.000Z","4","Harga BBM Solar Non Subsidi Pertamina Resmi Naik 1 November https://t.co/TbaFckpR5G","1587101705560203264","","","in","","1","0","2","https://x.com/cnbcindonesia/status/1587101705560203264","847372542830444544","cnbcindonesia"
"1583399682738245632","2022-10-22T07:20:25.000Z","2","@raykairi @randhilicious @txtdrpemerintah Dulu sebelum banteng dipemerintahan gak ada tuh narasi bbm non subsidi naik bla bla yang ada hanya bbm naik rakyat susah sampe nangis2 noh orang2 nya. Sekarang kalau naik dinarasiin nya beban negra subsidi berat bla bla.","1583719910496030720","","raykairi","in","","0","0","0","https://x.com/AraZuliaryo/status/1583719910496030720","4505279594","AraZuliaryo"
"1583399682738245632","2022-10-22T05:52:39.000Z","0","@gorioyoo @txtdrpemerintah Untuk BBM subsidi semenjak 2019 belum pernah naik. 

Yang naik non subsidi doang kaya pertamax dan di atasnya.","1583697825581654016","","gorioyoo","in","","0","2","0","https://x.com/raykairi/status/1583697825581654016","236389654","raykairi"
"1575995300782964737","2022-09-30T23:45:34.000Z","6","Harga Pertamax dan Pertamax Turbo turun, harga Pertamina Dex dan Dexlite naik. Berikut daftar harga BBM non-subsidi terbaru selengkapnya. https://t.co/N4ktws9zYg","1575995300782964737","","","in","","6","7","5","https://x.com/kompascom/status/1575995300782964737","23343960","kompascom"
"1575796374544580608","2022-09-30T10:35:08.000Z","3","Gue sbg customer ojol kerasa bgt pos transportasi gue, kebutuhan bensin pas naik motor sendiri bengkak dan kalau ojol sampe harus isi BBM non subsidi. Gue si mikirnya Pertamina harus lebih ketat mengawasi pembelian BBM subsidi ini ya, karena masih ada aja penyelewengan","1575796381217787905","","sakatonikabcey","in","","0","0","0","https://x.com/sakatonikabcey/status/1575796381217787905","1303351802117513217","sakatonikabcey"
"1572883397328113666","2022-09-22T13:21:42.000Z","23","@CNNIndonesia Selain PLN dan Pertamina yg punya hak monopoli tapi rugi, digunakan rezim utk mencekik rakyat...bubar saja pemerintahan ini ga guna.","1572939196800827393","","CNNIndonesia","in","","0","0","2","https://x.com/sersanqomar/status/1572939196800827393","3246938070","sersanqomar"
