username,entity,label,kalimat_contoh
iamretardio,Indonesia,LOCATION,"Banyak yang nanya, harga minyak dunia turun, kok harga BBM di Indonesia gak ikut turun? 

Ternyata s..."
iamretardio,Bbm,PRODUCT,"Banyak yang nanya, harga minyak dunia turun, kok harga BBM di Indonesia gak ikut turun? 

Ternyata s..."
iamretardio,Minyak Mentah,PRODUCT,"Banyak yang nanya, harga minyak dunia turun, kok harga BBM di Indonesia gak ikut turun? 

Ternyata s..."
iamretardio,BBM,PRODUCT,"Banyak yang nanya, harga minyak dunia turun, kok harga BBM di Indonesia gak ikut turun? 

Ternyata s..."
stobsjr,Bahlil,PERSON,"@dimarsasongko98 Pak Bahlil...., bagi orang punya duit nggak masalah harga BBM non subsidi naik. Yan..."
stobsjr,Bbm,PRODUCT,"@dimarsasongko98 Pak Bahlil...., bagi orang punya duit nggak masalah harga BBM non subsidi naik. Yan..."
stobsjr,BBM,PRODUCT,"@dimarsasongko98 Pak Bahlil...., bagi orang punya duit nggak masalah harga BBM non subsidi naik. Yan..."
dimarsasongko98,Rp19.000,MONEY,"Pertamax disebut BBM ""non-subsidi.""

Tapi Ketua Komisi XII DPR mengungkap langsung dari diskusi deng..."
dimarsasongko98,Rp16.250,MONEY,"Pertamax disebut BBM ""non-subsidi.""

Tapi Ketua Komisi XII DPR mengungkap langsung dari diskusi deng..."
dimarsasongko98,Rp20.000,MONEY,"Pertamax disebut BBM ""non-subsidi.""

Tapi Ketua Komisi XII DPR mengungkap langsung dari diskusi deng..."
dimarsasongko98,Komisi,PERSON,"Pertamax disebut BBM ""non-subsidi.""

Tapi Ketua Komisi XII DPR mengungkap langsung dari diskusi deng..."
dimarsasongko98,Pertamina,PERSON,"Pertamax disebut BBM ""non-subsidi.""

Tapi Ketua Komisi XII DPR mengungkap langsung dari diskusi deng..."
dimarsasongko98,Pertamax,PRODUCT,"Pertamax disebut BBM ""non-subsidi.""

Tapi Ketua Komisi XII DPR mengungkap langsung dari diskusi deng..."
dimarsasongko98,Bbm,PRODUCT,"Pertamax disebut BBM ""non-subsidi.""

Tapi Ketua Komisi XII DPR mengungkap langsung dari diskusi deng..."
dimarsasongko98,Pertamina,ORGANIZATION,"Pertamax disebut BBM ""non-subsidi.""

Tapi Ketua Komisi XII DPR mengungkap langsung dari diskusi deng..."
dimarsasongko98,Komisi Xii Dpr,ORGANIZATION,"Pertamax disebut BBM ""non-subsidi.""

Tapi Ketua Komisi XII DPR mengungkap langsung dari diskusi deng..."
dimarsasongko98,Dpr,ORGANIZATION,"Pertamax disebut BBM ""non-subsidi.""

Tapi Ketua Komisi XII DPR mengungkap langsung dari diskusi deng..."
dimarsasongko98,BBM,PRODUCT,"Pertamax disebut BBM ""non-subsidi.""

Tapi Ketua Komisi XII DPR mengungkap langsung dari diskusi deng..."
dimarsasongko98,XII,ORGANIZATION,"Pertamax disebut BBM ""non-subsidi.""

Tapi Ketua Komisi XII DPR mengungkap langsung dari diskusi deng..."
dimarsasongko98,DPR,ORGANIZATION,"Pertamax disebut BBM ""non-subsidi.""

Tapi Ketua Komisi XII DPR mengungkap langsung dari diskusi deng..."
dimarsasongko98,VP,ORGANIZATION,"Pertamax disebut BBM ""non-subsidi.""

Tapi Ketua Komisi XII DPR mengungkap langsung dari diskusi deng..."
Neonboxyellow,Bbm,PRODUCT,@dimarsasongko98 bbm non subsidi mau naik berapa juga ga akan masalah jika sembako dan kebutuhan das...
myyoongles96,Bbm,PRODUCT,"Sapa tu ya yg kemaren ngetawain orang2 yg protes bbm non subsidi naik dan dikatain gak mampu?

MAM N..."
myyoongles96,MAM,ORGANIZATION,"Sapa tu ya yg kemaren ngetawain orang2 yg protes bbm non subsidi naik dan dikatain gak mampu?

MAM N..."
myyoongles96,NOH,ORGANIZATION,"Sapa tu ya yg kemaren ngetawain orang2 yg protes bbm non subsidi naik dan dikatain gak mampu?

MAM N..."
myyoongles96,KELANGKAAN,ORGANIZATION,"Sapa tu ya yg kemaren ngetawain orang2 yg protes bbm non subsidi naik dan dikatain gak mampu?

MAM N..."
myyoongles96,BBM,PRODUCT,"Sapa tu ya yg kemaren ngetawain orang2 yg protes bbm non subsidi naik dan dikatain gak mampu?

MAM N..."
myyoongles96,SUBSIDI,ORGANIZATION,"Sapa tu ya yg kemaren ngetawain orang2 yg protes bbm non subsidi naik dan dikatain gak mampu?

MAM N..."
arteranews,Rp16.250,MONEY,"Direktur Jenderal Komunikasi Publik dan Media Kementerian Komunikasi dan Digital, Fifi Aleyda Yahya,..."
arteranews,Jenderal Komunikasi Publik,PERSON,"Direktur Jenderal Komunikasi Publik dan Media Kementerian Komunikasi dan Digital, Fifi Aleyda Yahya,..."
arteranews,Komunikasi dan Digital,ORGANIZATION,"Direktur Jenderal Komunikasi Publik dan Media Kementerian Komunikasi dan Digital, Fifi Aleyda Yahya,..."
arteranews,Rp,LOCATION,"Direktur Jenderal Komunikasi Publik dan Media Kementerian Komunikasi dan Digital, Fifi Aleyda Yahya,..."
arteranews,Pertamax,PRODUCT,"Direktur Jenderal Komunikasi Publik dan Media Kementerian Komunikasi dan Digital, Fifi Aleyda Yahya,..."
arteranews,Bbm,PRODUCT,"Direktur Jenderal Komunikasi Publik dan Media Kementerian Komunikasi dan Digital, Fifi Aleyda Yahya,..."
arteranews,Kementerian Komunikasi Dan Digital,ORGANIZATION,"Direktur Jenderal Komunikasi Publik dan Media Kementerian Komunikasi dan Digital, Fifi Aleyda Yahya,..."
arteranews,Fifi Aleyda Yahya,PERSON,"Direktur Jenderal Komunikasi Publik dan Media Kementerian Komunikasi dan Digital, Fifi Aleyda Yahya,..."
arteranews,BBM,PRODUCT,"Direktur Jenderal Komunikasi Publik dan Media Kementerian Komunikasi dan Digital, Fifi Aleyda Yahya,..."
cloudsmahe,Bbm,PRODUCT,"@TxtdariHI harusnya bisa juga pertamina menurunkan harga bbm non subsidi, semoga saja harga ini juga..."
cloudsmahe,Pertamina,ORGANIZATION,"@TxtdariHI harusnya bisa juga pertamina menurunkan harga bbm non subsidi, semoga saja harga ini juga..."
DewaRama,Bbm,PRODUCT,@TxtdariHI Pejabat yg bilang BBM non subsidi hrsnya sdh naik dr dulu akan bilang harusnya turun dr d...
DewaRama,BBM,PRODUCT,@TxtdariHI Pejabat yg bilang BBM non subsidi hrsnya sdh naik dr dulu akan bilang harusnya turun dr d...
setowicaksono,Bbm,PRODUCT,"@boxxtoc ""Emang gue pikirin!""

Kalimat yg terucap, sewaktu kondisi negara:

- banyak PHK, entah jili..."
setowicaksono,PHK,ORGANIZATION,"@boxxtoc ""Emang gue pikirin!""

Kalimat yg terucap, sewaktu kondisi negara:

- banyak PHK, entah jili..."
Sang9Bro,Pertamax,PRODUCT,"@P0113R Dek Fatimah... kamunitu cuma anak yang cadas bukan cerdas. kalian bukan dewa.
Apa yg jadi tu..."
Sang9Bro,Bbm,PRODUCT,"@P0113R Dek Fatimah... kamunitu cuma anak yang cadas bukan cerdas. kalian bukan dewa.
Apa yg jadi tu..."
mediaindonesia,Purbaya Optimistis Harga Pertamax,PERSON,"Menkeu Purbaya Optimistis Harga Pertamax akan Segera Turun

Menteri Keuangan Purbaya Yudhi Sadewa op..."
mediaindonesia,Keuangan Purbaya Yudhi Sadewa,PERSON,"Menkeu Purbaya Optimistis Harga Pertamax akan Segera Turun

Menteri Keuangan Purbaya Yudhi Sadewa op..."
mediaindonesia,Pertamax,PRODUCT,"Menkeu Purbaya Optimistis Harga Pertamax akan Segera Turun

Menteri Keuangan Purbaya Yudhi Sadewa op..."
mediaindonesia,Pertamax Green,PRODUCT,"Menkeu Purbaya Optimistis Harga Pertamax akan Segera Turun

Menteri Keuangan Purbaya Yudhi Sadewa op..."
mediaindonesia,Bbm,PRODUCT,"Menkeu Purbaya Optimistis Harga Pertamax akan Segera Turun

Menteri Keuangan Purbaya Yudhi Sadewa op..."
mediaindonesia,Purbaya,PERSON,"Menkeu Purbaya Optimistis Harga Pertamax akan Segera Turun

Menteri Keuangan Purbaya Yudhi Sadewa op..."
mediaindonesia,BBM,PRODUCT,"Menkeu Purbaya Optimistis Harga Pertamax akan Segera Turun

Menteri Keuangan Purbaya Yudhi Sadewa op..."
kesadaran_ku,Bbm,PRODUCT,@kompascom gara gara BBM tidak naik? lah apa presiden tidak tau kalo BBM non subsidi naik?...
kesadaran_ku,BBM,PRODUCT,@kompascom gara gara BBM tidak naik? lah apa presiden tidak tau kalo BBM non subsidi naik?...
TirtoID,Timur Tengah,LOCATION,"Konflik di Timur Tengah tidak hanya memicu sentimen risk-off global, tetapi juga menaikkan harga ene..."
TirtoID,Bbm,PRODUCT,"Konflik di Timur Tengah tidak hanya memicu sentimen risk-off global, tetapi juga menaikkan harga ene..."
TirtoID,IHK,ORGANIZATION,"Konflik di Timur Tengah tidak hanya memicu sentimen risk-off global, tetapi juga menaikkan harga ene..."
TirtoID,BBM,PRODUCT,"Konflik di Timur Tengah tidak hanya memicu sentimen risk-off global, tetapi juga menaikkan harga ene..."
ayamkechill,Bbm,PRODUCT,"@MiskinTV_ Bbm non subsidi naik = pengguna subsidi ga usah protes
Listrik mati bergilir = pengguna s..."
Ombahku,Pertamax,PRODUCT,"@kompascom Saat menaikkan harga BBM Non Subsidi jenis Pertamax tidak ada diksi ""Berpeluang Naik"", la..."
Ombahku,Bbm,PRODUCT,"@kompascom Saat menaikkan harga BBM Non Subsidi jenis Pertamax tidak ada diksi ""Berpeluang Naik"", la..."
Ombahku,BBM,PRODUCT,"@kompascom Saat menaikkan harga BBM Non Subsidi jenis Pertamax tidak ada diksi ""Berpeluang Naik"", la..."
AdamVelcro,Bbm,PRODUCT,"Yang tetap menanggungnya, sedangkan harusnya yg non subsidi mengikuti harga minyak dunia yg katanya ..."
mridhoalhazmi,Pertamax,PRODUCT,"Pertamax bbm non subsidi harganya pasti mengikuti harga minyak dunia, kenapa jadi persoalan kalau na..."
mridhoalhazmi,Pertalite,PRODUCT,"Pertamax bbm non subsidi harganya pasti mengikuti harga minyak dunia, kenapa jadi persoalan kalau na..."
mridhoalhazmi,Bbm,PRODUCT,"Pertamax bbm non subsidi harganya pasti mengikuti harga minyak dunia, kenapa jadi persoalan kalau na..."
mridhoalhazmi,Indonesia,LOCATION,"Pertamax bbm non subsidi harganya pasti mengikuti harga minyak dunia, kenapa jadi persoalan kalau na..."
mridhoalhazmi,Apbn,ORGANIZATION,"Pertamax bbm non subsidi harganya pasti mengikuti harga minyak dunia, kenapa jadi persoalan kalau na..."
mridhoalhazmi,APBN,ORGANIZATION,"Pertamax bbm non subsidi harganya pasti mengikuti harga minyak dunia, kenapa jadi persoalan kalau na..."
hendrasumar,RP3.950,MONEY,"PERTAMAX NAIK RP 3.950/LITER. BERTAHAN DEMI MESIN ATAU PINDAH MAZHAB?

Tiap mampir ke SPBU sekarang ..."
hendrasumar,Rp12.300,MONEY,"PERTAMAX NAIK RP 3.950/LITER. BERTAHAN DEMI MESIN ATAU PINDAH MAZHAB?

Tiap mampir ke SPBU sekarang ..."
hendrasumar,Rp,LOCATION,"PERTAMAX NAIK RP 3.950/LITER. BERTAHAN DEMI MESIN ATAU PINDAH MAZHAB?

Tiap mampir ke SPBU sekarang ..."
hendrasumar,Pertamax,PRODUCT,"PERTAMAX NAIK RP 3.950/LITER. BERTAHAN DEMI MESIN ATAU PINDAH MAZHAB?

Tiap mampir ke SPBU sekarang ..."
hendrasumar,Bbm,PRODUCT,"PERTAMAX NAIK RP 3.950/LITER. BERTAHAN DEMI MESIN ATAU PINDAH MAZHAB?

Tiap mampir ke SPBU sekarang ..."
hendrasumar,Pertamina,ORGANIZATION,"PERTAMAX NAIK RP 3.950/LITER. BERTAHAN DEMI MESIN ATAU PINDAH MAZHAB?

Tiap mampir ke SPBU sekarang ..."
hendrasumar,PERTAMAX,ORGANIZATION,"PERTAMAX NAIK RP 3.950/LITER. BERTAHAN DEMI MESIN ATAU PINDAH MAZHAB?

Tiap mampir ke SPBU sekarang ..."
hendrasumar,NAIK,ORGANIZATION,"PERTAMAX NAIK RP 3.950/LITER. BERTAHAN DEMI MESIN ATAU PINDAH MAZHAB?

Tiap mampir ke SPBU sekarang ..."
hendrasumar,RP,ORGANIZATION,"PERTAMAX NAIK RP 3.950/LITER. BERTAHAN DEMI MESIN ATAU PINDAH MAZHAB?

Tiap mampir ke SPBU sekarang ..."
hendrasumar,LITER,ORGANIZATION,"PERTAMAX NAIK RP 3.950/LITER. BERTAHAN DEMI MESIN ATAU PINDAH MAZHAB?

Tiap mampir ke SPBU sekarang ..."
hendrasumar,BERTAHAN,ORGANIZATION,"PERTAMAX NAIK RP 3.950/LITER. BERTAHAN DEMI MESIN ATAU PINDAH MAZHAB?

Tiap mampir ke SPBU sekarang ..."
hendrasumar,DEMI,ORGANIZATION,"PERTAMAX NAIK RP 3.950/LITER. BERTAHAN DEMI MESIN ATAU PINDAH MAZHAB?

Tiap mampir ke SPBU sekarang ..."
hendrasumar,MESIN,ORGANIZATION,"PERTAMAX NAIK RP 3.950/LITER. BERTAHAN DEMI MESIN ATAU PINDAH MAZHAB?

Tiap mampir ke SPBU sekarang ..."
hendrasumar,ATAU,ORGANIZATION,"PERTAMAX NAIK RP 3.950/LITER. BERTAHAN DEMI MESIN ATAU PINDAH MAZHAB?

Tiap mampir ke SPBU sekarang ..."
hendrasumar,PINDAH,ORGANIZATION,"PERTAMAX NAIK RP 3.950/LITER. BERTAHAN DEMI MESIN ATAU PINDAH MAZHAB?

Tiap mampir ke SPBU sekarang ..."
hendrasumar,MAZHAB,ORGANIZATION,"PERTAMAX NAIK RP 3.950/LITER. BERTAHAN DEMI MESIN ATAU PINDAH MAZHAB?

Tiap mampir ke SPBU sekarang ..."
hendrasumar,SPBU,PRODUCT,"PERTAMAX NAIK RP 3.950/LITER. BERTAHAN DEMI MESIN ATAU PINDAH MAZHAB?

Tiap mampir ke SPBU sekarang ..."
hendrasumar,BBM,PRODUCT,"PERTAMAX NAIK RP 3.950/LITER. BERTAHAN DEMI MESIN ATAU PINDAH MAZHAB?

Tiap mampir ke SPBU sekarang ..."
hendrasumar,RON,ORGANIZATION,"PERTAMAX NAIK RP 3.950/LITER. BERTAHAN DEMI MESIN ATAU PINDAH MAZHAB?

Tiap mampir ke SPBU sekarang ..."
REVAIZAL,Bbm,PRODUCT,"2. BBM Non subsidi naik -&gt; bisa jadi pisau bermata dua. Untuk ojol, angkutan umum, masyarakat men..."
REVAIZAL,BBM,PRODUCT,"2. BBM Non subsidi naik -&gt; bisa jadi pisau bermata dua. Untuk ojol, angkutan umum, masyarakat men..."
timleocity,Bbm,PRODUCT,"NIH LIHAAATTTTT. Gue tampol lu ya yg bilang “BBM yg naik kan non subsidi, lu pada belain orang kaya ..."
timleocity,NIH,ORGANIZATION,"NIH LIHAAATTTTT. Gue tampol lu ya yg bilang “BBM yg naik kan non subsidi, lu pada belain orang kaya ..."
timleocity,LIHAAATTTTT,ORGANIZATION,"NIH LIHAAATTTTT. Gue tampol lu ya yg bilang “BBM yg naik kan non subsidi, lu pada belain orang kaya ..."
timleocity,BBM,PRODUCT,"NIH LIHAAATTTTT. Gue tampol lu ya yg bilang “BBM yg naik kan non subsidi, lu pada belain orang kaya ..."
timleocity,ELU,ORGANIZATION,"NIH LIHAAATTTTT. Gue tampol lu ya yg bilang “BBM yg naik kan non subsidi, lu pada belain orang kaya ..."
timleocity,YANG,ORGANIZATION,"NIH LIHAAATTTTT. Gue tampol lu ya yg bilang “BBM yg naik kan non subsidi, lu pada belain orang kaya ..."
timleocity,ANEH,ORGANIZATION,"NIH LIHAAATTTTT. Gue tampol lu ya yg bilang “BBM yg naik kan non subsidi, lu pada belain orang kaya ..."
Chicitcuiit,Bbm,PRODUCT,@tanyakanrl abis bbm non subsidi naik apakah bntr lagi ada berita tiba2 tarif listrik naik? kan peme...
Hidupsebagai62,Pln,ORGANIZATION,"PIUTANG PLN KE PEMERINTAH NAIK 156%. 
ARTINYA PEMERINTAH NUNGGAK BAYAR KE PLN SEHINGGA PLN TIDAK PUN..."
Hidupsebagai62,PIUTANG,ORGANIZATION,"PIUTANG PLN KE PEMERINTAH NAIK 156%. 
ARTINYA PEMERINTAH NUNGGAK BAYAR KE PLN SEHINGGA PLN TIDAK PUN..."
Hidupsebagai62,PLN,ORGANIZATION,"PIUTANG PLN KE PEMERINTAH NAIK 156%. 
ARTINYA PEMERINTAH NUNGGAK BAYAR KE PLN SEHINGGA PLN TIDAK PUN..."
Hidupsebagai62,KE,ORGANIZATION,"PIUTANG PLN KE PEMERINTAH NAIK 156%. 
ARTINYA PEMERINTAH NUNGGAK BAYAR KE PLN SEHINGGA PLN TIDAK PUN..."
Hidupsebagai62,PEMERINTAH,ORGANIZATION,"PIUTANG PLN KE PEMERINTAH NAIK 156%. 
ARTINYA PEMERINTAH NUNGGAK BAYAR KE PLN SEHINGGA PLN TIDAK PUN..."
Hidupsebagai62,NAIK,ORGANIZATION,"PIUTANG PLN KE PEMERINTAH NAIK 156%. 
ARTINYA PEMERINTAH NUNGGAK BAYAR KE PLN SEHINGGA PLN TIDAK PUN..."
Hidupsebagai62,ARTINYA,ORGANIZATION,"PIUTANG PLN KE PEMERINTAH NAIK 156%. 
ARTINYA PEMERINTAH NUNGGAK BAYAR KE PLN SEHINGGA PLN TIDAK PUN..."
Hidupsebagai62,NUNGGAK,ORGANIZATION,"PIUTANG PLN KE PEMERINTAH NAIK 156%. 
ARTINYA PEMERINTAH NUNGGAK BAYAR KE PLN SEHINGGA PLN TIDAK PUN..."
Hidupsebagai62,BAYAR,ORGANIZATION,"PIUTANG PLN KE PEMERINTAH NAIK 156%. 
ARTINYA PEMERINTAH NUNGGAK BAYAR KE PLN SEHINGGA PLN TIDAK PUN..."
Hidupsebagai62,SEHINGGA,ORGANIZATION,"PIUTANG PLN KE PEMERINTAH NAIK 156%. 
ARTINYA PEMERINTAH NUNGGAK BAYAR KE PLN SEHINGGA PLN TIDAK PUN..."
Hidupsebagai62,TIDAK,ORGANIZATION,"PIUTANG PLN KE PEMERINTAH NAIK 156%. 
ARTINYA PEMERINTAH NUNGGAK BAYAR KE PLN SEHINGGA PLN TIDAK PUN..."
Hidupsebagai62,PUNYA,ORGANIZATION,"PIUTANG PLN KE PEMERINTAH NAIK 156%. 
ARTINYA PEMERINTAH NUNGGAK BAYAR KE PLN SEHINGGA PLN TIDAK PUN..."
Hidupsebagai62,DUIT,ORGANIZATION,"PIUTANG PLN KE PEMERINTAH NAIK 156%. 
ARTINYA PEMERINTAH NUNGGAK BAYAR KE PLN SEHINGGA PLN TIDAK PUN..."
Hidupsebagai62,BISA,ORGANIZATION,"PIUTANG PLN KE PEMERINTAH NAIK 156%. 
ARTINYA PEMERINTAH NUNGGAK BAYAR KE PLN SEHINGGA PLN TIDAK PUN..."
Hidupsebagai62,BEKI,ORGANIZATION,"PIUTANG PLN KE PEMERINTAH NAIK 156%. 
ARTINYA PEMERINTAH NUNGGAK BAYAR KE PLN SEHINGGA PLN TIDAK PUN..."
Hidupsebagai62,BATUBARA,ORGANIZATION,"PIUTANG PLN KE PEMERINTAH NAIK 156%. 
ARTINYA PEMERINTAH NUNGGAK BAYAR KE PLN SEHINGGA PLN TIDAK PUN..."
Hidupsebagai62,BELI,ORGANIZATION,"PIUTANG PLN KE PEMERINTAH NAIK 156%. 
ARTINYA PEMERINTAH NUNGGAK BAYAR KE PLN SEHINGGA PLN TIDAK PUN..."
Hidupsebagai62,SUPLAI,ORGANIZATION,"PIUTANG PLN KE PEMERINTAH NAIK 156%. 
ARTINYA PEMERINTAH NUNGGAK BAYAR KE PLN SEHINGGA PLN TIDAK PUN..."
Hidupsebagai62,LISTRIK,ORGANIZATION,"PIUTANG PLN KE PEMERINTAH NAIK 156%. 
ARTINYA PEMERINTAH NUNGGAK BAYAR KE PLN SEHINGGA PLN TIDAK PUN..."
Hidupsebagai62,BERKURANG,ORGANIZATION,"PIUTANG PLN KE PEMERINTAH NAIK 156%. 
ARTINYA PEMERINTAH NUNGGAK BAYAR KE PLN SEHINGGA PLN TIDAK PUN..."
Hidupsebagai62,MENYALA,ORGANIZATION,"PIUTANG PLN KE PEMERINTAH NAIK 156%. 
ARTINYA PEMERINTAH NUNGGAK BAYAR KE PLN SEHINGGA PLN TIDAK PUN..."
Hidupsebagai62,BERGILIR,ORGANIZATION,"PIUTANG PLN KE PEMERINTAH NAIK 156%. 
ARTINYA PEMERINTAH NUNGGAK BAYAR KE PLN SEHINGGA PLN TIDAK PUN..."
Hidupsebagai62,BUKAN,ORGANIZATION,"PIUTANG PLN KE PEMERINTAH NAIK 156%. 
ARTINYA PEMERINTAH NUNGGAK BAYAR KE PLN SEHINGGA PLN TIDAK PUN..."
Hidupsebagai62,PEMADAMAN,ORGANIZATION,"PIUTANG PLN KE PEMERINTAH NAIK 156%. 
ARTINYA PEMERINTAH NUNGGAK BAYAR KE PLN SEHINGGA PLN TIDAK PUN..."
putrapostdaily,Pertamax,PRODUCT,"Harga BBM Pertamina hari ini menunjukkan adanya kenaikan signifikan pada produk non-subsidi, terutam..."
putrapostdaily,Pertamax Green,PRODUCT,"Harga BBM Pertamina hari ini menunjukkan adanya kenaikan signifikan pada produk non-subsidi, terutam..."
putrapostdaily,Bbm,PRODUCT,"Harga BBM Pertamina hari ini menunjukkan adanya kenaikan signifikan pada produk non-subsidi, terutam..."
putrapostdaily,Pertamina,ORGANIZATION,"Harga BBM Pertamina hari ini menunjukkan adanya kenaikan signifikan pada produk non-subsidi, terutam..."
putrapostdaily,BBM,PRODUCT,"Harga BBM Pertamina hari ini menunjukkan adanya kenaikan signifikan pada produk non-subsidi, terutam..."
fadlizon,Rp10.000,MONEY,Di tengah guncangan harga energi global yang memaksa hampir semua negara mencabut subsidi BBM  Indon...
fadlizon,Rp6.800.,MONEY,Di tengah guncangan harga energi global yang memaksa hampir semua negara mencabut subsidi BBM  Indon...
fadlizon,Rp16.250,MONEY,Di tengah guncangan harga energi global yang memaksa hampir semua negara mencabut subsidi BBM  Indon...
fadlizon,Rp,LOCATION,Di tengah guncangan harga energi global yang memaksa hampir semua negara mencabut subsidi BBM  Indon...
fadlizon,Pertamax,PRODUCT,Di tengah guncangan harga energi global yang memaksa hampir semua negara mencabut subsidi BBM  Indon...
fadlizon,Pertalite,PRODUCT,Di tengah guncangan harga energi global yang memaksa hampir semua negara mencabut subsidi BBM  Indon...
fadlizon,Solar,PRODUCT,Di tengah guncangan harga energi global yang memaksa hampir semua negara mencabut subsidi BBM  Indon...
fadlizon,Bbm,PRODUCT,Di tengah guncangan harga energi global yang memaksa hampir semua negara mencabut subsidi BBM  Indon...
fadlizon,Indonesia,LOCATION,Di tengah guncangan harga energi global yang memaksa hampir semua negara mencabut subsidi BBM  Indon...
fadlizon,BBM,PRODUCT,Di tengah guncangan harga energi global yang memaksa hampir semua negara mencabut subsidi BBM  Indon...
Sitakim0x,Pertamax,PRODUCT,"#MahasiswaDitunggangi
Demo Untuk Siapa?

Bela orang kaya, perubahan orientasi mahasiswa. Yang naik i..."
Sitakim0x,Pertalite,PRODUCT,"#MahasiswaDitunggangi
Demo Untuk Siapa?

Bela orang kaya, perubahan orientasi mahasiswa. Yang naik i..."
Sitakim0x,Bbm,PRODUCT,"#MahasiswaDitunggangi
Demo Untuk Siapa?

Bela orang kaya, perubahan orientasi mahasiswa. Yang naik i..."
Sitakim0x,BBM,PRODUCT,"#MahasiswaDitunggangi
Demo Untuk Siapa?

Bela orang kaya, perubahan orientasi mahasiswa. Yang naik i..."
epiiee118172,Pertalite,PRODUCT,"Demo untuk siapa? Pertalite dan Solar tetap terjangkau, yang naik hanya BBM non-subsidi. Jelas bukan..."
epiiee118172,Solar,PRODUCT,"Demo untuk siapa? Pertalite dan Solar tetap terjangkau, yang naik hanya BBM non-subsidi. Jelas bukan..."
epiiee118172,Bbm,PRODUCT,"Demo untuk siapa? Pertalite dan Solar tetap terjangkau, yang naik hanya BBM non-subsidi. Jelas bukan..."
epiiee118172,BBM,PRODUCT,"Demo untuk siapa? Pertalite dan Solar tetap terjangkau, yang naik hanya BBM non-subsidi. Jelas bukan..."
kangdede78,Bbm,PRODUCT,"@eddesign_ Wah, ini justru memperkuat argumen bahwa pemerintah menjalankan kebijakan BBM non-subsidi..."
kangdede78,BBM,PRODUCT,"@eddesign_ Wah, ini justru memperkuat argumen bahwa pemerintah menjalankan kebijakan BBM non-subsidi..."
rinducahaya70,Pertamax,PRODUCT,harusnya mahasiswa lebih jeli liat isu pertamax naik itu bbm non subsidi bukan isu utama rakyat keci...
rinducahaya70,Bbm,PRODUCT,harusnya mahasiswa lebih jeli liat isu pertamax naik itu bbm non subsidi bukan isu utama rakyat keci...
mourin362,Pertamax,PRODUCT,Pertamax naik kok demo? Itu kan BBM non-subsidi orang kaya. Rakyat kecil aman. Demo Untuk Siapa sebe...
mourin362,Bbm,PRODUCT,Pertamax naik kok demo? Itu kan BBM non-subsidi orang kaya. Rakyat kecil aman. Demo Untuk Siapa sebe...
mourin362,BBM,PRODUCT,Pertamax naik kok demo? Itu kan BBM non-subsidi orang kaya. Rakyat kecil aman. Demo Untuk Siapa sebe...
eddesign_,Pertamax,PRODUCT,"SESAT LOGIKA BBM NON-SUBSIDI &amp; KELAS MENENGAH

Pandangan ini keliru membedakan mekanisme pasar B..."
eddesign_,Bbm,PRODUCT,"SESAT LOGIKA BBM NON-SUBSIDI &amp; KELAS MENENGAH

Pandangan ini keliru membedakan mekanisme pasar B..."
eddesign_,SESAT,ORGANIZATION,"SESAT LOGIKA BBM NON-SUBSIDI &amp; KELAS MENENGAH

Pandangan ini keliru membedakan mekanisme pasar B..."
eddesign_,LOGIKA,ORGANIZATION,"SESAT LOGIKA BBM NON-SUBSIDI &amp; KELAS MENENGAH

Pandangan ini keliru membedakan mekanisme pasar B..."
eddesign_,BBM,PRODUCT,"SESAT LOGIKA BBM NON-SUBSIDI &amp; KELAS MENENGAH

Pandangan ini keliru membedakan mekanisme pasar B..."
eddesign_,NON,ORGANIZATION,"SESAT LOGIKA BBM NON-SUBSIDI &amp; KELAS MENENGAH

Pandangan ini keliru membedakan mekanisme pasar B..."
eddesign_,SUBSIDI,ORGANIZATION,"SESAT LOGIKA BBM NON-SUBSIDI &amp; KELAS MENENGAH

Pandangan ini keliru membedakan mekanisme pasar B..."
eddesign_,KELAS,ORGANIZATION,"SESAT LOGIKA BBM NON-SUBSIDI &amp; KELAS MENENGAH

Pandangan ini keliru membedakan mekanisme pasar B..."
eddesign_,MENENGAH,ORGANIZATION,"SESAT LOGIKA BBM NON-SUBSIDI &amp; KELAS MENENGAH

Pandangan ini keliru membedakan mekanisme pasar B..."
eddesign_,ICP,ORGANIZATION,"SESAT LOGIKA BBM NON-SUBSIDI &amp; KELAS MENENGAH

Pandangan ini keliru membedakan mekanisme pasar B..."
txtdrimedia,Bbm,PRODUCT,"jubir kementrian ESDM: 
""ketika harga minyak dunia naik, mau tidak mau, harga BBM non-subsidi naik""
..."
txtdrimedia,ESDM,ORGANIZATION,"jubir kementrian ESDM: 
""ketika harga minyak dunia naik, mau tidak mau, harga BBM non-subsidi naik""
..."
txtdrimedia,BBM,PRODUCT,"jubir kementrian ESDM: 
""ketika harga minyak dunia naik, mau tidak mau, harga BBM non-subsidi naik""
..."
kangdede78,"$80,",MONEY,"Baru kemarin kalian ngamuk-ngamuk, hujat pemerintah, bilang ‘harga minyak dunia naik jangan jadi ala..."
yudiwibowo976,Rp10.000,MONEY,@YgMenang_KPU_MK BBM non subsidi emang naik tp Pertalite yg dipake 80% masyarakat tetap di harga Rp ...
yudiwibowo976,Pertalite,PRODUCT,@YgMenang_KPU_MK BBM non subsidi emang naik tp Pertalite yg dipake 80% masyarakat tetap di harga Rp ...
yudiwibowo976,Bbm,PRODUCT,@YgMenang_KPU_MK BBM non subsidi emang naik tp Pertalite yg dipake 80% masyarakat tetap di harga Rp ...
yudiwibowo976,BBM,PRODUCT,@YgMenang_KPU_MK BBM non subsidi emang naik tp Pertalite yg dipake 80% masyarakat tetap di harga Rp ...
RencanaTrading,Bbm,PRODUCT,Konsep dari BBM Non Subsidi itu sebenarnya sederhana: Harga bergerak MENGIKUTI harga minyak internas...
RencanaTrading,BBM,PRODUCT,Konsep dari BBM Non Subsidi itu sebenarnya sederhana: Harga bergerak MENGIKUTI harga minyak internas...
RencanaTrading,MENGIKUTI,ORGANIZATION,Konsep dari BBM Non Subsidi itu sebenarnya sederhana: Harga bergerak MENGIKUTI harga minyak internas...
RencanaTrading,DITAHAN,ORGANIZATION,Konsep dari BBM Non Subsidi itu sebenarnya sederhana: Harga bergerak MENGIKUTI harga minyak internas...
yudiwibowo976,PHK,ORGANIZATION,@OmJ_J3Nggott BBM non subsidi emang naik tp Pertalite yg dipake 80% masyarakat tetap di harga Rp 10....
yudiwibowo976,PMI,ORGANIZATION,@OmJ_J3Nggott BBM non subsidi emang naik tp Pertalite yg dipake 80% masyarakat tetap di harga Rp 10....
puspitagafur,Pertamax,PRODUCT,Muncul konten viral nih 🤣🤣🤣 Seorang anak SMP secara logis mematahkan dasar argumen demo mahasiswa. I...
puspitagafur,Bbm,PRODUCT,Muncul konten viral nih 🤣🤣🤣 Seorang anak SMP secara logis mematahkan dasar argumen demo mahasiswa. I...
puspitagafur,SMP,ORGANIZATION,Muncul konten viral nih 🤣🤣🤣 Seorang anak SMP secara logis mematahkan dasar argumen demo mahasiswa. I...
puspitagafur,BBM,PRODUCT,Muncul konten viral nih 🤣🤣🤣 Seorang anak SMP secara logis mematahkan dasar argumen demo mahasiswa. I...
puspitagafur,RUU,ORGANIZATION,Muncul konten viral nih 🤣🤣🤣 Seorang anak SMP secara logis mematahkan dasar argumen demo mahasiswa. I...
mesatu_,April,LOCATION,"@_pandangsudut Feeling gue baru turun Juli 2026 mint. Soalnya, harga BBM non-subsidi ditahan dari Ap..."
mesatu_,Bbm,PRODUCT,"@_pandangsudut Feeling gue baru turun Juli 2026 mint. Soalnya, harga BBM non-subsidi ditahan dari Ap..."
mesatu_,BBM,PRODUCT,"@_pandangsudut Feeling gue baru turun Juli 2026 mint. Soalnya, harga BBM non-subsidi ditahan dari Ap..."
Jelli_cent,Klo,LOCATION,"Kata para penjilatnya
Yg naik BBM non subsidi 
Klo ada kenaikan kebutuhan, itu permainan tengkulak.
..."
Jelli_cent,Bbm,PRODUCT,"Kata para penjilatnya
Yg naik BBM non subsidi 
Klo ada kenaikan kebutuhan, itu permainan tengkulak.
..."
Jelli_cent,BBM,PRODUCT,"Kata para penjilatnya
Yg naik BBM non subsidi 
Klo ada kenaikan kebutuhan, itu permainan tengkulak.
..."
boahamncook,US$83,MONEY,"HARGA MINYAK DUNIA RUNTUH, TAPI KOK BBM MASIH MAHAL BANG?

Harga minyak dunia anjlok tajam hari ini ..."
boahamncook,Rp4.000,MONEY,"HARGA MINYAK DUNIA RUNTUH, TAPI KOK BBM MASIH MAHAL BANG?

Harga minyak dunia anjlok tajam hari ini ..."
boahamncook,Rp12.300,MONEY,"HARGA MINYAK DUNIA RUNTUH, TAPI KOK BBM MASIH MAHAL BANG?

Harga minyak dunia anjlok tajam hari ini ..."
boahamncook,Rp16.250,MONEY,"HARGA MINYAK DUNIA RUNTUH, TAPI KOK BBM MASIH MAHAL BANG?

Harga minyak dunia anjlok tajam hari ini ..."
boahamncook,Rp,LOCATION,"HARGA MINYAK DUNIA RUNTUH, TAPI KOK BBM MASIH MAHAL BANG?

Harga minyak dunia anjlok tajam hari ini ..."
boahamncook,Pertamax,PRODUCT,"HARGA MINYAK DUNIA RUNTUH, TAPI KOK BBM MASIH MAHAL BANG?

Harga minyak dunia anjlok tajam hari ini ..."
boahamncook,Bbm,PRODUCT,"HARGA MINYAK DUNIA RUNTUH, TAPI KOK BBM MASIH MAHAL BANG?

Harga minyak dunia anjlok tajam hari ini ..."
boahamncook,HARGA,ORGANIZATION,"HARGA MINYAK DUNIA RUNTUH, TAPI KOK BBM MASIH MAHAL BANG?

Harga minyak dunia anjlok tajam hari ini ..."
boahamncook,MINYAK,ORGANIZATION,"HARGA MINYAK DUNIA RUNTUH, TAPI KOK BBM MASIH MAHAL BANG?

Harga minyak dunia anjlok tajam hari ini ..."
boahamncook,DUNIA,ORGANIZATION,"HARGA MINYAK DUNIA RUNTUH, TAPI KOK BBM MASIH MAHAL BANG?

Harga minyak dunia anjlok tajam hari ini ..."
boahamncook,RUNTUH,ORGANIZATION,"HARGA MINYAK DUNIA RUNTUH, TAPI KOK BBM MASIH MAHAL BANG?

Harga minyak dunia anjlok tajam hari ini ..."
boahamncook,TAPI,ORGANIZATION,"HARGA MINYAK DUNIA RUNTUH, TAPI KOK BBM MASIH MAHAL BANG?

Harga minyak dunia anjlok tajam hari ini ..."
boahamncook,KOK,ORGANIZATION,"HARGA MINYAK DUNIA RUNTUH, TAPI KOK BBM MASIH MAHAL BANG?

Harga minyak dunia anjlok tajam hari ini ..."
boahamncook,BBM,PRODUCT,"HARGA MINYAK DUNIA RUNTUH, TAPI KOK BBM MASIH MAHAL BANG?

Harga minyak dunia anjlok tajam hari ini ..."
boahamncook,MASIH,ORGANIZATION,"HARGA MINYAK DUNIA RUNTUH, TAPI KOK BBM MASIH MAHAL BANG?

Harga minyak dunia anjlok tajam hari ini ..."
boahamncook,MAHAL,ORGANIZATION,"HARGA MINYAK DUNIA RUNTUH, TAPI KOK BBM MASIH MAHAL BANG?

Harga minyak dunia anjlok tajam hari ini ..."
boahamncook,BANG,ORGANIZATION,"HARGA MINYAK DUNIA RUNTUH, TAPI KOK BBM MASIH MAHAL BANG?

Harga minyak dunia anjlok tajam hari ini ..."
boahamncook,US,ORGANIZATION,"HARGA MINYAK DUNIA RUNTUH, TAPI KOK BBM MASIH MAHAL BANG?

Harga minyak dunia anjlok tajam hari ini ..."
macirecord,Prabowo,PERSON,lirik lagu Slank mewakili apa yang sedang dilakukan Presiden Prabowo yang lagi mencanangkan negara m...
macirecord,Bbm,PRODUCT,lirik lagu Slank mewakili apa yang sedang dilakukan Presiden Prabowo yang lagi mencanangkan negara m...
macirecord,Imf,ORGANIZATION,lirik lagu Slank mewakili apa yang sedang dilakukan Presiden Prabowo yang lagi mencanangkan negara m...
macirecord,IMF,ORGANIZATION,lirik lagu Slank mewakili apa yang sedang dilakukan Presiden Prabowo yang lagi mencanangkan negara m...
macirecord,BBM,PRODUCT,lirik lagu Slank mewakili apa yang sedang dilakukan Presiden Prabowo yang lagi mencanangkan negara m...
UseKidd,Pemerintah,LOCATION,"@hollowlaundrY32 @nonton_radio karena saking Pinternya 
IQ luar angkasa
BBM non-subsidi demonya ke P..."
UseKidd,Trump,LOCATION,"@hollowlaundrY32 @nonton_radio karena saking Pinternya 
IQ luar angkasa
BBM non-subsidi demonya ke P..."
UseKidd,Bbm,PRODUCT,"@hollowlaundrY32 @nonton_radio karena saking Pinternya 
IQ luar angkasa
BBM non-subsidi demonya ke P..."
UseKidd,IQ,ORGANIZATION,"@hollowlaundrY32 @nonton_radio karena saking Pinternya 
IQ luar angkasa
BBM non-subsidi demonya ke P..."
UseKidd,BBM,PRODUCT,"@hollowlaundrY32 @nonton_radio karena saking Pinternya 
IQ luar angkasa
BBM non-subsidi demonya ke P..."
nadiaputri2996,Bbm,PRODUCT,@tempodotco saking matang ngehitung harganya sampai lupa menejemen resiko dampak dari kenaikan bbm n...
harsono__,Pertamax,PRODUCT,Kenapa ribut sih...yang naik BBM non subsidi...makanya kerja jangan ngoceh melulu...biar rasain damp...
harsono__,Bbm,PRODUCT,Kenapa ribut sih...yang naik BBM non subsidi...makanya kerja jangan ngoceh melulu...biar rasain damp...
harsono__,Bahlil,PERSON,Kenapa ribut sih...yang naik BBM non subsidi...makanya kerja jangan ngoceh melulu...biar rasain damp...
harsono__,BBM,PRODUCT,Kenapa ribut sih...yang naik BBM non subsidi...makanya kerja jangan ngoceh melulu...biar rasain damp...
harsono__,MBG,ORGANIZATION,Kenapa ribut sih...yang naik BBM non subsidi...makanya kerja jangan ngoceh melulu...biar rasain damp...
AvelinoGuido28,Mei,LOCATION,"Btw pola timing naikin harga BBM yang sama buruknya juga pernah kejadian di masa lalu loh, dan jadi ..."
AvelinoGuido28,Bbm,PRODUCT,"Btw pola timing naikin harga BBM yang sama buruknya juga pernah kejadian di masa lalu loh, dan jadi ..."
AvelinoGuido28,Indonesia,LOCATION,"Btw pola timing naikin harga BBM yang sama buruknya juga pernah kejadian di masa lalu loh, dan jadi ..."
AvelinoGuido28,BBM,PRODUCT,"Btw pola timing naikin harga BBM yang sama buruknya juga pernah kejadian di masa lalu loh, dan jadi ..."
AvelinoGuido28,PHK,ORGANIZATION,"Btw pola timing naikin harga BBM yang sama buruknya juga pernah kejadian di masa lalu loh, dan jadi ..."
YudhaShanny2,Pemerintahan,LOCATION,"Sudah Sukses Menjilat, dan duduk di Pemerintahan 🤣😛
.
Buruh ogah demo meski harga BBM non-subsidi na..."
YudhaShanny2,Bbm,PRODUCT,"Sudah Sukses Menjilat, dan duduk di Pemerintahan 🤣😛
.
Buruh ogah demo meski harga BBM non-subsidi na..."
YudhaShanny2,Kspi,ORGANIZATION,"Sudah Sukses Menjilat, dan duduk di Pemerintahan 🤣😛
.
Buruh ogah demo meski harga BBM non-subsidi na..."
YudhaShanny2,Said Iqbal,PERSON,"Sudah Sukses Menjilat, dan duduk di Pemerintahan 🤣😛
.
Buruh ogah demo meski harga BBM non-subsidi na..."
YudhaShanny2,BBM,PRODUCT,"Sudah Sukses Menjilat, dan duduk di Pemerintahan 🤣😛
.
Buruh ogah demo meski harga BBM non-subsidi na..."
YudhaShanny2,KSPI,ORGANIZATION,"Sudah Sukses Menjilat, dan duduk di Pemerintahan 🤣😛
.
Buruh ogah demo meski harga BBM non-subsidi na..."
Graminale,Bbm,PRODUCT,"@adsetting23 @_Haris_Srg @prabowo Lah harga minyak dunia yang naik.
Ini sesuai jg dgn data kalau sto..."
Graminale,Indonesia,LOCATION,"@adsetting23 @_Haris_Srg @prabowo Lah harga minyak dunia yang naik.
Ini sesuai jg dgn data kalau sto..."
Graminale,Prabowo,PERSON,"@adsetting23 @_Haris_Srg @prabowo Lah harga minyak dunia yang naik.
Ini sesuai jg dgn data kalau sto..."
Graminale,BBM,PRODUCT,"@adsetting23 @_Haris_Srg @prabowo Lah harga minyak dunia yang naik.
Ini sesuai jg dgn data kalau sto..."
letstrydude,Bbm,PRODUCT,"buat ibu-ibu, bapak-bapak ini namanya antri bensin ya. barangkali gapernah ngerasain antri bbm subsi..."
letstrydude,Bensin,PRODUCT,"buat ibu-ibu, bapak-bapak ini namanya antri bensin ya. barangkali gapernah ngerasain antri bbm subsi..."
lapen_melon,Bbm,PRODUCT,"@dimarsasongko98 Ada kronologi:
- JK bilang : bbm subsidi dinaikkan
- ada usulan bikin plta
- ada yg..."
lapen_melon,Indonesia,LOCATION,"@dimarsasongko98 Ada kronologi:
- JK bilang : bbm subsidi dinaikkan
- ada usulan bikin plta
- ada yg..."
lapen_melon,Sumatera,LOCATION,"@dimarsasongko98 Ada kronologi:
- JK bilang : bbm subsidi dinaikkan
- ada usulan bikin plta
- ada yg..."
lapen_melon,Jawa,LOCATION,"@dimarsasongko98 Ada kronologi:
- JK bilang : bbm subsidi dinaikkan
- ada usulan bikin plta
- ada yg..."
lapen_melon,JK,ORGANIZATION,"@dimarsasongko98 Ada kronologi:
- JK bilang : bbm subsidi dinaikkan
- ada usulan bikin plta
- ada yg..."
SORA50124,Bbm,PRODUCT,"@dna_d_destroyer @txtfromIR jujur aneh aja si kak, soalnya sekarang apa² serba naik, mungkin dia ana..."
projectm_org,Bbm,PRODUCT,"Ada juga harga BBM non-subsidi yang mendadak naik cukup tinggi pada tengah malam, saat kita sedang t..."
projectm_org,BBM,PRODUCT,"Ada juga harga BBM non-subsidi yang mendadak naik cukup tinggi pada tengah malam, saat kita sedang t..."
_Haris_Srg,Dpr,ORGANIZATION,"Sudah gak organik lagi ini uda. Mengapa?
1. Demo tidak melakukan di DPR, rumah rakyat yg hrs direbut..."
_Haris_Srg,Prabowo,PERSON,"Sudah gak organik lagi ini uda. Mengapa?
1. Demo tidak melakukan di DPR, rumah rakyat yg hrs direbut..."
_Haris_Srg,DPR,ORGANIZATION,"Sudah gak organik lagi ini uda. Mengapa?
1. Demo tidak melakukan di DPR, rumah rakyat yg hrs direbut..."
jakarta48fansid,Bbm,PRODUCT,"@tempodotco Bbm non subsidi naik itu emg gak bakal bisa dihindari,yg bisa dihindari itu jumlah impac..."
renswct,Bbm,PRODUCT,"“mahasiswa tp gabisa bedain BBM subsidi &amp; non-subsidi” AH ELU, kaya yang ngerti aje efek domino ..."
renswct,BBM,PRODUCT,"“mahasiswa tp gabisa bedain BBM subsidi &amp; non-subsidi” AH ELU, kaya yang ngerti aje efek domino ..."
renswct,AH,ORGANIZATION,"“mahasiswa tp gabisa bedain BBM subsidi &amp; non-subsidi” AH ELU, kaya yang ngerti aje efek domino ..."
renswct,ELU,ORGANIZATION,"“mahasiswa tp gabisa bedain BBM subsidi &amp; non-subsidi” AH ELU, kaya yang ngerti aje efek domino ..."
tekarok007,Pertalite,PRODUCT,"Demo kali ini males ikutan, capek terlalu receh tapi aku kasih saran-saran aja counternya dari tuntu..."
tekarok007,Lpg,PRODUCT,"Demo kali ini males ikutan, capek terlalu receh tapi aku kasih saran-saran aja counternya dari tuntu..."
tekarok007,Apbn,ORGANIZATION,"Demo kali ini males ikutan, capek terlalu receh tapi aku kasih saran-saran aja counternya dari tuntu..."
tekarok007,APBN,ORGANIZATION,"Demo kali ini males ikutan, capek terlalu receh tapi aku kasih saran-saran aja counternya dari tuntu..."
tekarok007,MBG,ORGANIZATION,"Demo kali ini males ikutan, capek terlalu receh tapi aku kasih saran-saran aja counternya dari tuntu..."
tekarok007,LPG,PRODUCT,"Demo kali ini males ikutan, capek terlalu receh tapi aku kasih saran-saran aja counternya dari tuntu..."
RadioElshinta,Rp12.300,MONEY,Menteri Energi dan Sumber Daya Mineral (ESDM) Bahlil Lahadalia menanggapi kenaikan harga Pertamax ya...
RadioElshinta,Rp16.250,MONEY,Menteri Energi dan Sumber Daya Mineral (ESDM) Bahlil Lahadalia menanggapi kenaikan harga Pertamax ya...
RadioElshinta,Energi,PERSON,Menteri Energi dan Sumber Daya Mineral (ESDM) Bahlil Lahadalia menanggapi kenaikan harga Pertamax ya...
RadioElshinta,Rp,LOCATION,Menteri Energi dan Sumber Daya Mineral (ESDM) Bahlil Lahadalia menanggapi kenaikan harga Pertamax ya...
RadioElshinta,Pertamax,PRODUCT,Menteri Energi dan Sumber Daya Mineral (ESDM) Bahlil Lahadalia menanggapi kenaikan harga Pertamax ya...
RadioElshinta,Bbm,PRODUCT,Menteri Energi dan Sumber Daya Mineral (ESDM) Bahlil Lahadalia menanggapi kenaikan harga Pertamax ya...
RadioElshinta,Bahlil,PERSON,Menteri Energi dan Sumber Daya Mineral (ESDM) Bahlil Lahadalia menanggapi kenaikan harga Pertamax ya...
RadioElshinta,ESDM,ORGANIZATION,Menteri Energi dan Sumber Daya Mineral (ESDM) Bahlil Lahadalia menanggapi kenaikan harga Pertamax ya...
RadioElshinta,BBM,PRODUCT,Menteri Energi dan Sumber Daya Mineral (ESDM) Bahlil Lahadalia menanggapi kenaikan harga Pertamax ya...
Ari_Ak2,"Tidak Naik

Di",LOCATION,"Pemerintah Pastikan Harga Pertalite Dan LPG subsidi Tidak Naik

Di tengah naiknya harga sejumlah BBM..."
Ari_Ak2,Pertalite,PRODUCT,"Pemerintah Pastikan Harga Pertalite Dan LPG subsidi Tidak Naik

Di tengah naiknya harga sejumlah BBM..."
Ari_Ak2,Lpg,PRODUCT,"Pemerintah Pastikan Harga Pertalite Dan LPG subsidi Tidak Naik

Di tengah naiknya harga sejumlah BBM..."
Ari_Ak2,Bbm,PRODUCT,"Pemerintah Pastikan Harga Pertalite Dan LPG subsidi Tidak Naik

Di tengah naiknya harga sejumlah BBM..."
Ari_Ak2,Bahlil,PERSON,"Pemerintah Pastikan Harga Pertalite Dan LPG subsidi Tidak Naik

Di tengah naiknya harga sejumlah BBM..."
Ari_Ak2,LPG,PRODUCT,"Pemerintah Pastikan Harga Pertalite Dan LPG subsidi Tidak Naik

Di tengah naiknya harga sejumlah BBM..."
Ari_Ak2,BBM,PRODUCT,"Pemerintah Pastikan Harga Pertalite Dan LPG subsidi Tidak Naik

Di tengah naiknya harga sejumlah BBM..."
Ari_Ak2,ESDM,ORGANIZATION,"Pemerintah Pastikan Harga Pertalite Dan LPG subsidi Tidak Naik

Di tengah naiknya harga sejumlah BBM..."
thenafam,Pertamax,PRODUCT,ish kok oon? siapa yang bilang pertalite NAIK? ini demo kan karna naiknya harga bbm NON SUBSIDI— PER...
thenafam,Pertalite,PRODUCT,ish kok oon? siapa yang bilang pertalite NAIK? ini demo kan karna naiknya harga bbm NON SUBSIDI— PER...
thenafam,Pertamax Green,PRODUCT,ish kok oon? siapa yang bilang pertalite NAIK? ini demo kan karna naiknya harga bbm NON SUBSIDI— PER...
thenafam,Bbm,PRODUCT,ish kok oon? siapa yang bilang pertalite NAIK? ini demo kan karna naiknya harga bbm NON SUBSIDI— PER...
thenafam,NAIK,ORGANIZATION,ish kok oon? siapa yang bilang pertalite NAIK? ini demo kan karna naiknya harga bbm NON SUBSIDI— PER...
thenafam,NON,ORGANIZATION,ish kok oon? siapa yang bilang pertalite NAIK? ini demo kan karna naiknya harga bbm NON SUBSIDI— PER...
thenafam,SUBSIDI,ORGANIZATION,ish kok oon? siapa yang bilang pertalite NAIK? ini demo kan karna naiknya harga bbm NON SUBSIDI— PER...
thenafam,PERTAMAX,ORGANIZATION,ish kok oon? siapa yang bilang pertalite NAIK? ini demo kan karna naiknya harga bbm NON SUBSIDI— PER...
thenafam,GREEN,ORGANIZATION,ish kok oon? siapa yang bilang pertalite NAIK? ini demo kan karna naiknya harga bbm NON SUBSIDI— PER...
insidelombok_,Bbm,PRODUCT,"Yang sempat banyak orang khawatirin karna harga BBM non subsidi naik

udah paling bener berkuda http..."
insidelombok_,BBM,PRODUCT,"Yang sempat banyak orang khawatirin karna harga BBM non subsidi naik

udah paling bener berkuda http..."
pikiran_rakyat,Konfederasi Serikat Pekerja Indonesia,PERSON,"Buruh Tak Akan Demo soal BBM Non-Subsidi Naik, Said Iqbal: Kebijakan Pemerintah Masih Berpihak Rakya..."
pikiran_rakyat,Bidang Ketenagakerjaan,PERSON,"Buruh Tak Akan Demo soal BBM Non-Subsidi Naik, Said Iqbal: Kebijakan Pemerintah Masih Berpihak Rakya..."
pikiran_rakyat,Naik,LOCATION,"Buruh Tak Akan Demo soal BBM Non-Subsidi Naik, Said Iqbal: Kebijakan Pemerintah Masih Berpihak Rakya..."
pikiran_rakyat,Bbm,PRODUCT,"Buruh Tak Akan Demo soal BBM Non-Subsidi Naik, Said Iqbal: Kebijakan Pemerintah Masih Berpihak Rakya..."
pikiran_rakyat,Indonesia,LOCATION,"Buruh Tak Akan Demo soal BBM Non-Subsidi Naik, Said Iqbal: Kebijakan Pemerintah Masih Berpihak Rakya..."
pikiran_rakyat,Kspi,ORGANIZATION,"Buruh Tak Akan Demo soal BBM Non-Subsidi Naik, Said Iqbal: Kebijakan Pemerintah Masih Berpihak Rakya..."
pikiran_rakyat,Said Iqbal,PERSON,"Buruh Tak Akan Demo soal BBM Non-Subsidi Naik, Said Iqbal: Kebijakan Pemerintah Masih Berpihak Rakya..."
pikiran_rakyat,BBM,PRODUCT,"Buruh Tak Akan Demo soal BBM Non-Subsidi Naik, Said Iqbal: Kebijakan Pemerintah Masih Berpihak Rakya..."
pikiran_rakyat,KSPI,ORGANIZATION,"Buruh Tak Akan Demo soal BBM Non-Subsidi Naik, Said Iqbal: Kebijakan Pemerintah Masih Berpihak Rakya..."
whoismeid,Rp16.250,MONEY,"Pertamax Rp16.250/liter.

Yang naik cuma BBM non-subsidi, katanya dampak inflasi terbatas.

Tapi per..."
whoismeid,Pertamax,PRODUCT,"Pertamax Rp16.250/liter.

Yang naik cuma BBM non-subsidi, katanya dampak inflasi terbatas.

Tapi per..."
whoismeid,Bbm,PRODUCT,"Pertamax Rp16.250/liter.

Yang naik cuma BBM non-subsidi, katanya dampak inflasi terbatas.

Tapi per..."
whoismeid,BBM,PRODUCT,"Pertamax Rp16.250/liter.

Yang naik cuma BBM non-subsidi, katanya dampak inflasi terbatas.

Tapi per..."
detikoto,Rp4.000,MONEY,"Harga BBM non-subsidi resmi naik, dan kenaikannya tidak main-main. Beberapa jenis bensin mengalami k..."
detikoto,Indonesia,LOCATION,"Harga BBM non-subsidi resmi naik, dan kenaikannya tidak main-main. Beberapa jenis bensin mengalami k..."
detikoto,Bbm,PRODUCT,"Harga BBM non-subsidi resmi naik, dan kenaikannya tidak main-main. Beberapa jenis bensin mengalami k..."
detikoto,Bensin,PRODUCT,"Harga BBM non-subsidi resmi naik, dan kenaikannya tidak main-main. Beberapa jenis bensin mengalami k..."
detikoto,BBM,PRODUCT,"Harga BBM non-subsidi resmi naik, dan kenaikannya tidak main-main. Beberapa jenis bensin mengalami k..."
tribunnews,Rp16.250,MONEY,Pengamat kebijakan publik Dr. Firre An Suprapto mengusulkan pemerintah memberikan BLT sementara akib...
tribunnews,Rp17.000,MONEY,Pengamat kebijakan publik Dr. Firre An Suprapto mengusulkan pemerintah memberikan BLT sementara akib...
tribunnews,Rp,LOCATION,Pengamat kebijakan publik Dr. Firre An Suprapto mengusulkan pemerintah memberikan BLT sementara akib...
tribunnews,Pertamax,PRODUCT,Pengamat kebijakan publik Dr. Firre An Suprapto mengusulkan pemerintah memberikan BLT sementara akib...
tribunnews,Pertamax Green,PRODUCT,Pengamat kebijakan publik Dr. Firre An Suprapto mengusulkan pemerintah memberikan BLT sementara akib...
tribunnews,Bbm,PRODUCT,Pengamat kebijakan publik Dr. Firre An Suprapto mengusulkan pemerintah memberikan BLT sementara akib...
tribunnews,Firre An Suprapto,PERSON,Pengamat kebijakan publik Dr. Firre An Suprapto mengusulkan pemerintah memberikan BLT sementara akib...
tribunnews,BLT,ORGANIZATION,Pengamat kebijakan publik Dr. Firre An Suprapto mengusulkan pemerintah memberikan BLT sementara akib...
tribunnews,BBM,PRODUCT,Pengamat kebijakan publik Dr. Firre An Suprapto mengusulkan pemerintah memberikan BLT sementara akib...
RidhaIntifadha,Pertamax,PRODUCT,"Diskusi dengan kawan,

Dia bilang, kemarin harga Pertamax itu naik karena pemerintah sebenarnya suda..."
RidhaIntifadha,Bbm,PRODUCT,"Diskusi dengan kawan,

Dia bilang, kemarin harga Pertamax itu naik karena pemerintah sebenarnya suda..."
RidhaIntifadha,BBM,PRODUCT,"Diskusi dengan kawan,

Dia bilang, kemarin harga Pertamax itu naik karena pemerintah sebenarnya suda..."
txtdrhrdoet,Pertamax,PRODUCT,"@ardisatriawan Soal pertamax ini problemnya di regulasi. BBM non subsidi. Harga minyak dunia naik, m..."
txtdrhrdoet,Bbm,PRODUCT,"@ardisatriawan Soal pertamax ini problemnya di regulasi. BBM non subsidi. Harga minyak dunia naik, m..."
txtdrhrdoet,Mk,ORGANIZATION,"@ardisatriawan Soal pertamax ini problemnya di regulasi. BBM non subsidi. Harga minyak dunia naik, m..."
txtdrhrdoet,BBM,PRODUCT,"@ardisatriawan Soal pertamax ini problemnya di regulasi. BBM non subsidi. Harga minyak dunia naik, m..."
txtdrhrdoet,MK,ORGANIZATION,"@ardisatriawan Soal pertamax ini problemnya di regulasi. BBM non subsidi. Harga minyak dunia naik, m..."
txtdrhrdoet,RON,ORGANIZATION,"@ardisatriawan Soal pertamax ini problemnya di regulasi. BBM non subsidi. Harga minyak dunia naik, m..."
demeter_mr,"Rp100,166",MONEY,"Izin qrt versi beliau ini hehe

&gt; be Prabowo Subianto
&gt; Presiden ke-8 Indonesia
&gt; Harga BBM..."
demeter_mr,Aceh,LOCATION,"Izin qrt versi beliau ini hehe

&gt; be Prabowo Subianto
&gt; Presiden ke-8 Indonesia
&gt; Harga BBM..."
demeter_mr,Bbm,PRODUCT,"Izin qrt versi beliau ini hehe

&gt; be Prabowo Subianto
&gt; Presiden ke-8 Indonesia
&gt; Harga BBM..."
demeter_mr,Indonesia,LOCATION,"Izin qrt versi beliau ini hehe

&gt; be Prabowo Subianto
&gt; Presiden ke-8 Indonesia
&gt; Harga BBM..."
demeter_mr,Sumbar,LOCATION,"Izin qrt versi beliau ini hehe

&gt; be Prabowo Subianto
&gt; Presiden ke-8 Indonesia
&gt; Harga BBM..."
demeter_mr,Prabowo,PERSON,"Izin qrt versi beliau ini hehe

&gt; be Prabowo Subianto
&gt; Presiden ke-8 Indonesia
&gt; Harga BBM..."
demeter_mr,BBM,PRODUCT,"Izin qrt versi beliau ini hehe

&gt; be Prabowo Subianto
&gt; Presiden ke-8 Indonesia
&gt; Harga BBM..."
BANGSAygSUJUD,Pertamax,PRODUCT,"Semua paham harga BBM non subsidi pertamax ditentukan pasar, berbeda dg BBM bersubsidi, Pertalite

S..."
BANGSAygSUJUD,Pertalite,PRODUCT,"Semua paham harga BBM non subsidi pertamax ditentukan pasar, berbeda dg BBM bersubsidi, Pertalite

S..."
BANGSAygSUJUD,Bbm,PRODUCT,"Semua paham harga BBM non subsidi pertamax ditentukan pasar, berbeda dg BBM bersubsidi, Pertalite

S..."
BANGSAygSUJUD,BBM,PRODUCT,"Semua paham harga BBM non subsidi pertamax ditentukan pasar, berbeda dg BBM bersubsidi, Pertalite

S..."
are_inismyname,Cikini,LOCATION,"Rame ribut soal kenaikan harga pertamax lanjut demo ricuh yg dilakukan mahasiswa HMI di cikini
(Ngom..."
are_inismyname,Pertamax,PRODUCT,"Rame ribut soal kenaikan harga pertamax lanjut demo ricuh yg dilakukan mahasiswa HMI di cikini
(Ngom..."
are_inismyname,Hmi,ORGANIZATION,"Rame ribut soal kenaikan harga pertamax lanjut demo ricuh yg dilakukan mahasiswa HMI di cikini
(Ngom..."
are_inismyname,HMI,ORGANIZATION,"Rame ribut soal kenaikan harga pertamax lanjut demo ricuh yg dilakukan mahasiswa HMI di cikini
(Ngom..."
are_inismyname,DI,ORGANIZATION,"Rame ribut soal kenaikan harga pertamax lanjut demo ricuh yg dilakukan mahasiswa HMI di cikini
(Ngom..."
are_inismyname,TII,ORGANIZATION,"Rame ribut soal kenaikan harga pertamax lanjut demo ricuh yg dilakukan mahasiswa HMI di cikini
(Ngom..."
DipoSatriaR,Indonesia,LOCATION,"Harga Pertamax resmi meroket naik 30+%. Katanya sih aman-aman aja, tapi yang aman itu adalah APBN Ne..."
DipoSatriaR,Pertamax,PRODUCT,"Harga Pertamax resmi meroket naik 30+%. Katanya sih aman-aman aja, tapi yang aman itu adalah APBN Ne..."
DipoSatriaR,Bbm,PRODUCT,"Harga Pertamax resmi meroket naik 30+%. Katanya sih aman-aman aja, tapi yang aman itu adalah APBN Ne..."
DipoSatriaR,Apbn,ORGANIZATION,"Harga Pertamax resmi meroket naik 30+%. Katanya sih aman-aman aja, tapi yang aman itu adalah APBN Ne..."
DipoSatriaR,APBN,ORGANIZATION,"Harga Pertamax resmi meroket naik 30+%. Katanya sih aman-aman aja, tapi yang aman itu adalah APBN Ne..."
DipoSatriaR,BBM,PRODUCT,"Harga Pertamax resmi meroket naik 30+%. Katanya sih aman-aman aja, tapi yang aman itu adalah APBN Ne..."
Boedak_Korporat,Pertamax,PRODUCT,"Banyak orang sok sok an demo harga BBM non subsidi yang naik, tapi lupa pertalite harganya tetap 10k..."
Boedak_Korporat,Pertalite,PRODUCT,"Banyak orang sok sok an demo harga BBM non subsidi yang naik, tapi lupa pertalite harganya tetap 10k..."
Boedak_Korporat,Bbm,PRODUCT,"Banyak orang sok sok an demo harga BBM non subsidi yang naik, tapi lupa pertalite harganya tetap 10k..."
Boedak_Korporat,BBM,PRODUCT,"Banyak orang sok sok an demo harga BBM non subsidi yang naik, tapi lupa pertalite harganya tetap 10k..."
Boedak_Korporat,SPBU,PRODUCT,"Banyak orang sok sok an demo harga BBM non subsidi yang naik, tapi lupa pertalite harganya tetap 10k..."
direktoridosen,Rp12.300,MONEY,"rangkuman uneg2 dokter tirta.

Ringkasan Utas @tirta_cipeng (10 Juni 2026)

Utas ini membahas dampak..."
direktoridosen,Rp16.250,MONEY,"rangkuman uneg2 dokter tirta.

Ringkasan Utas @tirta_cipeng (10 Juni 2026)

Utas ini membahas dampak..."
direktoridosen,Rp,LOCATION,"rangkuman uneg2 dokter tirta.

Ringkasan Utas @tirta_cipeng (10 Juni 2026)

Utas ini membahas dampak..."
direktoridosen,Pertamax,PRODUCT,"rangkuman uneg2 dokter tirta.

Ringkasan Utas @tirta_cipeng (10 Juni 2026)

Utas ini membahas dampak..."
direktoridosen,Tirta,PERSON,"rangkuman uneg2 dokter tirta.

Ringkasan Utas @tirta_cipeng (10 Juni 2026)

Utas ini membahas dampak..."
abng_aull,Bbm,PRODUCT,"@dydy010101 @syfaeth Buzzer dongo, cara berfikir salah ngotot bener, eh kocak bbm yg  naik itu non s..."
Awan2379,Pertalite,PRODUCT,"@Opposite6888 Logikanya jika yang di naikan non subsidi, pastilah dgn melemahnya ekonomi, para pengg..."
Awan2379,Bbm,PRODUCT,"@Opposite6888 Logikanya jika yang di naikan non subsidi, pastilah dgn melemahnya ekonomi, para pengg..."
Awan2379,BBM,PRODUCT,"@Opposite6888 Logikanya jika yang di naikan non subsidi, pastilah dgn melemahnya ekonomi, para pengg..."
99propaganda,Maret,LOCATION,Pertamina dilaporkan menahan harga BBM non-subsidi tersebut selama tiga bulan (dari Maret hingga Jun...
99propaganda,Pertalite,PRODUCT,Pertamina dilaporkan menahan harga BBM non-subsidi tersebut selama tiga bulan (dari Maret hingga Jun...
99propaganda,Bbm,PRODUCT,Pertamina dilaporkan menahan harga BBM non-subsidi tersebut selama tiga bulan (dari Maret hingga Jun...
99propaganda,Pertamina,ORGANIZATION,Pertamina dilaporkan menahan harga BBM non-subsidi tersebut selama tiga bulan (dari Maret hingga Jun...
99propaganda,BBM,PRODUCT,Pertamina dilaporkan menahan harga BBM non-subsidi tersebut selama tiga bulan (dari Maret hingga Jun...
99propaganda,NON,ORGANIZATION,Pertamina dilaporkan menahan harga BBM non-subsidi tersebut selama tiga bulan (dari Maret hingga Jun...
99propaganda,SUBSIDI,ORGANIZATION,Pertamina dilaporkan menahan harga BBM non-subsidi tersebut selama tiga bulan (dari Maret hingga Jun...
FaiNomady,Amerika,LOCATION,"BBM NON SUBSIDI 🇮🇩 NAIK !!
Ya, naik ngga ngotak sampai menyentuh harga yang sama dengan harga rata-r..."
FaiNomady,Indonesia,LOCATION,"BBM NON SUBSIDI 🇮🇩 NAIK !!
Ya, naik ngga ngotak sampai menyentuh harga yang sama dengan harga rata-r..."
FaiNomady,Bbm,PRODUCT,"BBM NON SUBSIDI 🇮🇩 NAIK !!
Ya, naik ngga ngotak sampai menyentuh harga yang sama dengan harga rata-r..."
FaiNomady,BBM,PRODUCT,"BBM NON SUBSIDI 🇮🇩 NAIK !!
Ya, naik ngga ngotak sampai menyentuh harga yang sama dengan harga rata-r..."
FaiNomady,NON,ORGANIZATION,"BBM NON SUBSIDI 🇮🇩 NAIK !!
Ya, naik ngga ngotak sampai menyentuh harga yang sama dengan harga rata-r..."
FaiNomady,SUBSIDI,ORGANIZATION,"BBM NON SUBSIDI 🇮🇩 NAIK !!
Ya, naik ngga ngotak sampai menyentuh harga yang sama dengan harga rata-r..."
FaiNomady,NAIK,ORGANIZATION,"BBM NON SUBSIDI 🇮🇩 NAIK !!
Ya, naik ngga ngotak sampai menyentuh harga yang sama dengan harga rata-r..."
ekowboy2,Pertamax,PRODUCT,"Yang protes saat harga BBM non-subsidi naik, memangnya kalian mau orang kaya yang naik mobil mewah b..."
ekowboy2,Bbm,PRODUCT,"Yang protes saat harga BBM non-subsidi naik, memangnya kalian mau orang kaya yang naik mobil mewah b..."
ekowboy2,Apbn,ORGANIZATION,"Yang protes saat harga BBM non-subsidi naik, memangnya kalian mau orang kaya yang naik mobil mewah b..."
ekowboy2,BBM,PRODUCT,"Yang protes saat harga BBM non-subsidi naik, memangnya kalian mau orang kaya yang naik mobil mewah b..."
ekowboy2,APBN,ORGANIZATION,"Yang protes saat harga BBM non-subsidi naik, memangnya kalian mau orang kaya yang naik mobil mewah b..."
Timanganten_L71,Rp16.250,MONEY,"Pertamina resmi menaikkan harga BBM non-subsidi mulai 10 Juni 2026. Di Jakarta, Pertamax (RON 92) na..."
Timanganten_L71,"Rp12.300,",MONEY,"Pertamina resmi menaikkan harga BBM non-subsidi mulai 10 Juni 2026. Di Jakarta, Pertamax (RON 92) na..."
Timanganten_L71,Rp17.000,MONEY,"Pertamina resmi menaikkan harga BBM non-subsidi mulai 10 Juni 2026. Di Jakarta, Pertamax (RON 92) na..."
Timanganten_L71,Rp12.900.,MONEY,"Pertamina resmi menaikkan harga BBM non-subsidi mulai 10 Juni 2026. Di Jakarta, Pertamax (RON 92) na..."
Timanganten_L71,Rp20.750,MONEY,"Pertamina resmi menaikkan harga BBM non-subsidi mulai 10 Juni 2026. Di Jakarta, Pertamax (RON 92) na..."
Timanganten_L71,Rp23.000,MONEY,"Pertamina resmi menaikkan harga BBM non-subsidi mulai 10 Juni 2026. Di Jakarta, Pertamax (RON 92) na..."
Timanganten_L71,Rp,LOCATION,"Pertamina resmi menaikkan harga BBM non-subsidi mulai 10 Juni 2026. Di Jakarta, Pertamax (RON 92) na..."
Timanganten_L71,Pertamax,PRODUCT,"Pertamina resmi menaikkan harga BBM non-subsidi mulai 10 Juni 2026. Di Jakarta, Pertamax (RON 92) na..."
Timanganten_L71,Dexlite,PRODUCT,"Pertamina resmi menaikkan harga BBM non-subsidi mulai 10 Juni 2026. Di Jakarta, Pertamax (RON 92) na..."
Timanganten_L71,Pertamax Green,PRODUCT,"Pertamina resmi menaikkan harga BBM non-subsidi mulai 10 Juni 2026. Di Jakarta, Pertamax (RON 92) na..."
Timanganten_L71,Pertamax Turbo,PRODUCT,"Pertamina resmi menaikkan harga BBM non-subsidi mulai 10 Juni 2026. Di Jakarta, Pertamax (RON 92) na..."
Timanganten_L71,Bbm,PRODUCT,"Pertamina resmi menaikkan harga BBM non-subsidi mulai 10 Juni 2026. Di Jakarta, Pertamax (RON 92) na..."
Timanganten_L71,Jakarta,LOCATION,"Pertamina resmi menaikkan harga BBM non-subsidi mulai 10 Juni 2026. Di Jakarta, Pertamax (RON 92) na..."
Timanganten_L71,Pertamina,ORGANIZATION,"Pertamina resmi menaikkan harga BBM non-subsidi mulai 10 Juni 2026. Di Jakarta, Pertamax (RON 92) na..."
Timanganten_L71,BBM,PRODUCT,"Pertamina resmi menaikkan harga BBM non-subsidi mulai 10 Juni 2026. Di Jakarta, Pertamax (RON 92) na..."
Timanganten_L71,RON,ORGANIZATION,"Pertamina resmi menaikkan harga BBM non-subsidi mulai 10 Juni 2026. Di Jakarta, Pertamax (RON 92) na..."
WongAlasRoban,Pertalite,PRODUCT,"Padahal yg naik adalah BBM non subsidi.
Bagaimana kalau yg naik adalah BBM subsidi (pertalite), apa ..."
WongAlasRoban,Bbm,PRODUCT,"Padahal yg naik adalah BBM non subsidi.
Bagaimana kalau yg naik adalah BBM subsidi (pertalite), apa ..."
WongAlasRoban,BBM,PRODUCT,"Padahal yg naik adalah BBM non subsidi.
Bagaimana kalau yg naik adalah BBM subsidi (pertalite), apa ..."
JuanJulianto2,$88,MONEY,"Jd viral nga ya 🤣 …
BBM non-subsidi naik 12.300 jd 16.250 ya, kita liat price harga global, disaat h..."
JuanJulianto2,$130,MONEY,"Jd viral nga ya 🤣 …
BBM non-subsidi naik 12.300 jd 16.250 ya, kita liat price harga global, disaat h..."
JuanJulianto2,$120,MONEY,"Jd viral nga ya 🤣 …
BBM non-subsidi naik 12.300 jd 16.250 ya, kita liat price harga global, disaat h..."
JuanJulianto2,Bbm,PRODUCT,"Jd viral nga ya 🤣 …
BBM non-subsidi naik 12.300 jd 16.250 ya, kita liat price harga global, disaat h..."
JuanJulianto2,Pertamina,ORGANIZATION,"Jd viral nga ya 🤣 …
BBM non-subsidi naik 12.300 jd 16.250 ya, kita liat price harga global, disaat h..."
JuanJulianto2,BBM,PRODUCT,"Jd viral nga ya 🤣 …
BBM non-subsidi naik 12.300 jd 16.250 ya, kita liat price harga global, disaat h..."
JuanJulianto2,WNI,ORGANIZATION,"Jd viral nga ya 🤣 …
BBM non-subsidi naik 12.300 jd 16.250 ya, kita liat price harga global, disaat h..."
alfariz220,Pertalite,PRODUCT,"""Bang, kan tinggal pakai BBM subsidi (Pertalite) aja, kenapa harga jasa home service AC ikut dinaiki..."
alfariz220,Bbm,PRODUCT,"""Bang, kan tinggal pakai BBM subsidi (Pertalite) aja, kenapa harga jasa home service AC ikut dinaiki..."
alfariz220,BBM,PRODUCT,"""Bang, kan tinggal pakai BBM subsidi (Pertalite) aja, kenapa harga jasa home service AC ikut dinaiki..."
alfariz220,AC,ORGANIZATION,"""Bang, kan tinggal pakai BBM subsidi (Pertalite) aja, kenapa harga jasa home service AC ikut dinaiki..."
pikiran_rakyat,Pertamax,PRODUCT,"Kata Warga Soal Kenaikan BBM Pertamax, Memberatkan!

PT Pertamina (Persero) resmi menaikkan harga Ba..."
pikiran_rakyat,Pertamina,ORGANIZATION,"Kata Warga Soal Kenaikan BBM Pertamax, Memberatkan!

PT Pertamina (Persero) resmi menaikkan harga Ba..."
pikiran_rakyat,PT,ORGANIZATION,"Kata Warga Soal Kenaikan BBM Pertamax, Memberatkan!

PT Pertamina (Persero) resmi menaikkan harga Ba..."
garudatvnews,Naik,LOCATION,"BM Non-Subsidi Naik, Siapa yang Paling Terdampak?

Kenaikan harga BBM non-subsidi menjadi sorotan pu..."
garudatvnews,Bbm,PRODUCT,"BM Non-Subsidi Naik, Siapa yang Paling Terdampak?

Kenaikan harga BBM non-subsidi menjadi sorotan pu..."
garudatvnews,BM,ORGANIZATION,"BM Non-Subsidi Naik, Siapa yang Paling Terdampak?

Kenaikan harga BBM non-subsidi menjadi sorotan pu..."
garudatvnews,BBM,PRODUCT,"BM Non-Subsidi Naik, Siapa yang Paling Terdampak?

Kenaikan harga BBM non-subsidi menjadi sorotan pu..."
DS_yantie,Bbm,PRODUCT,"BBM non subsidi resmi naik. Pemicunya karena kondisi ekonomi dunia lagi gak stabil, perang Amerika d..."
DS_yantie,Minyak Mentah,PRODUCT,"BBM non subsidi resmi naik. Pemicunya karena kondisi ekonomi dunia lagi gak stabil, perang Amerika d..."
DS_yantie,Amerika,LOCATION,"BBM non subsidi resmi naik. Pemicunya karena kondisi ekonomi dunia lagi gak stabil, perang Amerika d..."
DS_yantie,Iran,LOCATION,"BBM non subsidi resmi naik. Pemicunya karena kondisi ekonomi dunia lagi gak stabil, perang Amerika d..."
DS_yantie,BBM,PRODUCT,"BBM non subsidi resmi naik. Pemicunya karena kondisi ekonomi dunia lagi gak stabil, perang Amerika d..."
0xZiuuu,Rp12.300,MONEY,Pertamax resmi naik 32% hari ini dari Rp12.300 jadi Rp16.250/liter. Kenaikan BBM non-subsidi terbesa...
0xZiuuu,Rp16.250,MONEY,Pertamax resmi naik 32% hari ini dari Rp12.300 jadi Rp16.250/liter. Kenaikan BBM non-subsidi terbesa...
0xZiuuu,Purbaya,PERSON,Pertamax resmi naik 32% hari ini dari Rp12.300 jadi Rp16.250/liter. Kenaikan BBM non-subsidi terbesa...
0xZiuuu,Rp,LOCATION,Pertamax resmi naik 32% hari ini dari Rp12.300 jadi Rp16.250/liter. Kenaikan BBM non-subsidi terbesa...
0xZiuuu,Pertamax,PRODUCT,Pertamax resmi naik 32% hari ini dari Rp12.300 jadi Rp16.250/liter. Kenaikan BBM non-subsidi terbesa...
0xZiuuu,Pertalite,PRODUCT,Pertamax resmi naik 32% hari ini dari Rp12.300 jadi Rp16.250/liter. Kenaikan BBM non-subsidi terbesa...
0xZiuuu,Bbm,PRODUCT,Pertamax resmi naik 32% hari ini dari Rp12.300 jadi Rp16.250/liter. Kenaikan BBM non-subsidi terbesa...
0xZiuuu,BBM,PRODUCT,Pertamax resmi naik 32% hari ini dari Rp12.300 jadi Rp16.250/liter. Kenaikan BBM non-subsidi terbesa...
ebednoorjaman,Pertalite,PRODUCT,"kenapa skenario ini masuk akal?

rupiah sedang lemah, harga-harga pada naik, dan tentunya masyarakat..."
ebednoorjaman,Bbm,PRODUCT,"kenapa skenario ini masuk akal?

rupiah sedang lemah, harga-harga pada naik, dan tentunya masyarakat..."
arifin34533,Pertamax,PRODUCT,"Kenaikan BBM non subsidi memang tak perlu pemberitahuan ke DPR terlebih dahulu, tapi persoalannya bu..."
arifin34533,Pertalite,PRODUCT,"Kenaikan BBM non subsidi memang tak perlu pemberitahuan ke DPR terlebih dahulu, tapi persoalannya bu..."
arifin34533,Bbm,PRODUCT,"Kenaikan BBM non subsidi memang tak perlu pemberitahuan ke DPR terlebih dahulu, tapi persoalannya bu..."
arifin34533,Pertamina,ORGANIZATION,"Kenaikan BBM non subsidi memang tak perlu pemberitahuan ke DPR terlebih dahulu, tapi persoalannya bu..."
arifin34533,Dpr,ORGANIZATION,"Kenaikan BBM non subsidi memang tak perlu pemberitahuan ke DPR terlebih dahulu, tapi persoalannya bu..."
arifin34533,BBM,PRODUCT,"Kenaikan BBM non subsidi memang tak perlu pemberitahuan ke DPR terlebih dahulu, tapi persoalannya bu..."
arifin34533,DPR,ORGANIZATION,"Kenaikan BBM non subsidi memang tak perlu pemberitahuan ke DPR terlebih dahulu, tapi persoalannya bu..."
pikiran_rakyat,Purbaya Pastikan Dampak Kenaikan Pertamax,PERSON,"Menkeu Purbaya Pastikan Dampak Kenaikan Pertamax terhadap Inflasi Minim

Menteri Keuangan Purbaya Yu..."
pikiran_rakyat,Keuangan Purbaya Yudhi Sadewa,PERSON,"Menkeu Purbaya Pastikan Dampak Kenaikan Pertamax terhadap Inflasi Minim

Menteri Keuangan Purbaya Yu..."
pikiran_rakyat,Purbaya,PERSON,"Menkeu Purbaya Pastikan Dampak Kenaikan Pertamax terhadap Inflasi Minim

Menteri Keuangan Purbaya Yu..."
RadioElshinta,Pertamax Green,PRODUCT,PT Pertamina Patra Niaga resmi menyesuaikan harga Bahan Bakar Minyak (BBM) non-subsidi jenis Pertama...
RadioElshinta,Pertamina,ORGANIZATION,PT Pertamina Patra Niaga resmi menyesuaikan harga Bahan Bakar Minyak (BBM) non-subsidi jenis Pertama...
RadioElshinta,PT,ORGANIZATION,PT Pertamina Patra Niaga resmi menyesuaikan harga Bahan Bakar Minyak (BBM) non-subsidi jenis Pertama...
sumur_resapan,Bbm,PRODUCT,"@kompascom Rezim siapa pun pasti ngomong nya mirip mirip alias polanya sama ""kan yang naik BBM non s..."
sumur_resapan,BBM,PRODUCT,"@kompascom Rezim siapa pun pasti ngomong nya mirip mirip alias polanya sama ""kan yang naik BBM non s..."
trimujokobayu,Bbm,PRODUCT,"@kompascom BBM sudah naik, tapi warga tetap antri buat BBM subsidi. Mengapa?
a. Warga kaget karena p..."
trimujokobayu,BBM,PRODUCT,"@kompascom BBM sudah naik, tapi warga tetap antri buat BBM subsidi. Mengapa?
a. Warga kaget karena p..."
Starhitsid,Pertamax,LOCATION,PT Pertamina resmi menaikkan harga dua jenis Bahan Bakar Minyak (BBM) non subsidi mulai 10 Juni 2026...
Starhitsid,Pertamax,PRODUCT,PT Pertamina resmi menaikkan harga dua jenis Bahan Bakar Minyak (BBM) non subsidi mulai 10 Juni 2026...
Starhitsid,Pertamax Green,PRODUCT,PT Pertamina resmi menaikkan harga dua jenis Bahan Bakar Minyak (BBM) non subsidi mulai 10 Juni 2026...
Starhitsid,Bbm,PRODUCT,PT Pertamina resmi menaikkan harga dua jenis Bahan Bakar Minyak (BBM) non subsidi mulai 10 Juni 2026...
Starhitsid,Pertamina,ORGANIZATION,PT Pertamina resmi menaikkan harga dua jenis Bahan Bakar Minyak (BBM) non subsidi mulai 10 Juni 2026...
Starhitsid,PT,ORGANIZATION,PT Pertamina resmi menaikkan harga dua jenis Bahan Bakar Minyak (BBM) non subsidi mulai 10 Juni 2026...
Starhitsid,BBM,PRODUCT,PT Pertamina resmi menaikkan harga dua jenis Bahan Bakar Minyak (BBM) non subsidi mulai 10 Juni 2026...
Starhitsid,RON,ORGANIZATION,PT Pertamina resmi menaikkan harga dua jenis Bahan Bakar Minyak (BBM) non subsidi mulai 10 Juni 2026...
Starhitsid,DKI,ORGANIZATION,PT Pertamina resmi menaikkan harga dua jenis Bahan Bakar Minyak (BBM) non subsidi mulai 10 Juni 2026...
edyjayakarya,Rp12.300,MONEY,Efek lemahnya nilai tukar rupiah dan dinamika harga energi global mulai semakin terasa dalam kehidup...
edyjayakarya,Rp16.250,MONEY,Efek lemahnya nilai tukar rupiah dan dinamika harga energi global mulai semakin terasa dalam kehidup...
edyjayakarya,Rp,LOCATION,Efek lemahnya nilai tukar rupiah dan dinamika harga energi global mulai semakin terasa dalam kehidup...
edyjayakarya,Pertamax,PRODUCT,Efek lemahnya nilai tukar rupiah dan dinamika harga energi global mulai semakin terasa dalam kehidup...
edyjayakarya,Bbm,PRODUCT,Efek lemahnya nilai tukar rupiah dan dinamika harga energi global mulai semakin terasa dalam kehidup...
edyjayakarya,BBM,PRODUCT,Efek lemahnya nilai tukar rupiah dan dinamika harga energi global mulai semakin terasa dalam kehidup...
Criwis_gosip,Jangan,LOCATION,"Kanda Bahlil menegaskan subsidi BBM tidak akan naik sampai akhir tahun , bukan BBM non-subsidi

Jang..."
Criwis_gosip,Bbm,PRODUCT,"Kanda Bahlil menegaskan subsidi BBM tidak akan naik sampai akhir tahun , bukan BBM non-subsidi

Jang..."
Criwis_gosip,Bahlil,PERSON,"Kanda Bahlil menegaskan subsidi BBM tidak akan naik sampai akhir tahun , bukan BBM non-subsidi

Jang..."
Criwis_gosip,BBM,PRODUCT,"Kanda Bahlil menegaskan subsidi BBM tidak akan naik sampai akhir tahun , bukan BBM non-subsidi

Jang..."
iamretardio,Rp16.250,MONEY,"Pertamax naik ke Rp16.250 per liter, Pertalite tetap Rp10.000/liter.

Wajar, Pertamax itu non-subsid..."
iamretardio,Rp10.000,MONEY,"Pertamax naik ke Rp16.250 per liter, Pertalite tetap Rp10.000/liter.

Wajar, Pertamax itu non-subsid..."
iamretardio,Rp,LOCATION,"Pertamax naik ke Rp16.250 per liter, Pertalite tetap Rp10.000/liter.

Wajar, Pertamax itu non-subsid..."
iamretardio,Pertamax,PRODUCT,"Pertamax naik ke Rp16.250 per liter, Pertalite tetap Rp10.000/liter.

Wajar, Pertamax itu non-subsid..."
iamretardio,Pertalite,PRODUCT,"Pertamax naik ke Rp16.250 per liter, Pertalite tetap Rp10.000/liter.

Wajar, Pertamax itu non-subsid..."
iamretardio,Bensin,PRODUCT,"Pertamax naik ke Rp16.250 per liter, Pertalite tetap Rp10.000/liter.

Wajar, Pertamax itu non-subsid..."
RadioElshinta,Pertamax,LOCATION,"HARGA BBM NAIK GESS! 😦🔥

PT Pertamina Patra Niaga resmi menaikkan harga bahan bakar non-subsidi Pert..."
RadioElshinta,HARGA,ORGANIZATION,"HARGA BBM NAIK GESS! 😦🔥

PT Pertamina Patra Niaga resmi menaikkan harga bahan bakar non-subsidi Pert..."
RadioElshinta,NAIK,ORGANIZATION,"HARGA BBM NAIK GESS! 😦🔥

PT Pertamina Patra Niaga resmi menaikkan harga bahan bakar non-subsidi Pert..."
RadioElshinta,GESS,ORGANIZATION,"HARGA BBM NAIK GESS! 😦🔥

PT Pertamina Patra Niaga resmi menaikkan harga bahan bakar non-subsidi Pert..."
RadioElshinta,RON,ORGANIZATION,"HARGA BBM NAIK GESS! 😦🔥

PT Pertamina Patra Niaga resmi menaikkan harga bahan bakar non-subsidi Pert..."
literasiglobal,Pertamax,PRODUCT,"Etmin SK Ngabarin🙌

BBM NAIK HANCURRR!!!

PT Pertamina Patra Niaga secara resmi melakukan penyesuaia..."
literasiglobal,Pertamax Green,PRODUCT,"Etmin SK Ngabarin🙌

BBM NAIK HANCURRR!!!

PT Pertamina Patra Niaga secara resmi melakukan penyesuaia..."
literasiglobal,Bbm,PRODUCT,"Etmin SK Ngabarin🙌

BBM NAIK HANCURRR!!!

PT Pertamina Patra Niaga secara resmi melakukan penyesuaia..."
literasiglobal,Pertamina,ORGANIZATION,"Etmin SK Ngabarin🙌

BBM NAIK HANCURRR!!!

PT Pertamina Patra Niaga secara resmi melakukan penyesuaia..."
literasiglobal,SK,ORGANIZATION,"Etmin SK Ngabarin🙌

BBM NAIK HANCURRR!!!

PT Pertamina Patra Niaga secara resmi melakukan penyesuaia..."
literasiglobal,BBM,PRODUCT,"Etmin SK Ngabarin🙌

BBM NAIK HANCURRR!!!

PT Pertamina Patra Niaga secara resmi melakukan penyesuaia..."
literasiglobal,NAIK,ORGANIZATION,"Etmin SK Ngabarin🙌

BBM NAIK HANCURRR!!!

PT Pertamina Patra Niaga secara resmi melakukan penyesuaia..."
literasiglobal,HANCURRR,ORGANIZATION,"Etmin SK Ngabarin🙌

BBM NAIK HANCURRR!!!

PT Pertamina Patra Niaga secara resmi melakukan penyesuaia..."
literasiglobal,PT,ORGANIZATION,"Etmin SK Ngabarin🙌

BBM NAIK HANCURRR!!!

PT Pertamina Patra Niaga secara resmi melakukan penyesuaia..."
uniq_le,Rp12.300,MONEY,"❓kapan PAHLAWAN itu akan muncul lagi???

Hari ini Pertamax naik gila-gilaan, dari Rp12.300 langsung ..."
uniq_le,Rp16.250,MONEY,"❓kapan PAHLAWAN itu akan muncul lagi???

Hari ini Pertamax naik gila-gilaan, dari Rp12.300 langsung ..."
uniq_le,Rp,LOCATION,"❓kapan PAHLAWAN itu akan muncul lagi???

Hari ini Pertamax naik gila-gilaan, dari Rp12.300 langsung ..."
uniq_le,Pertamax,PRODUCT,"❓kapan PAHLAWAN itu akan muncul lagi???

Hari ini Pertamax naik gila-gilaan, dari Rp12.300 langsung ..."
uniq_le,Bbm,PRODUCT,"❓kapan PAHLAWAN itu akan muncul lagi???

Hari ini Pertamax naik gila-gilaan, dari Rp12.300 langsung ..."
uniq_le,Iran,LOCATION,"❓kapan PAHLAWAN itu akan muncul lagi???

Hari ini Pertamax naik gila-gilaan, dari Rp12.300 langsung ..."
uniq_le,PAHLAWAN,ORGANIZATION,"❓kapan PAHLAWAN itu akan muncul lagi???

Hari ini Pertamax naik gila-gilaan, dari Rp12.300 langsung ..."
uniq_le,US,ORGANIZATION,"❓kapan PAHLAWAN itu akan muncul lagi???

Hari ini Pertamax naik gila-gilaan, dari Rp12.300 langsung ..."
uniq_le,BBM,PRODUCT,"❓kapan PAHLAWAN itu akan muncul lagi???

Hari ini Pertamax naik gila-gilaan, dari Rp12.300 langsung ..."
ichazura,Pertalite,LOCATION,"🤡 : “lagian yg naik Pertamax alias BBM non subsidi, klo dirasa kemahalan, ganti pke Pertalite lah”

..."
ichazura,Pertamax,LOCATION,"🤡 : “lagian yg naik Pertamax alias BBM non subsidi, klo dirasa kemahalan, ganti pke Pertalite lah”

..."
ichazura,Pertamax,PRODUCT,"🤡 : “lagian yg naik Pertamax alias BBM non subsidi, klo dirasa kemahalan, ganti pke Pertalite lah”

..."
ichazura,Pertalite,PRODUCT,"🤡 : “lagian yg naik Pertamax alias BBM non subsidi, klo dirasa kemahalan, ganti pke Pertalite lah”

..."
ichazura,Bbm,PRODUCT,"🤡 : “lagian yg naik Pertamax alias BBM non subsidi, klo dirasa kemahalan, ganti pke Pertalite lah”

..."
ichazura,BBM,PRODUCT,"🤡 : “lagian yg naik Pertamax alias BBM non subsidi, klo dirasa kemahalan, ganti pke Pertalite lah”

..."
bree_cov,Bbm,PRODUCT,@reynadefiip Fokus nya ke bbm non subsidi naik 30% pak...
RadioElshinta,Rp4.000,MONEY,PT Pertamina (Persero) resmi menaikkan harga bahan bakar minyak (BBM) nonsubsidi mulai 10 Juni 2026/...
raflialfzn,Bbm,PRODUCT,"@ekowboy2 Bbm subsidi tidak naik, tapi daya beli masyarakat yg sblmnya beli non subsidi jadi pindah ..."
shinyosol,Menteri Imigrasi Silmy Karim,PERSON,"BANYAK BANGET YANG HARUS DI BAHAS BULAN INI
apakah untuk pengalihan isu
- Korupsi di Badan Gizi Nasi..."
shinyosol,Gizi Nasional,ORGANIZATION,"BANYAK BANGET YANG HARUS DI BAHAS BULAN INI
apakah untuk pengalihan isu
- Korupsi di Badan Gizi Nasi..."
shinyosol,Badan Gizi Nasional,LOCATION,"BANYAK BANGET YANG HARUS DI BAHAS BULAN INI
apakah untuk pengalihan isu
- Korupsi di Badan Gizi Nasi..."
shinyosol,Naik,LOCATION,"BANYAK BANGET YANG HARUS DI BAHAS BULAN INI
apakah untuk pengalihan isu
- Korupsi di Badan Gizi Nasi..."
shinyosol,Bbm,PRODUCT,"BANYAK BANGET YANG HARUS DI BAHAS BULAN INI
apakah untuk pengalihan isu
- Korupsi di Badan Gizi Nasi..."
shinyosol,Dpr,ORGANIZATION,"BANYAK BANGET YANG HARUS DI BAHAS BULAN INI
apakah untuk pengalihan isu
- Korupsi di Badan Gizi Nasi..."
shinyosol,BANYAK,ORGANIZATION,"BANYAK BANGET YANG HARUS DI BAHAS BULAN INI
apakah untuk pengalihan isu
- Korupsi di Badan Gizi Nasi..."
shinyosol,BANGET,ORGANIZATION,"BANYAK BANGET YANG HARUS DI BAHAS BULAN INI
apakah untuk pengalihan isu
- Korupsi di Badan Gizi Nasi..."
shinyosol,YANG,ORGANIZATION,"BANYAK BANGET YANG HARUS DI BAHAS BULAN INI
apakah untuk pengalihan isu
- Korupsi di Badan Gizi Nasi..."
shinyosol,HARUS,ORGANIZATION,"BANYAK BANGET YANG HARUS DI BAHAS BULAN INI
apakah untuk pengalihan isu
- Korupsi di Badan Gizi Nasi..."
shinyosol,DI,ORGANIZATION,"BANYAK BANGET YANG HARUS DI BAHAS BULAN INI
apakah untuk pengalihan isu
- Korupsi di Badan Gizi Nasi..."
shinyosol,BAHAS,ORGANIZATION,"BANYAK BANGET YANG HARUS DI BAHAS BULAN INI
apakah untuk pengalihan isu
- Korupsi di Badan Gizi Nasi..."
shinyosol,BULAN,ORGANIZATION,"BANYAK BANGET YANG HARUS DI BAHAS BULAN INI
apakah untuk pengalihan isu
- Korupsi di Badan Gizi Nasi..."
shinyosol,INI,ORGANIZATION,"BANYAK BANGET YANG HARUS DI BAHAS BULAN INI
apakah untuk pengalihan isu
- Korupsi di Badan Gizi Nasi..."
shinyosol,BGN,ORGANIZATION,"BANYAK BANGET YANG HARUS DI BAHAS BULAN INI
apakah untuk pengalihan isu
- Korupsi di Badan Gizi Nasi..."
shinyosol,MBG,ORGANIZATION,"BANYAK BANGET YANG HARUS DI BAHAS BULAN INI
apakah untuk pengalihan isu
- Korupsi di Badan Gizi Nasi..."
shinyosol,DPR,ORGANIZATION,"BANYAK BANGET YANG HARUS DI BAHAS BULAN INI
apakah untuk pengalihan isu
- Korupsi di Badan Gizi Nasi..."
shinyosol,RUU,ORGANIZATION,"BANYAK BANGET YANG HARUS DI BAHAS BULAN INI
apakah untuk pengalihan isu
- Korupsi di Badan Gizi Nasi..."
shinyosol,UU,ORGANIZATION,"BANYAK BANGET YANG HARUS DI BAHAS BULAN INI
apakah untuk pengalihan isu
- Korupsi di Badan Gizi Nasi..."
shinyosol,BBM,PRODUCT,"BANYAK BANGET YANG HARUS DI BAHAS BULAN INI
apakah untuk pengalihan isu
- Korupsi di Badan Gizi Nasi..."
dimasandi07,Bbm,PRODUCT,"Sepakat..

Kelas menengah bakal jadi pihak yang paling terjepit. Harga BBM non subsidi naik, harga k..."
dimasandi07,BBM,PRODUCT,"Sepakat..

Kelas menengah bakal jadi pihak yang paling terjepit. Harga BBM non subsidi naik, harga k..."
dimasandi07,UMR,ORGANIZATION,"Sepakat..

Kelas menengah bakal jadi pihak yang paling terjepit. Harga BBM non subsidi naik, harga k..."
BapakKerja,Juni,LOCATION,"Pak, Bu, Kakak2 sekalian.. 

Kita sudah dengar berita kan ya, kalo per pagi ini, harga BBM naik✅

Ya..."
BapakKerja,Bbm,PRODUCT,"Pak, Bu, Kakak2 sekalian.. 

Kita sudah dengar berita kan ya, kalo per pagi ini, harga BBM naik✅

Ya..."
BapakKerja,BBM,PRODUCT,"Pak, Bu, Kakak2 sekalian.. 

Kita sudah dengar berita kan ya, kalo per pagi ini, harga BBM naik✅

Ya..."
BapakKerja,BI,ORGANIZATION,"Pak, Bu, Kakak2 sekalian.. 

Kita sudah dengar berita kan ya, kalo per pagi ini, harga BBM naik✅

Ya..."
kompascom,Pertamax,PRODUCT,"Baca di sini: https://t.co/cWdHmyxONm

Pertamina resmi melakukan penyesuaian harga bahan bakar minya..."
kompascom,Bbm,PRODUCT,"Baca di sini: https://t.co/cWdHmyxONm

Pertamina resmi melakukan penyesuaian harga bahan bakar minya..."
kompascom,Indonesia,LOCATION,"Baca di sini: https://t.co/cWdHmyxONm

Pertamina resmi melakukan penyesuaian harga bahan bakar minya..."
kompascom,Pertamina,ORGANIZATION,"Baca di sini: https://t.co/cWdHmyxONm

Pertamina resmi melakukan penyesuaian harga bahan bakar minya..."
kompascom,BBM,PRODUCT,"Baca di sini: https://t.co/cWdHmyxONm

Pertamina resmi melakukan penyesuaian harga bahan bakar minya..."
Jenggostars,Rp.12.300,MONEY,"Hari ini pertamax naik 32%
dari Rp.12.300 menjadi 16.250

Sejak April lalu, harga BBM kelas atas (no..."
Jenggostars,Rp,LOCATION,"Hari ini pertamax naik 32%
dari Rp.12.300 menjadi 16.250

Sejak April lalu, harga BBM kelas atas (no..."
Jenggostars,Pertamax,PRODUCT,"Hari ini pertamax naik 32%
dari Rp.12.300 menjadi 16.250

Sejak April lalu, harga BBM kelas atas (no..."
Jenggostars,Pertalite,PRODUCT,"Hari ini pertamax naik 32%
dari Rp.12.300 menjadi 16.250

Sejak April lalu, harga BBM kelas atas (no..."
Jenggostars,Pertamax Turbo,PRODUCT,"Hari ini pertamax naik 32%
dari Rp.12.300 menjadi 16.250

Sejak April lalu, harga BBM kelas atas (no..."
Jenggostars,Bbm,PRODUCT,"Hari ini pertamax naik 32%
dari Rp.12.300 menjadi 16.250

Sejak April lalu, harga BBM kelas atas (no..."
Jenggostars,BBM,PRODUCT,"Hari ini pertamax naik 32%
dari Rp.12.300 menjadi 16.250

Sejak April lalu, harga BBM kelas atas (no..."
akuratco,Rp12.300,MONEY,"Pertamina resmi menaikkan harga BBM non-subsidi Pertamax dan Pertamax Green mulai hari ini. 

Pertam..."
akuratco,Rp16.250,MONEY,"Pertamina resmi menaikkan harga BBM non-subsidi Pertamax dan Pertamax Green mulai hari ini. 

Pertam..."
akuratco,Rp12.900,MONEY,"Pertamina resmi menaikkan harga BBM non-subsidi Pertamax dan Pertamax Green mulai hari ini. 

Pertam..."
akuratco,Rp17.000,MONEY,"Pertamina resmi menaikkan harga BBM non-subsidi Pertamax dan Pertamax Green mulai hari ini. 

Pertam..."
akuratco,Pertamax,LOCATION,"Pertamina resmi menaikkan harga BBM non-subsidi Pertamax dan Pertamax Green mulai hari ini. 

Pertam..."
akuratco,Rp,LOCATION,"Pertamina resmi menaikkan harga BBM non-subsidi Pertamax dan Pertamax Green mulai hari ini. 

Pertam..."
akuratco,Pertamax,PRODUCT,"Pertamina resmi menaikkan harga BBM non-subsidi Pertamax dan Pertamax Green mulai hari ini. 

Pertam..."
akuratco,Pertamax Green,PRODUCT,"Pertamina resmi menaikkan harga BBM non-subsidi Pertamax dan Pertamax Green mulai hari ini. 

Pertam..."
akuratco,Bbm,PRODUCT,"Pertamina resmi menaikkan harga BBM non-subsidi Pertamax dan Pertamax Green mulai hari ini. 

Pertam..."
akuratco,Pertamina,ORGANIZATION,"Pertamina resmi menaikkan harga BBM non-subsidi Pertamax dan Pertamax Green mulai hari ini. 

Pertam..."
akuratco,BBM,PRODUCT,"Pertamina resmi menaikkan harga BBM non-subsidi Pertamax dan Pertamax Green mulai hari ini. 

Pertam..."
marvelle_danny,Rp2.450,MONEY,"Perbandingan dengan Krisis 1998

Krisis moneter 1997–1998 adalah krisis sistematik multi-dimensi:

R..."
marvelle_danny,Rp15.000,MONEY,"Perbandingan dengan Krisis 1998

Krisis moneter 1997–1998 adalah krisis sistematik multi-dimensi:

R..."
marvelle_danny,Rp,LOCATION,"Perbandingan dengan Krisis 1998

Krisis moneter 1997–1998 adalah krisis sistematik multi-dimensi:

R..."
marvelle_danny,USD,ORGANIZATION,"Perbandingan dengan Krisis 1998

Krisis moneter 1997–1998 adalah krisis sistematik multi-dimensi:

R..."
wrahardian2,Bbm,PRODUCT,"@triwul82 orang kaya tidak terpengaruh harga BBM naik setinggi apapun, makanya sudah tepat BBM non s..."
wrahardian2,BBM,PRODUCT,"@triwul82 orang kaya tidak terpengaruh harga BBM naik setinggi apapun, makanya sudah tepat BBM non s..."
jawapos,Rp16.250,MONEY,Harga BBM non-subsidi Pertamax resmi naik mulai 10 Juni 2026. Pertamina Patra Niaga menetapkan harga...
jawapos,Rp12.300,MONEY,Harga BBM non-subsidi Pertamax resmi naik mulai 10 Juni 2026. Pertamina Patra Niaga menetapkan harga...
jawapos,Rp12.900,MONEY,Harga BBM non-subsidi Pertamax resmi naik mulai 10 Juni 2026. Pertamina Patra Niaga menetapkan harga...
jawapos,Rp17.000,MONEY,Harga BBM non-subsidi Pertamax resmi naik mulai 10 Juni 2026. Pertamina Patra Niaga menetapkan harga...
jawapos,Pertamax,LOCATION,Harga BBM non-subsidi Pertamax resmi naik mulai 10 Juni 2026. Pertamina Patra Niaga menetapkan harga...
jawapos,Rp,LOCATION,Harga BBM non-subsidi Pertamax resmi naik mulai 10 Juni 2026. Pertamina Patra Niaga menetapkan harga...
jawapos,Pertamax,PRODUCT,Harga BBM non-subsidi Pertamax resmi naik mulai 10 Juni 2026. Pertamina Patra Niaga menetapkan harga...
jawapos,Pertamax Green,PRODUCT,Harga BBM non-subsidi Pertamax resmi naik mulai 10 Juni 2026. Pertamina Patra Niaga menetapkan harga...
jawapos,Bbm,PRODUCT,Harga BBM non-subsidi Pertamax resmi naik mulai 10 Juni 2026. Pertamina Patra Niaga menetapkan harga...
jawapos,Pertamina,ORGANIZATION,Harga BBM non-subsidi Pertamax resmi naik mulai 10 Juni 2026. Pertamina Patra Niaga menetapkan harga...
jawapos,BBM,PRODUCT,Harga BBM non-subsidi Pertamax resmi naik mulai 10 Juni 2026. Pertamina Patra Niaga menetapkan harga...
jawapos,RON,ORGANIZATION,Harga BBM non-subsidi Pertamax resmi naik mulai 10 Juni 2026. Pertamina Patra Niaga menetapkan harga...
ekowboy2,IHSG,ORGANIZATION,"Kemarin yang teriak-teriak minta harga BBM dinaikin mana suaranya, kok sekarang Pertamax naik malala..."
inilahdotcom,Rp12.300,MONEY,PT Pertamina Patra Niaga resmi melakukan penyesuaian harga Bahan Bakar Minyak (BBM) jenis non-subsid...
inilahdotcom,Rp,LOCATION,PT Pertamina Patra Niaga resmi melakukan penyesuaian harga Bahan Bakar Minyak (BBM) jenis non-subsid...
inilahdotcom,Pertamax,PRODUCT,PT Pertamina Patra Niaga resmi melakukan penyesuaian harga Bahan Bakar Minyak (BBM) jenis non-subsid...
inilahdotcom,Pertamax Green,PRODUCT,PT Pertamina Patra Niaga resmi melakukan penyesuaian harga Bahan Bakar Minyak (BBM) jenis non-subsid...
inilahdotcom,Bbm,PRODUCT,PT Pertamina Patra Niaga resmi melakukan penyesuaian harga Bahan Bakar Minyak (BBM) jenis non-subsid...
inilahdotcom,Pertamina,ORGANIZATION,PT Pertamina Patra Niaga resmi melakukan penyesuaian harga Bahan Bakar Minyak (BBM) jenis non-subsid...
inilahdotcom,PT,ORGANIZATION,PT Pertamina Patra Niaga resmi melakukan penyesuaian harga Bahan Bakar Minyak (BBM) jenis non-subsid...
inilahdotcom,BBM,PRODUCT,PT Pertamina Patra Niaga resmi melakukan penyesuaian harga Bahan Bakar Minyak (BBM) jenis non-subsid...
inilahdotcom,RON,ORGANIZATION,PT Pertamina Patra Niaga resmi melakukan penyesuaian harga Bahan Bakar Minyak (BBM) jenis non-subsid...
RadioElshinta,Rp12.900,MONEY,"Pertamina Patra Niaga melakukan penyesuaian harga BBM nonsubsidi mulai Rabu, 10 Juni 2026. Harga Per..."
RadioElshinta,Rp17.000,MONEY,"Pertamina Patra Niaga melakukan penyesuaian harga BBM nonsubsidi mulai Rabu, 10 Juni 2026. Harga Per..."
RadioElshinta,Dexlite,PRODUCT,"Pertamina Patra Niaga melakukan penyesuaian harga BBM nonsubsidi mulai Rabu, 10 Juni 2026. Harga Per..."
RadioElshinta,Pertamax Turbo,PRODUCT,"Pertamina Patra Niaga melakukan penyesuaian harga BBM nonsubsidi mulai Rabu, 10 Juni 2026. Harga Per..."
aoi_ookami11,Bbm,PRODUCT,"@reynadefiip Naik seuprit doang apa yg mau diramein. Noh liat BBM non subsidi naik 4000. 
Lagian nai..."
aoi_ookami11,BBM,PRODUCT,"@reynadefiip Naik seuprit doang apa yg mau diramein. Noh liat BBM non subsidi naik 4000. 
Lagian nai..."
aoi_ookami11,BI,ORGANIZATION,"@reynadefiip Naik seuprit doang apa yg mau diramein. Noh liat BBM non subsidi naik 4000. 
Lagian nai..."
K0MENTAT0R,Pertalite,LOCATION,BBM Non-Subsidi naik ➡️ Pengguna Pertamax dkk migrasi massal ke Pertalite ➡️ Stok subsidi jebol &amp...
K0MENTAT0R,Pertamax,PRODUCT,BBM Non-Subsidi naik ➡️ Pengguna Pertamax dkk migrasi massal ke Pertalite ➡️ Stok subsidi jebol &amp...
K0MENTAT0R,Pertalite,PRODUCT,BBM Non-Subsidi naik ➡️ Pengguna Pertamax dkk migrasi massal ke Pertalite ➡️ Stok subsidi jebol &amp...
K0MENTAT0R,Bbm,PRODUCT,BBM Non-Subsidi naik ➡️ Pengguna Pertamax dkk migrasi massal ke Pertalite ➡️ Stok subsidi jebol &amp...
K0MENTAT0R,BBM,PRODUCT,BBM Non-Subsidi naik ➡️ Pengguna Pertamax dkk migrasi massal ke Pertalite ➡️ Stok subsidi jebol &amp...
K0MENTAT0R,MBG,ORGANIZATION,BBM Non-Subsidi naik ➡️ Pengguna Pertamax dkk migrasi massal ke Pertalite ➡️ Stok subsidi jebol &amp...
semboyan35com,Bbm,PRODUCT,bertanya untuk diskusi dengan santai ke @CommuterLine @mrtjakarta @PT_Transjakarta @lrtjkt @lrtjabod...
semboyan35com,BBM,PRODUCT,bertanya untuk diskusi dengan santai ke @CommuterLine @mrtjakarta @PT_Transjakarta @lrtjkt @lrtjabod...
oalahrizal,Pertamax,PRODUCT,"@kkabjagiw krn minyak mentah dibeli pake dolar, jd kalo dolar naik (rupiah lemah), otomatis biaya bu..."
oalahrizal,Pertalite,PRODUCT,"@kkabjagiw krn minyak mentah dibeli pake dolar, jd kalo dolar naik (rupiah lemah), otomatis biaya bu..."
oalahrizal,Bbm,PRODUCT,"@kkabjagiw krn minyak mentah dibeli pake dolar, jd kalo dolar naik (rupiah lemah), otomatis biaya bu..."
oalahrizal,Minyak Mentah,PRODUCT,"@kkabjagiw krn minyak mentah dibeli pake dolar, jd kalo dolar naik (rupiah lemah), otomatis biaya bu..."
abahnyaupi,Bbm,PRODUCT,"10 Juni 2026

Naik nya diam diam + naik nya gak kira kira.

(Sangat) Menyengsarakan Rakyat!

(BBM No..."
abahnyaupi,BBM,PRODUCT,"10 Juni 2026

Naik nya diam diam + naik nya gak kira kira.

(Sangat) Menyengsarakan Rakyat!

(BBM No..."
abahnyaupi,SPBU,PRODUCT,"10 Juni 2026

Naik nya diam diam + naik nya gak kira kira.

(Sangat) Menyengsarakan Rakyat!

(BBM No..."
jawapos,PT,ORGANIZATION,"Harga Pertamax resmi naik menjadi Rp16.250 per liter mulai Rabu, 10 Juni 2026.

PT Pertamina Patra N..."
AvelinoGuido28,Pertamax,PRODUCT,"""Orang kaya"" yang mana dulu nih? Soale temen gw yang gaji UMR juga ada yang pengguna Pertamax. Jadin..."
AvelinoGuido28,UMR,ORGANIZATION,"""Orang kaya"" yang mana dulu nih? Soale temen gw yang gaji UMR juga ada yang pengguna Pertamax. Jadin..."
Holan_Siregar,Bbm,PRODUCT,"Kalian yang kaget BBM non subsidi naik itu ga peka

Kemarin aku udah bilang, kalau opung Luhut udah ..."
Holan_Siregar,BBM,PRODUCT,"Kalian yang kaget BBM non subsidi naik itu ga peka

Kemarin aku udah bilang, kalau opung Luhut udah ..."
Holan_Siregar,IHSG,ORGANIZATION,"Kalian yang kaget BBM non subsidi naik itu ga peka

Kemarin aku udah bilang, kalau opung Luhut udah ..."
IDNTimes,Pertamax,PRODUCT,"Pemerintah resmi menaikkan harga Pertamax dan Pertamax Green 95 per hari ini, Rabu (Pemerintah resmi..."
IDNTimes,Pertamax Green,PRODUCT,"Pemerintah resmi menaikkan harga Pertamax dan Pertamax Green 95 per hari ini, Rabu (Pemerintah resmi..."
IDNTimes,AS,ORGANIZATION,"Pemerintah resmi menaikkan harga Pertamax dan Pertamax Green 95 per hari ini, Rabu (Pemerintah resmi..."
bmartawardaya,Bbm,PRODUCT,@WOLF_of_IHSG Dan naik BBM non subsidi ketika PTN besar jawa lagi/selesai UAS shg nggak likely ada d...
bmartawardaya,Jawa,LOCATION,@WOLF_of_IHSG Dan naik BBM non subsidi ketika PTN besar jawa lagi/selesai UAS shg nggak likely ada d...
bmartawardaya,BBM,PRODUCT,@WOLF_of_IHSG Dan naik BBM non subsidi ketika PTN besar jawa lagi/selesai UAS shg nggak likely ada d...
bmartawardaya,PTN,ORGANIZATION,@WOLF_of_IHSG Dan naik BBM non subsidi ketika PTN besar jawa lagi/selesai UAS shg nggak likely ada d...
bmartawardaya,UAS,ORGANIZATION,@WOLF_of_IHSG Dan naik BBM non subsidi ketika PTN besar jawa lagi/selesai UAS shg nggak likely ada d...
luaynnaf,Bbm,PRODUCT,bangun2 baca berita harga BBM non subsidi naik semuaaaa😭😭...
luaynnaf,BBM,PRODUCT,bangun2 baca berita harga BBM non subsidi naik semuaaaa😭😭...
dimarsasongko98,Rp12.300,MONEY,"Kemarin malam, diam-diam, tanpa rapat DPR, tanpa debat publik:

Pertamax naik 32% dalam satu malam. ..."
dimarsasongko98,Rp,LOCATION,"Kemarin malam, diam-diam, tanpa rapat DPR, tanpa debat publik:

Pertamax naik 32% dalam satu malam. ..."
dimarsasongko98,Iran,LOCATION,"Kemarin malam, diam-diam, tanpa rapat DPR, tanpa debat publik:

Pertamax naik 32% dalam satu malam. ..."
cntarupiah,Rp16.250,MONEY,"*Pemerintah Naikkan Harga Pertamax +32% ke Rp16.250/Liter, Rupiah Menguat terhadap Dolar AS ke Bawah..."
cntarupiah,Rp12.300,MONEY,"*Pemerintah Naikkan Harga Pertamax +32% ke Rp16.250/Liter, Rupiah Menguat terhadap Dolar AS ke Bawah..."
cntarupiah,Rp12.900,MONEY,"*Pemerintah Naikkan Harga Pertamax +32% ke Rp16.250/Liter, Rupiah Menguat terhadap Dolar AS ke Bawah..."
cntarupiah,Rp17.000,MONEY,"*Pemerintah Naikkan Harga Pertamax +32% ke Rp16.250/Liter, Rupiah Menguat terhadap Dolar AS ke Bawah..."
cntarupiah,Rp,LOCATION,"*Pemerintah Naikkan Harga Pertamax +32% ke Rp16.250/Liter, Rupiah Menguat terhadap Dolar AS ke Bawah..."
cntarupiah,Pertamax,PRODUCT,"*Pemerintah Naikkan Harga Pertamax +32% ke Rp16.250/Liter, Rupiah Menguat terhadap Dolar AS ke Bawah..."
cntarupiah,Pertamax Green,PRODUCT,"*Pemerintah Naikkan Harga Pertamax +32% ke Rp16.250/Liter, Rupiah Menguat terhadap Dolar AS ke Bawah..."
cntarupiah,Pertamina,ORGANIZATION,"*Pemerintah Naikkan Harga Pertamax +32% ke Rp16.250/Liter, Rupiah Menguat terhadap Dolar AS ke Bawah..."
cntarupiah,AS,ORGANIZATION,"*Pemerintah Naikkan Harga Pertamax +32% ke Rp16.250/Liter, Rupiah Menguat terhadap Dolar AS ke Bawah..."
GIBOLofficial,Bbm,PRODUCT,"Dari 12.300 ke 16.250
Naik sekitar 30%

Kenaikan BBM meski yang non subsidi sedikit banyak bakal nge..."
GIBOLofficial,BBM,PRODUCT,"Dari 12.300 ke 16.250
Naik sekitar 30%

Kenaikan BBM meski yang non subsidi sedikit banyak bakal nge..."
GIBOLofficial,WNI,ORGANIZATION,"Dari 12.300 ke 16.250
Naik sekitar 30%

Kenaikan BBM meski yang non subsidi sedikit banyak bakal nge..."
ferrykoto,Bbm,PRODUCT,"Darimana pula naik BBM menambah Revenue negara, mas. Pemerintah ndak jualan BBM, apalagi non subsidi..."
ferrykoto,Pertamina,ORGANIZATION,"Darimana pula naik BBM menambah Revenue negara, mas. Pemerintah ndak jualan BBM, apalagi non subsidi..."
ferrykoto,BBM,PRODUCT,"Darimana pula naik BBM menambah Revenue negara, mas. Pemerintah ndak jualan BBM, apalagi non subsidi..."
ferrykoto,HPP,ORGANIZATION,"Darimana pula naik BBM menambah Revenue negara, mas. Pemerintah ndak jualan BBM, apalagi non subsidi..."
wietj4k,Bbm,PRODUCT,"Buzzer si Muldongok dan keluarga laknatnya  si @awikuchuz ini emang Babik....!!!!!

Elu gak mikir at..."
wietj4k,BBM,PRODUCT,"Buzzer si Muldongok dan keluarga laknatnya  si @awikuchuz ini emang Babik....!!!!!

Elu gak mikir at..."
alejandcarls,Bbm,PRODUCT,"@WalterWisnu @txtdrjkt Yg jelas dollar ga akan 18rb.
Otomatis BBM yg non subsidi yg import dari luar..."
alejandcarls,BBM,PRODUCT,"@WalterWisnu @txtdrjkt Yg jelas dollar ga akan 18rb.
Otomatis BBM yg non subsidi yg import dari luar..."
dairydaymee,Bbm,PRODUCT,"BBM non subsidi naik, WNI now : https://t.co/7lZ5MSFbIC..."
dairydaymee,BBM,PRODUCT,"BBM non subsidi naik, WNI now : https://t.co/7lZ5MSFbIC..."
dairydaymee,WNI,ORGANIZATION,"BBM non subsidi naik, WNI now : https://t.co/7lZ5MSFbIC..."
Anak__Ogi,Pertamax,PRODUCT,"Rezim ini sih agak mending.
Pertamax baru naik sejak gejolak harga minyak dunia dipicu konflik Israe..."
Anak__Ogi,Bbm,PRODUCT,"Rezim ini sih agak mending.
Pertamax baru naik sejak gejolak harga minyak dunia dipicu konflik Israe..."
Anak__Ogi,Iran,LOCATION,"Rezim ini sih agak mending.
Pertamax baru naik sejak gejolak harga minyak dunia dipicu konflik Israe..."
Anak__Ogi,Pertamina,ORGANIZATION,"Rezim ini sih agak mending.
Pertamax baru naik sejak gejolak harga minyak dunia dipicu konflik Israe..."
Anak__Ogi,Jokowi,PERSON,"Rezim ini sih agak mending.
Pertamax baru naik sejak gejolak harga minyak dunia dipicu konflik Israe..."
Anak__Ogi,BBM,PRODUCT,"Rezim ini sih agak mending.
Pertamax baru naik sejak gejolak harga minyak dunia dipicu konflik Israe..."
Anak__Ogi,PT,ORGANIZATION,"Rezim ini sih agak mending.
Pertamax baru naik sejak gejolak harga minyak dunia dipicu konflik Israe..."
ruliemaulana,Bbm,PRODUCT,"Huh. PoV baru. BBM non subsidi naik sesuai permintaan daerah untuk bantu penerimaan dari PBBKB.
http..."
ruliemaulana,BBM,PRODUCT,"Huh. PoV baru. BBM non subsidi naik sesuai permintaan daerah untuk bantu penerimaan dari PBBKB.
http..."
ruliemaulana,PBBKB,ORGANIZATION,"Huh. PoV baru. BBM non subsidi naik sesuai permintaan daerah untuk bantu penerimaan dari PBBKB.
http..."
kompascom,Rp16.250,MONEY,"Baca selengkapnya: https://t.co/RiNHoHtIky

Setelah mempertahankan harga selama beberapa bulan terak..."
kompascom,Rp,LOCATION,"Baca selengkapnya: https://t.co/RiNHoHtIky

Setelah mempertahankan harga selama beberapa bulan terak..."
kompascom,Minyak Mentah,PRODUCT,"Baca selengkapnya: https://t.co/RiNHoHtIky

Setelah mempertahankan harga selama beberapa bulan terak..."
aera_ry,Bbm,PRODUCT,"bbm naik, rakyat menjerit, penguasa pesta pora.

yang kerja keras makin susah, yang duduk di atas ku..."
aera_ry,BBM,PRODUCT,"bbm naik, rakyat menjerit, penguasa pesta pora.

yang kerja keras makin susah, yang duduk di atas ku..."
SanubariSamudra,Bbm,PRODUCT,"Lgbt di goreng trs dr kemarin, then what?

UU polri disahkan

BBM non subsidi naik

Taik emng kontol..."
SanubariSamudra,UU,ORGANIZATION,"Lgbt di goreng trs dr kemarin, then what?

UU polri disahkan

BBM non subsidi naik

Taik emng kontol..."
SanubariSamudra,BBM,PRODUCT,"Lgbt di goreng trs dr kemarin, then what?

UU polri disahkan

BBM non subsidi naik

Taik emng kontol..."
pikiran_rakyat,Rp16.250,MONEY,"Harga Pertamax Tembus Rp 16.250 Per Liter!
.....

Pertamina melakukan penyesuaian harga BBM non-subs..."
pikiran_rakyat,Pertamax,LOCATION,"Harga Pertamax Tembus Rp 16.250 Per Liter!
.....

Pertamina melakukan penyesuaian harga BBM non-subs..."
pikiran_rakyat,Rp,LOCATION,"Harga Pertamax Tembus Rp 16.250 Per Liter!
.....

Pertamina melakukan penyesuaian harga BBM non-subs..."
pikiran_rakyat,Pertamax Green,PRODUCT,"Harga Pertamax Tembus Rp 16.250 Per Liter!
.....

Pertamina melakukan penyesuaian harga BBM non-subs..."
pikiran_rakyat,RON,ORGANIZATION,"Harga Pertamax Tembus Rp 16.250 Per Liter!
.....

Pertamina melakukan penyesuaian harga BBM non-subs..."
dimasandi07,"Rp16.250,",MONEY,"Harga BBM Pertamax tiba-tiba naik jadi Rp 16.250, walau cepat atau lambat ini bakal terjadi.

Dampak..."
dimasandi07,Rp,LOCATION,"Harga BBM Pertamax tiba-tiba naik jadi Rp 16.250, walau cepat atau lambat ini bakal terjadi.

Dampak..."
dimasandi07,Pertamax,PRODUCT,"Harga BBM Pertamax tiba-tiba naik jadi Rp 16.250, walau cepat atau lambat ini bakal terjadi.

Dampak..."
dimasandi07,SPBU,PRODUCT,"Harga BBM Pertamax tiba-tiba naik jadi Rp 16.250, walau cepat atau lambat ini bakal terjadi.

Dampak..."
AlterHomieID,Bbm,PRODUCT,"@vortexglimmer @kompascom Terus poinnya apa kak kalo non subsidi? Dikira kantor, pabrik dkk pake ben..."
AlterHomieID,Bensin,PRODUCT,"@vortexglimmer @kompascom Terus poinnya apa kak kalo non subsidi? Dikira kantor, pabrik dkk pake ben..."
kangdede78,Rp16.250,MONEY,@icharis Penyesuaian Pertamax (non-subsidi) ke Rp16.250/liter per 10 Juni 2026 adalah langkah rasion...
kangdede78,Rp10.000,MONEY,@icharis Penyesuaian Pertamax (non-subsidi) ke Rp16.250/liter per 10 Juni 2026 adalah langkah rasion...
kangdede78,Rp6.800,MONEY,@icharis Penyesuaian Pertamax (non-subsidi) ke Rp16.250/liter per 10 Juni 2026 adalah langkah rasion...
kangdede78,$93,MONEY,@icharis Penyesuaian Pertamax (non-subsidi) ke Rp16.250/liter per 10 Juni 2026 adalah langkah rasion...
kangdede78,Rp,LOCATION,@icharis Penyesuaian Pertamax (non-subsidi) ke Rp16.250/liter per 10 Juni 2026 adalah langkah rasion...
kangdede78,Pertamax,PRODUCT,@icharis Penyesuaian Pertamax (non-subsidi) ke Rp16.250/liter per 10 Juni 2026 adalah langkah rasion...
kangdede78,Pertalite,PRODUCT,@icharis Penyesuaian Pertamax (non-subsidi) ke Rp16.250/liter per 10 Juni 2026 adalah langkah rasion...
kangdede78,Solar,PRODUCT,@icharis Penyesuaian Pertamax (non-subsidi) ke Rp16.250/liter per 10 Juni 2026 adalah langkah rasion...
ekowboy2,Rp16.250,MONEY,"YANG NAIK BBM NON-SUBSIDI, CATAT!!

Sebagai penyesuaian akibat lonjakan minyak dunia &amp; dampak pe..."
ekowboy2,Rp17.000,MONEY,"YANG NAIK BBM NON-SUBSIDI, CATAT!!

Sebagai penyesuaian akibat lonjakan minyak dunia &amp; dampak pe..."
ekowboy2,Pertamax Green,PRODUCT,"YANG NAIK BBM NON-SUBSIDI, CATAT!!

Sebagai penyesuaian akibat lonjakan minyak dunia &amp; dampak pe..."
ekowboy2,Amerika,LOCATION,"YANG NAIK BBM NON-SUBSIDI, CATAT!!

Sebagai penyesuaian akibat lonjakan minyak dunia &amp; dampak pe..."
ekowboy2,Iran,LOCATION,"YANG NAIK BBM NON-SUBSIDI, CATAT!!

Sebagai penyesuaian akibat lonjakan minyak dunia &amp; dampak pe..."
ekowboy2,Pertamina,ORGANIZATION,"YANG NAIK BBM NON-SUBSIDI, CATAT!!

Sebagai penyesuaian akibat lonjakan minyak dunia &amp; dampak pe..."
ekowboy2,YANG,ORGANIZATION,"YANG NAIK BBM NON-SUBSIDI, CATAT!!

Sebagai penyesuaian akibat lonjakan minyak dunia &amp; dampak pe..."
ekowboy2,NAIK,ORGANIZATION,"YANG NAIK BBM NON-SUBSIDI, CATAT!!

Sebagai penyesuaian akibat lonjakan minyak dunia &amp; dampak pe..."
ekowboy2,NON,ORGANIZATION,"YANG NAIK BBM NON-SUBSIDI, CATAT!!

Sebagai penyesuaian akibat lonjakan minyak dunia &amp; dampak pe..."
ekowboy2,SUBSIDI,ORGANIZATION,"YANG NAIK BBM NON-SUBSIDI, CATAT!!

Sebagai penyesuaian akibat lonjakan minyak dunia &amp; dampak pe..."
ekowboy2,CATAT,ORGANIZATION,"YANG NAIK BBM NON-SUBSIDI, CATAT!!

Sebagai penyesuaian akibat lonjakan minyak dunia &amp; dampak pe..."
s4kadewek,Pertamax,PRODUCT,"@bersuwara_ kalian para pengeluh tuh maunya apa. Dolar naik, ngeluh, rupiah menguat, ngeluh. BBM non..."
s4kadewek,Bbm,PRODUCT,"@bersuwara_ kalian para pengeluh tuh maunya apa. Dolar naik, ngeluh, rupiah menguat, ngeluh. BBM non..."
s4kadewek,BBM,PRODUCT,"@bersuwara_ kalian para pengeluh tuh maunya apa. Dolar naik, ngeluh, rupiah menguat, ngeluh. BBM non..."
fsaidhamzah,Rp18,MONEY,"Pemerintah resmi menaikkan harga Pertamax dan Pertamax Green 95 per hari ini, Rabu (10/6/2026).

Di ..."
fsaidhamzah,Pertamax,PRODUCT,"Pemerintah resmi menaikkan harga Pertamax dan Pertamax Green 95 per hari ini, Rabu (10/6/2026).

Di ..."
fsaidhamzah,Pertamax Green,PRODUCT,"Pemerintah resmi menaikkan harga Pertamax dan Pertamax Green 95 per hari ini, Rabu (10/6/2026).

Di ..."
fsaidhamzah,Bbm,PRODUCT,"Pemerintah resmi menaikkan harga Pertamax dan Pertamax Green 95 per hari ini, Rabu (10/6/2026).

Di ..."
fsaidhamzah,AS,ORGANIZATION,"Pemerintah resmi menaikkan harga Pertamax dan Pertamax Green 95 per hari ini, Rabu (10/6/2026).

Di ..."
fsaidhamzah,BBM,PRODUCT,"Pemerintah resmi menaikkan harga Pertamax dan Pertamax Green 95 per hari ini, Rabu (10/6/2026).

Di ..."
warungsastra,"Rp12.300,",MONEY,"Pagi-pagi kaget baca berita dari @kompascom

Kami kutip beritanya:

PT Pertamina (Persero) melakukan..."
warungsastra,Rp16.250,MONEY,"Pagi-pagi kaget baca berita dari @kompascom

Kami kutip beritanya:

PT Pertamina (Persero) melakukan..."
warungsastra,Rp,LOCATION,"Pagi-pagi kaget baca berita dari @kompascom

Kami kutip beritanya:

PT Pertamina (Persero) melakukan..."
warungsastra,Pertamax,PRODUCT,"Pagi-pagi kaget baca berita dari @kompascom

Kami kutip beritanya:

PT Pertamina (Persero) melakukan..."
warungsastra,Pertamax Green,PRODUCT,"Pagi-pagi kaget baca berita dari @kompascom

Kami kutip beritanya:

PT Pertamina (Persero) melakukan..."
warungsastra,Bbm,PRODUCT,"Pagi-pagi kaget baca berita dari @kompascom

Kami kutip beritanya:

PT Pertamina (Persero) melakukan..."
warungsastra,Pertamina,ORGANIZATION,"Pagi-pagi kaget baca berita dari @kompascom

Kami kutip beritanya:

PT Pertamina (Persero) melakukan..."
warungsastra,PT,ORGANIZATION,"Pagi-pagi kaget baca berita dari @kompascom

Kami kutip beritanya:

PT Pertamina (Persero) melakukan..."
warungsastra,BBM,PRODUCT,"Pagi-pagi kaget baca berita dari @kompascom

Kami kutip beritanya:

PT Pertamina (Persero) melakukan..."
warungsastra,RON,ORGANIZATION,"Pagi-pagi kaget baca berita dari @kompascom

Kami kutip beritanya:

PT Pertamina (Persero) melakukan..."
alexjourneyz,Bbm,PRODUCT,"Yang langsung kena banget dampaknya adalah wilayah dimana gak ada pilihan selain BBM non-subsidi, se..."
alexjourneyz,Indonesia,LOCATION,"Yang langsung kena banget dampaknya adalah wilayah dimana gak ada pilihan selain BBM non-subsidi, se..."
alexjourneyz,BBM,PRODUCT,"Yang langsung kena banget dampaknya adalah wilayah dimana gak ada pilihan selain BBM non-subsidi, se..."
alexjourneyz,NTT,ORGANIZATION,"Yang langsung kena banget dampaknya adalah wilayah dimana gak ada pilihan selain BBM non-subsidi, se..."
akuratco,PT,ORGANIZATION,PT Pertamina  resmi melakukan penyesuaian harga sejumlah bahan bakar minyak (BBM)  non-subsidi mulai...
senjakalama,Bbm,PRODUCT,@reynadefiip Menguat nggak ngaruh kalau bbm non subsidi naik. Iya emang karena BI menaikkan suku bun...
senjakalama,BI,ORGANIZATION,@reynadefiip Menguat nggak ngaruh kalau bbm non subsidi naik. Iya emang karena BI menaikkan suku bun...
senjakalama,FED,ORGANIZATION,@reynadefiip Menguat nggak ngaruh kalau bbm non subsidi naik. Iya emang karena BI menaikkan suku bun...
Jateng_Twit,Terbaru,LOCATION,"Siap2 Pertalite dan Bio Solar

Semua nunggu waktu saja 🙏🏼

Harga Terbaru BBM Non Subsidi Terbaru, te..."
Jateng_Twit,Pertamax,PRODUCT,"Siap2 Pertalite dan Bio Solar

Semua nunggu waktu saja 🙏🏼

Harga Terbaru BBM Non Subsidi Terbaru, te..."
Jateng_Twit,Pertalite,PRODUCT,"Siap2 Pertalite dan Bio Solar

Semua nunggu waktu saja 🙏🏼

Harga Terbaru BBM Non Subsidi Terbaru, te..."
Jateng_Twit,Solar,PRODUCT,"Siap2 Pertalite dan Bio Solar

Semua nunggu waktu saja 🙏🏼

Harga Terbaru BBM Non Subsidi Terbaru, te..."
Jateng_Twit,Pertamax Green,PRODUCT,"Siap2 Pertalite dan Bio Solar

Semua nunggu waktu saja 🙏🏼

Harga Terbaru BBM Non Subsidi Terbaru, te..."
Jateng_Twit,Bbm,PRODUCT,"Siap2 Pertalite dan Bio Solar

Semua nunggu waktu saja 🙏🏼

Harga Terbaru BBM Non Subsidi Terbaru, te..."
Jateng_Twit,BBM,PRODUCT,"Siap2 Pertalite dan Bio Solar

Semua nunggu waktu saja 🙏🏼

Harga Terbaru BBM Non Subsidi Terbaru, te..."
abouttng,Rp16.250,MONEY,"⛽ Update Harga BBM Pertamina per 10 Juni 2026

PT Pertamina (Persero) resmi menyesuaikan harga BBM n..."
abouttng,Rp3.950,MONEY,"⛽ Update Harga BBM Pertamina per 10 Juni 2026

PT Pertamina (Persero) resmi menyesuaikan harga BBM n..."
abouttng,Rp,LOCATION,"⛽ Update Harga BBM Pertamina per 10 Juni 2026

PT Pertamina (Persero) resmi menyesuaikan harga BBM n..."
abouttng,Pertamax,PRODUCT,"⛽ Update Harga BBM Pertamina per 10 Juni 2026

PT Pertamina (Persero) resmi menyesuaikan harga BBM n..."
abouttng,Pertamax Green,PRODUCT,"⛽ Update Harga BBM Pertamina per 10 Juni 2026

PT Pertamina (Persero) resmi menyesuaikan harga BBM n..."
abouttng,Bbm,PRODUCT,"⛽ Update Harga BBM Pertamina per 10 Juni 2026

PT Pertamina (Persero) resmi menyesuaikan harga BBM n..."
abouttng,Pertamina,ORGANIZATION,"⛽ Update Harga BBM Pertamina per 10 Juni 2026

PT Pertamina (Persero) resmi menyesuaikan harga BBM n..."
abouttng,BBM,PRODUCT,"⛽ Update Harga BBM Pertamina per 10 Juni 2026

PT Pertamina (Persero) resmi menyesuaikan harga BBM n..."
abouttng,PT,ORGANIZATION,"⛽ Update Harga BBM Pertamina per 10 Juni 2026

PT Pertamina (Persero) resmi menyesuaikan harga BBM n..."
abouttng,RON,ORGANIZATION,"⛽ Update Harga BBM Pertamina per 10 Juni 2026

PT Pertamina (Persero) resmi menyesuaikan harga BBM n..."
PRFMnews,Rp12.300,MONEY,"Pertamina  mengumumkan kenaikan harga BBM jenis Pertamax dan Pertamax Green mulai 10 Juni 2026.

ula..."
PRFMnews,Rp16.250,MONEY,"Pertamina  mengumumkan kenaikan harga BBM jenis Pertamax dan Pertamax Green mulai 10 Juni 2026.

ula..."
PRFMnews,Rp12.900,MONEY,"Pertamina  mengumumkan kenaikan harga BBM jenis Pertamax dan Pertamax Green mulai 10 Juni 2026.

ula..."
PRFMnews,Rp17.000,MONEY,"Pertamina  mengumumkan kenaikan harga BBM jenis Pertamax dan Pertamax Green mulai 10 Juni 2026.

ula..."
PRFMnews,Pertamax,LOCATION,"Pertamina  mengumumkan kenaikan harga BBM jenis Pertamax dan Pertamax Green mulai 10 Juni 2026.

ula..."
PRFMnews,Rp,LOCATION,"Pertamina  mengumumkan kenaikan harga BBM jenis Pertamax dan Pertamax Green mulai 10 Juni 2026.

ula..."
PRFMnews,Pertamax,PRODUCT,"Pertamina  mengumumkan kenaikan harga BBM jenis Pertamax dan Pertamax Green mulai 10 Juni 2026.

ula..."
PRFMnews,Pertamax Green,PRODUCT,"Pertamina  mengumumkan kenaikan harga BBM jenis Pertamax dan Pertamax Green mulai 10 Juni 2026.

ula..."
PRFMnews,Bbm,PRODUCT,"Pertamina  mengumumkan kenaikan harga BBM jenis Pertamax dan Pertamax Green mulai 10 Juni 2026.

ula..."
PRFMnews,Pertamina,ORGANIZATION,"Pertamina  mengumumkan kenaikan harga BBM jenis Pertamax dan Pertamax Green mulai 10 Juni 2026.

ula..."
PRFMnews,BBM,PRODUCT,"Pertamina  mengumumkan kenaikan harga BBM jenis Pertamax dan Pertamax Green mulai 10 Juni 2026.

ula..."
JakartaForum,"Rp12.300,",MONEY,PT Pertamina menyesuaian harga BBM non subsidi untuk Pertamax dan Pertamax Green per hari ini Rabu (...
JakartaForum,Rp16.250,MONEY,PT Pertamina menyesuaian harga BBM non subsidi untuk Pertamax dan Pertamax Green per hari ini Rabu (...
JakartaForum,Rp12.900,MONEY,PT Pertamina menyesuaian harga BBM non subsidi untuk Pertamax dan Pertamax Green per hari ini Rabu (...
JakartaForum,Rp,LOCATION,PT Pertamina menyesuaian harga BBM non subsidi untuk Pertamax dan Pertamax Green per hari ini Rabu (...
JakartaForum,Pertamax,PRODUCT,PT Pertamina menyesuaian harga BBM non subsidi untuk Pertamax dan Pertamax Green per hari ini Rabu (...
JakartaForum,Pertamax Green,PRODUCT,PT Pertamina menyesuaian harga BBM non subsidi untuk Pertamax dan Pertamax Green per hari ini Rabu (...
JakartaForum,Bbm,PRODUCT,PT Pertamina menyesuaian harga BBM non subsidi untuk Pertamax dan Pertamax Green per hari ini Rabu (...
JakartaForum,Pertamina,ORGANIZATION,PT Pertamina menyesuaian harga BBM non subsidi untuk Pertamax dan Pertamax Green per hari ini Rabu (...
JakartaForum,PT,ORGANIZATION,PT Pertamina menyesuaian harga BBM non subsidi untuk Pertamax dan Pertamax Green per hari ini Rabu (...
JakartaForum,BBM,PRODUCT,PT Pertamina menyesuaian harga BBM non subsidi untuk Pertamax dan Pertamax Green per hari ini Rabu (...
JakartaForum,RON,ORGANIZATION,PT Pertamina menyesuaian harga BBM non subsidi untuk Pertamax dan Pertamax Green per hari ini Rabu (...
PaceCrypto,Bullish,LOCATION,"Pertamax naik = Pemerintah RI mulai proper dalam mengatur kebijakan harga BBM non subsidi

Bullish, ..."
PaceCrypto,Pertamax,PRODUCT,"Pertamax naik = Pemerintah RI mulai proper dalam mengatur kebijakan harga BBM non subsidi

Bullish, ..."
PaceCrypto,Bbm,PRODUCT,"Pertamax naik = Pemerintah RI mulai proper dalam mengatur kebijakan harga BBM non subsidi

Bullish, ..."
PaceCrypto,RI,ORGANIZATION,"Pertamax naik = Pemerintah RI mulai proper dalam mengatur kebijakan harga BBM non subsidi

Bullish, ..."
PaceCrypto,BBM,PRODUCT,"Pertamax naik = Pemerintah RI mulai proper dalam mengatur kebijakan harga BBM non subsidi

Bullish, ..."
Tony_Crosz,Rp16.250,MONEY,Pertamina Patra Niaga resmi melakukan penyesuaian harga BBM non-subsidi Pertamax dan Pertamax Green....
Tony_Crosz,Pertamax,LOCATION,Pertamina Patra Niaga resmi melakukan penyesuaian harga BBM non-subsidi Pertamax dan Pertamax Green....
Tony_Crosz,Rp,LOCATION,Pertamina Patra Niaga resmi melakukan penyesuaian harga BBM non-subsidi Pertamax dan Pertamax Green....
Tony_Crosz,Pertamax,PRODUCT,Pertamina Patra Niaga resmi melakukan penyesuaian harga BBM non-subsidi Pertamax dan Pertamax Green....
Tony_Crosz,Pertamax Green,PRODUCT,Pertamina Patra Niaga resmi melakukan penyesuaian harga BBM non-subsidi Pertamax dan Pertamax Green....
Tony_Crosz,Bbm,PRODUCT,Pertamina Patra Niaga resmi melakukan penyesuaian harga BBM non-subsidi Pertamax dan Pertamax Green....
Tony_Crosz,Pertamina,ORGANIZATION,Pertamina Patra Niaga resmi melakukan penyesuaian harga BBM non-subsidi Pertamax dan Pertamax Green....
Tony_Crosz,BBM,PRODUCT,Pertamina Patra Niaga resmi melakukan penyesuaian harga BBM non-subsidi Pertamax dan Pertamax Green....
Tony_Crosz,RON,ORGANIZATION,Pertamina Patra Niaga resmi melakukan penyesuaian harga BBM non-subsidi Pertamax dan Pertamax Green....
han_dycam,Timteng,LOCATION,Sebetulnya kenaikan harga Pertamax dan BBM non-subsidi lainnya cukup wajar kalo mengingat harga miny...
han_dycam,Pertamax,PRODUCT,Sebetulnya kenaikan harga Pertamax dan BBM non-subsidi lainnya cukup wajar kalo mengingat harga miny...
han_dycam,Bbm,PRODUCT,Sebetulnya kenaikan harga Pertamax dan BBM non-subsidi lainnya cukup wajar kalo mengingat harga miny...
han_dycam,Minyak Mentah,PRODUCT,Sebetulnya kenaikan harga Pertamax dan BBM non-subsidi lainnya cukup wajar kalo mengingat harga miny...
han_dycam,BBM,PRODUCT,Sebetulnya kenaikan harga Pertamax dan BBM non-subsidi lainnya cukup wajar kalo mengingat harga miny...
ry4nn_,Bbm,PRODUCT,"Nah kan.. karena harga makin mahal, akhirnya ga bisa ditahan lagi kudu naik harga bbm non subsidi. T..."
esdeathxz,Bbm,PRODUCT,"Tidak kaget &amp; udah diprediksi dari awal kan.
Efek pelemahan rupiah yg berlangsung lama baka memb..."
esdeathxz,BBM,PRODUCT,"Tidak kaget &amp; udah diprediksi dari awal kan.
Efek pelemahan rupiah yg berlangsung lama baka memb..."
esdeathxz,IHSG,ORGANIZATION,"Tidak kaget &amp; udah diprediksi dari awal kan.
Efek pelemahan rupiah yg berlangsung lama baka memb..."
esdeathxz,PHK,ORGANIZATION,"Tidak kaget &amp; udah diprediksi dari awal kan.
Efek pelemahan rupiah yg berlangsung lama baka memb..."
RadioElshinta,BI,ORGANIZATION,"Tingginya harga dolar mulai dirasakan dampaknya, setelah kenaikan BI rate menjadi 5,50 bps, mulai ha..."
alfariz861,Pertamax,PRODUCT,@indepenSumatera Dari awal BBM non subsidi kan ngikuti pasar minyak dunia. Selama pertalite belum na...
alfariz861,Pertalite,PRODUCT,@indepenSumatera Dari awal BBM non subsidi kan ngikuti pasar minyak dunia. Selama pertalite belum na...
alfariz861,Bbm,PRODUCT,@indepenSumatera Dari awal BBM non subsidi kan ngikuti pasar minyak dunia. Selama pertalite belum na...
alfariz861,BBM,PRODUCT,@indepenSumatera Dari awal BBM non subsidi kan ngikuti pasar minyak dunia. Selama pertalite belum na...
ndorokakung,Rp12.300,MONEY,"Mulai hari ini, 10 Juni 2026, harga BBM non-subsidi Pertamax (RON 92) naik dari Rp12.300 menjadi Rp1..."
ndorokakung,Rp16.250,MONEY,"Mulai hari ini, 10 Juni 2026, harga BBM non-subsidi Pertamax (RON 92) naik dari Rp12.300 menjadi Rp1..."
ndorokakung,Rp12.900,MONEY,"Mulai hari ini, 10 Juni 2026, harga BBM non-subsidi Pertamax (RON 92) naik dari Rp12.300 menjadi Rp1..."
ndorokakung,Rp17.000,MONEY,"Mulai hari ini, 10 Juni 2026, harga BBM non-subsidi Pertamax (RON 92) naik dari Rp12.300 menjadi Rp1..."
ndorokakung,Pertamax,LOCATION,"Mulai hari ini, 10 Juni 2026, harga BBM non-subsidi Pertamax (RON 92) naik dari Rp12.300 menjadi Rp1..."
ndorokakung,Rp,LOCATION,"Mulai hari ini, 10 Juni 2026, harga BBM non-subsidi Pertamax (RON 92) naik dari Rp12.300 menjadi Rp1..."
ndorokakung,Pertamax,PRODUCT,"Mulai hari ini, 10 Juni 2026, harga BBM non-subsidi Pertamax (RON 92) naik dari Rp12.300 menjadi Rp1..."
ndorokakung,Pertamax Green,PRODUCT,"Mulai hari ini, 10 Juni 2026, harga BBM non-subsidi Pertamax (RON 92) naik dari Rp12.300 menjadi Rp1..."
ndorokakung,Bbm,PRODUCT,"Mulai hari ini, 10 Juni 2026, harga BBM non-subsidi Pertamax (RON 92) naik dari Rp12.300 menjadi Rp1..."
ndorokakung,BBM,PRODUCT,"Mulai hari ini, 10 Juni 2026, harga BBM non-subsidi Pertamax (RON 92) naik dari Rp12.300 menjadi Rp1..."
ndorokakung,RON,ORGANIZATION,"Mulai hari ini, 10 Juni 2026, harga BBM non-subsidi Pertamax (RON 92) naik dari Rp12.300 menjadi Rp1..."
ndrer,Bbm,PRODUCT,"Harga BBM non-subsidi naik.
Harga barang impor naik karena dolar naik.
Banyak SPPG distop pembayaran..."
ndrer,BBM,PRODUCT,"Harga BBM non-subsidi naik.
Harga barang impor naik karena dolar naik.
Banyak SPPG distop pembayaran..."
ndrer,SPPG,ORGANIZATION,"Harga BBM non-subsidi naik.
Harga barang impor naik karena dolar naik.
Banyak SPPG distop pembayaran..."
ndrer,PPPK,ORGANIZATION,"Harga BBM non-subsidi naik.
Harga barang impor naik karena dolar naik.
Banyak SPPG distop pembayaran..."
Tangankanancuan,Pertamax,PRODUCT,"BERITA HOT BBM PERTAMINA NAIK.
SIAP-SIAP! HARGA PERTAMAX MELOMPAT JAUH HARI INI 🚨

Jangan kaget pas ..."
Tangankanancuan,Bbm,PRODUCT,"BERITA HOT BBM PERTAMINA NAIK.
SIAP-SIAP! HARGA PERTAMAX MELOMPAT JAUH HARI INI 🚨

Jangan kaget pas ..."
Tangankanancuan,Pertamina,ORGANIZATION,"BERITA HOT BBM PERTAMINA NAIK.
SIAP-SIAP! HARGA PERTAMAX MELOMPAT JAUH HARI INI 🚨

Jangan kaget pas ..."
Tangankanancuan,BERITA,ORGANIZATION,"BERITA HOT BBM PERTAMINA NAIK.
SIAP-SIAP! HARGA PERTAMAX MELOMPAT JAUH HARI INI 🚨

Jangan kaget pas ..."
Tangankanancuan,HOT,ORGANIZATION,"BERITA HOT BBM PERTAMINA NAIK.
SIAP-SIAP! HARGA PERTAMAX MELOMPAT JAUH HARI INI 🚨

Jangan kaget pas ..."
Tangankanancuan,BBM,PRODUCT,"BERITA HOT BBM PERTAMINA NAIK.
SIAP-SIAP! HARGA PERTAMAX MELOMPAT JAUH HARI INI 🚨

Jangan kaget pas ..."
Tangankanancuan,PERTAMINA,ORGANIZATION,"BERITA HOT BBM PERTAMINA NAIK.
SIAP-SIAP! HARGA PERTAMAX MELOMPAT JAUH HARI INI 🚨

Jangan kaget pas ..."
Tangankanancuan,NAIK,ORGANIZATION,"BERITA HOT BBM PERTAMINA NAIK.
SIAP-SIAP! HARGA PERTAMAX MELOMPAT JAUH HARI INI 🚨

Jangan kaget pas ..."
Tangankanancuan,SIAP,ORGANIZATION,"BERITA HOT BBM PERTAMINA NAIK.
SIAP-SIAP! HARGA PERTAMAX MELOMPAT JAUH HARI INI 🚨

Jangan kaget pas ..."
Tangankanancuan,HARGA,ORGANIZATION,"BERITA HOT BBM PERTAMINA NAIK.
SIAP-SIAP! HARGA PERTAMAX MELOMPAT JAUH HARI INI 🚨

Jangan kaget pas ..."
Tangankanancuan,PERTAMAX,ORGANIZATION,"BERITA HOT BBM PERTAMINA NAIK.
SIAP-SIAP! HARGA PERTAMAX MELOMPAT JAUH HARI INI 🚨

Jangan kaget pas ..."
Tangankanancuan,MELOMPAT,ORGANIZATION,"BERITA HOT BBM PERTAMINA NAIK.
SIAP-SIAP! HARGA PERTAMAX MELOMPAT JAUH HARI INI 🚨

Jangan kaget pas ..."
Tangankanancuan,JAUH,ORGANIZATION,"BERITA HOT BBM PERTAMINA NAIK.
SIAP-SIAP! HARGA PERTAMAX MELOMPAT JAUH HARI INI 🚨

Jangan kaget pas ..."
Tangankanancuan,HARI,ORGANIZATION,"BERITA HOT BBM PERTAMINA NAIK.
SIAP-SIAP! HARGA PERTAMAX MELOMPAT JAUH HARI INI 🚨

Jangan kaget pas ..."
Tangankanancuan,INI,ORGANIZATION,"BERITA HOT BBM PERTAMINA NAIK.
SIAP-SIAP! HARGA PERTAMAX MELOMPAT JAUH HARI INI 🚨

Jangan kaget pas ..."
Tangankanancuan,SPBU,PRODUCT,"BERITA HOT BBM PERTAMINA NAIK.
SIAP-SIAP! HARGA PERTAMAX MELOMPAT JAUH HARI INI 🚨

Jangan kaget pas ..."
NeoHideyoshi,Pertamax,PRODUCT,"Syukurlah pas Balik dari perjalanan 2 hari lalu ngisi full Pertamax dan tadi malam sudah naik 😏. 

O..."
NeoHideyoshi,Bbm,PRODUCT,"Syukurlah pas Balik dari perjalanan 2 hari lalu ngisi full Pertamax dan tadi malam sudah naik 😏. 

O..."
NeoHideyoshi,BBM,PRODUCT,"Syukurlah pas Balik dari perjalanan 2 hari lalu ngisi full Pertamax dan tadi malam sudah naik 😏. 

O..."
karirfess,Rp16.250,MONEY,"""Pertamax naik ga ngaruh juga kali.. kehidupan kita, orang itu BBM nya orang kaya""

Teruntuk kamu yg..."
karirfess,Rp,LOCATION,"""Pertamax naik ga ngaruh juga kali.. kehidupan kita, orang itu BBM nya orang kaya""

Teruntuk kamu yg..."
karirfess,"Seluruh Lapisan Masyarakat

Harga Pertamax",LOCATION,"""Pertamax naik ga ngaruh juga kali.. kehidupan kita, orang itu BBM nya orang kaya""

Teruntuk kamu yg..."
karirfess,Pertamax,PRODUCT,"""Pertamax naik ga ngaruh juga kali.. kehidupan kita, orang itu BBM nya orang kaya""

Teruntuk kamu yg..."
karirfess,Bbm,PRODUCT,"""Pertamax naik ga ngaruh juga kali.. kehidupan kita, orang itu BBM nya orang kaya""

Teruntuk kamu yg..."
karirfess,BBM,PRODUCT,"""Pertamax naik ga ngaruh juga kali.. kehidupan kita, orang itu BBM nya orang kaya""

Teruntuk kamu yg..."
karirfess,RON,ORGANIZATION,"""Pertamax naik ga ngaruh juga kali.. kehidupan kita, orang itu BBM nya orang kaya""

Teruntuk kamu yg..."
Enimarf,Rp16.250,MONEY,"Resmi! Harga BBM Pertamax Naik Jadi Rp 16.250/Liter Mulai 10 Juni 2026

 Dengan perubahan harga pada..."
Enimarf,Rp,LOCATION,"Resmi! Harga BBM Pertamax Naik Jadi Rp 16.250/Liter Mulai 10 Juni 2026

 Dengan perubahan harga pada..."
Enimarf,Pertamina,LOCATION,"Resmi! Harga BBM Pertamax Naik Jadi Rp 16.250/Liter Mulai 10 Juni 2026

 Dengan perubahan harga pada..."
Enimarf,Pertamax,PRODUCT,"Resmi! Harga BBM Pertamax Naik Jadi Rp 16.250/Liter Mulai 10 Juni 2026

 Dengan perubahan harga pada..."
Enimarf,Bbm,PRODUCT,"Resmi! Harga BBM Pertamax Naik Jadi Rp 16.250/Liter Mulai 10 Juni 2026

 Dengan perubahan harga pada..."
Enimarf,Pertamina,ORGANIZATION,"Resmi! Harga BBM Pertamax Naik Jadi Rp 16.250/Liter Mulai 10 Juni 2026

 Dengan perubahan harga pada..."
Enimarf,BBM,PRODUCT,"Resmi! Harga BBM Pertamax Naik Jadi Rp 16.250/Liter Mulai 10 Juni 2026

 Dengan perubahan harga pada..."
antropolohis,Bbm,PRODUCT,@Brokenbtch2 Ternyata BBM non-subsidi juga naik 😂 berhasil gess pengalihan isunya...
antropolohis,BBM,PRODUCT,@Brokenbtch2 Ternyata BBM non-subsidi juga naik 😂 berhasil gess pengalihan isunya...
icharis,Rp16.250,MONEY,"Bangun tidur pagi ini berasa langsung dapet nightmare. Baru melek, buka berita, dan BOOM: Pertamax r..."
icharis,Rp,LOCATION,"Bangun tidur pagi ini berasa langsung dapet nightmare. Baru melek, buka berita, dan BOOM: Pertamax r..."
icharis,Pertamax,PRODUCT,"Bangun tidur pagi ini berasa langsung dapet nightmare. Baru melek, buka berita, dan BOOM: Pertamax r..."
icharis,BOOM,ORGANIZATION,"Bangun tidur pagi ini berasa langsung dapet nightmare. Baru melek, buka berita, dan BOOM: Pertamax r..."
RadioElshinta,BPS,ORGANIZATION,"Setelah kemarin BI rate naik menjadi 5,50 BPS, mulai hari ini harga BBM non subsidi jenis Pertamax (..."
SerieA_Lawas,Pertamax,PRODUCT,"Breaking news!! 

PT. Pertamina Patra Niaga melakukan penyesuaian harga BBM Non Subsidi. 

Pertamax ..."
SerieA_Lawas,Pertamax Green,PRODUCT,"Breaking news!! 

PT. Pertamina Patra Niaga melakukan penyesuaian harga BBM Non Subsidi. 

Pertamax ..."
SerieA_Lawas,Bbm,PRODUCT,"Breaking news!! 

PT. Pertamina Patra Niaga melakukan penyesuaian harga BBM Non Subsidi. 

Pertamax ..."
SerieA_Lawas,Pertamina,ORGANIZATION,"Breaking news!! 

PT. Pertamina Patra Niaga melakukan penyesuaian harga BBM Non Subsidi. 

Pertamax ..."
SerieA_Lawas,Prabowo,PERSON,"Breaking news!! 

PT. Pertamina Patra Niaga melakukan penyesuaian harga BBM Non Subsidi. 

Pertamax ..."
SerieA_Lawas,PT,ORGANIZATION,"Breaking news!! 

PT. Pertamina Patra Niaga melakukan penyesuaian harga BBM Non Subsidi. 

Pertamax ..."
SerieA_Lawas,BBM,PRODUCT,"Breaking news!! 

PT. Pertamina Patra Niaga melakukan penyesuaian harga BBM Non Subsidi. 

Pertamax ..."
kumparan,Rp12.300,MONEY,Pertamina Patra Niaga menaikkan harga BBM non-subsidi jenis Pertamax dan Pertamax Green mulai 10 Jun...
kumparan,Rp16.250,MONEY,Pertamina Patra Niaga menaikkan harga BBM non-subsidi jenis Pertamax dan Pertamax Green mulai 10 Jun...
kumparan,Rp12.900,MONEY,Pertamina Patra Niaga menaikkan harga BBM non-subsidi jenis Pertamax dan Pertamax Green mulai 10 Jun...
kumparan,Rp17.000,MONEY,Pertamina Patra Niaga menaikkan harga BBM non-subsidi jenis Pertamax dan Pertamax Green mulai 10 Jun...
kumparan,Rp,LOCATION,Pertamina Patra Niaga menaikkan harga BBM non-subsidi jenis Pertamax dan Pertamax Green mulai 10 Jun...
kumparan,Pertamax,PRODUCT,Pertamina Patra Niaga menaikkan harga BBM non-subsidi jenis Pertamax dan Pertamax Green mulai 10 Jun...
kumparan,Pertamax Green,PRODUCT,Pertamina Patra Niaga menaikkan harga BBM non-subsidi jenis Pertamax dan Pertamax Green mulai 10 Jun...
kumparan,Bbm,PRODUCT,Pertamina Patra Niaga menaikkan harga BBM non-subsidi jenis Pertamax dan Pertamax Green mulai 10 Jun...
kumparan,Pertamina,ORGANIZATION,Pertamina Patra Niaga menaikkan harga BBM non-subsidi jenis Pertamax dan Pertamax Green mulai 10 Jun...
kumparan,BBM,PRODUCT,Pertamina Patra Niaga menaikkan harga BBM non-subsidi jenis Pertamax dan Pertamax Green mulai 10 Jun...
kumparan,RON,ORGANIZATION,Pertamina Patra Niaga menaikkan harga BBM non-subsidi jenis Pertamax dan Pertamax Green mulai 10 Jun...
SiPalingDepok,Rp12.300,MONEY,"Bangun tidur ada berita Pertamina menaikkan harga BBM non subsidi Pertamax dan Pertamax Green😱😱

Per..."
SiPalingDepok,Rp16.250,MONEY,"Bangun tidur ada berita Pertamina menaikkan harga BBM non subsidi Pertamax dan Pertamax Green😱😱

Per..."
SiPalingDepok,Rp17.000,MONEY,"Bangun tidur ada berita Pertamina menaikkan harga BBM non subsidi Pertamax dan Pertamax Green😱😱

Per..."
SiPalingDepok,Rp12.900,MONEY,"Bangun tidur ada berita Pertamina menaikkan harga BBM non subsidi Pertamax dan Pertamax Green😱😱

Per..."
SiPalingDepok,Pertamax,LOCATION,"Bangun tidur ada berita Pertamina menaikkan harga BBM non subsidi Pertamax dan Pertamax Green😱😱

Per..."
SiPalingDepok,Rp,LOCATION,"Bangun tidur ada berita Pertamina menaikkan harga BBM non subsidi Pertamax dan Pertamax Green😱😱

Per..."
SiPalingDepok,Pertamax,PRODUCT,"Bangun tidur ada berita Pertamina menaikkan harga BBM non subsidi Pertamax dan Pertamax Green😱😱

Per..."
SiPalingDepok,Pertamax Green,PRODUCT,"Bangun tidur ada berita Pertamina menaikkan harga BBM non subsidi Pertamax dan Pertamax Green😱😱

Per..."
SiPalingDepok,Bbm,PRODUCT,"Bangun tidur ada berita Pertamina menaikkan harga BBM non subsidi Pertamax dan Pertamax Green😱😱

Per..."
SiPalingDepok,Pertamina,ORGANIZATION,"Bangun tidur ada berita Pertamina menaikkan harga BBM non subsidi Pertamax dan Pertamax Green😱😱

Per..."
SiPalingDepok,BBM,PRODUCT,"Bangun tidur ada berita Pertamina menaikkan harga BBM non subsidi Pertamax dan Pertamax Green😱😱

Per..."
SiPalingDepok,PAM,ORGANIZATION,"Bangun tidur ada berita Pertamina menaikkan harga BBM non subsidi Pertamax dan Pertamax Green😱😱

Per..."
nellyaul,Bbm,PRODUCT,"Ini tuh bukan perkara yang naik cuma BBM non subsidi. Tapi seperti yang kita tahu, kalau harga udah ..."
nellyaul,BBM,PRODUCT,"Ini tuh bukan perkara yang naik cuma BBM non subsidi. Tapi seperti yang kita tahu, kalau harga udah ..."
sharpandshark,Bbm,PRODUCT,Solusi alternatif untuk menghemat isi dompet dari tingginya biaya BBM non-subsidi dalam jangka pende...
sharpandshark,BBM,PRODUCT,Solusi alternatif untuk menghemat isi dompet dari tingginya biaya BBM non-subsidi dalam jangka pende...
sharpandshark,KRL,ORGANIZATION,Solusi alternatif untuk menghemat isi dompet dari tingginya biaya BBM non-subsidi dalam jangka pende...
sharpandshark,MRT,ORGANIZATION,Solusi alternatif untuk menghemat isi dompet dari tingginya biaya BBM non-subsidi dalam jangka pende...
sharpandshark,LRT,ORGANIZATION,Solusi alternatif untuk menghemat isi dompet dari tingginya biaya BBM non-subsidi dalam jangka pende...
IPBbercanda,Bbm,PRODUCT,"gaes katanya bbm non subsidi naik cuma wilyaha jabodetabek, Wilayah banten naik gak pertamaxnya? gw ..."
IPBbercanda,UTS,ORGANIZATION,"gaes katanya bbm non subsidi naik cuma wilyaha jabodetabek, Wilayah banten naik gak pertamaxnya? gw ..."
sentasticker,Bbm,PRODUCT,good morning🥰 bbm non subsidi udah naik🥰 siapa bilang rakyat ga pake dollar🥰siap siap abis ini bahan...
YogyakartaCity,Rp16.250,MONEY,"PT Pertamina resmi menaikkan harga BBM non subsidi Pertamax (RON 92) mulai Rabu, 10 Juni 2026. Berda..."
YogyakartaCity,Rp12.300,MONEY,"PT Pertamina resmi menaikkan harga BBM non subsidi Pertamax (RON 92) mulai Rabu, 10 Juni 2026. Berda..."
YogyakartaCity,Pertamax,LOCATION,"PT Pertamina resmi menaikkan harga BBM non subsidi Pertamax (RON 92) mulai Rabu, 10 Juni 2026. Berda..."
YogyakartaCity,Pertamax,PRODUCT,"PT Pertamina resmi menaikkan harga BBM non subsidi Pertamax (RON 92) mulai Rabu, 10 Juni 2026. Berda..."
YogyakartaCity,Bbm,PRODUCT,"PT Pertamina resmi menaikkan harga BBM non subsidi Pertamax (RON 92) mulai Rabu, 10 Juni 2026. Berda..."
YogyakartaCity,Jakarta,LOCATION,"PT Pertamina resmi menaikkan harga BBM non subsidi Pertamax (RON 92) mulai Rabu, 10 Juni 2026. Berda..."
YogyakartaCity,Pertamina,ORGANIZATION,"PT Pertamina resmi menaikkan harga BBM non subsidi Pertamax (RON 92) mulai Rabu, 10 Juni 2026. Berda..."
YogyakartaCity,PT,ORGANIZATION,"PT Pertamina resmi menaikkan harga BBM non subsidi Pertamax (RON 92) mulai Rabu, 10 Juni 2026. Berda..."
YogyakartaCity,BBM,PRODUCT,"PT Pertamina resmi menaikkan harga BBM non subsidi Pertamax (RON 92) mulai Rabu, 10 Juni 2026. Berda..."
YogyakartaCity,RON,ORGANIZATION,"PT Pertamina resmi menaikkan harga BBM non subsidi Pertamax (RON 92) mulai Rabu, 10 Juni 2026. Berda..."
YogyakartaCity,DKI,ORGANIZATION,"PT Pertamina resmi menaikkan harga BBM non subsidi Pertamax (RON 92) mulai Rabu, 10 Juni 2026. Berda..."
sharpandshark,Rp16.250,MONEY,Kenaikan harga BBM non-subsidi per 10 Juni 2026 memang cukup signifikan. Harga Pertamax (RON 92) mel...
sharpandshark,Rp12.300,MONEY,Kenaikan harga BBM non-subsidi per 10 Juni 2026 memang cukup signifikan. Harga Pertamax (RON 92) mel...
sharpandshark,Rp17.000,MONEY,Kenaikan harga BBM non-subsidi per 10 Juni 2026 memang cukup signifikan. Harga Pertamax (RON 92) mel...
sharpandshark,Rp12.900,MONEY,Kenaikan harga BBM non-subsidi per 10 Juni 2026 memang cukup signifikan. Harga Pertamax (RON 92) mel...
sharpandshark,Rp,LOCATION,Kenaikan harga BBM non-subsidi per 10 Juni 2026 memang cukup signifikan. Harga Pertamax (RON 92) mel...
sharpandshark,Pertamax,PRODUCT,Kenaikan harga BBM non-subsidi per 10 Juni 2026 memang cukup signifikan. Harga Pertamax (RON 92) mel...
sharpandshark,Pertamax Green,PRODUCT,Kenaikan harga BBM non-subsidi per 10 Juni 2026 memang cukup signifikan. Harga Pertamax (RON 92) mel...
sharpandshark,RON,ORGANIZATION,Kenaikan harga BBM non-subsidi per 10 Juni 2026 memang cukup signifikan. Harga Pertamax (RON 92) mel...
diplomatsehat,Bbm,PRODUCT,"Selamat pagi Morning Person 

Hari ini, Rabu 10 Juni resmi BBM non-subsidi naik. https://t.co/cYHSRd..."
diplomatsehat,BBM,PRODUCT,"Selamat pagi Morning Person 

Hari ini, Rabu 10 Juni resmi BBM non-subsidi naik. https://t.co/cYHSRd..."
Hidupsebagai62,RP3.950,MONEY,"BREAKING NEWS !!!
HARGA PERTAMAX MELEDAK! 
NAIK RP 3.950 DALAM SEMALAM
ATAU SEKITAR 32.1% CUY !!!

E..."
Hidupsebagai62,Rp3.950,MONEY,"BREAKING NEWS !!!
HARGA PERTAMAX MELEDAK! 
NAIK RP 3.950 DALAM SEMALAM
ATAU SEKITAR 32.1% CUY !!!

E..."
Hidupsebagai62,Rp12.300,MONEY,"BREAKING NEWS !!!
HARGA PERTAMAX MELEDAK! 
NAIK RP 3.950 DALAM SEMALAM
ATAU SEKITAR 32.1% CUY !!!

E..."
Hidupsebagai62,Rp,LOCATION,"BREAKING NEWS !!!
HARGA PERTAMAX MELEDAK! 
NAIK RP 3.950 DALAM SEMALAM
ATAU SEKITAR 32.1% CUY !!!

E..."
Hidupsebagai62,Pertamax,PRODUCT,"BREAKING NEWS !!!
HARGA PERTAMAX MELEDAK! 
NAIK RP 3.950 DALAM SEMALAM
ATAU SEKITAR 32.1% CUY !!!

E..."
Hidupsebagai62,BREAKING,ORGANIZATION,"BREAKING NEWS !!!
HARGA PERTAMAX MELEDAK! 
NAIK RP 3.950 DALAM SEMALAM
ATAU SEKITAR 32.1% CUY !!!

E..."
Hidupsebagai62,NEWS,ORGANIZATION,"BREAKING NEWS !!!
HARGA PERTAMAX MELEDAK! 
NAIK RP 3.950 DALAM SEMALAM
ATAU SEKITAR 32.1% CUY !!!

E..."
Hidupsebagai62,HARGA,ORGANIZATION,"BREAKING NEWS !!!
HARGA PERTAMAX MELEDAK! 
NAIK RP 3.950 DALAM SEMALAM
ATAU SEKITAR 32.1% CUY !!!

E..."
Hidupsebagai62,PERTAMAX,ORGANIZATION,"BREAKING NEWS !!!
HARGA PERTAMAX MELEDAK! 
NAIK RP 3.950 DALAM SEMALAM
ATAU SEKITAR 32.1% CUY !!!

E..."
Hidupsebagai62,MELEDAK,ORGANIZATION,"BREAKING NEWS !!!
HARGA PERTAMAX MELEDAK! 
NAIK RP 3.950 DALAM SEMALAM
ATAU SEKITAR 32.1% CUY !!!

E..."
Hidupsebagai62,RP,ORGANIZATION,"BREAKING NEWS !!!
HARGA PERTAMAX MELEDAK! 
NAIK RP 3.950 DALAM SEMALAM
ATAU SEKITAR 32.1% CUY !!!

E..."
Hidupsebagai62,DALAM,ORGANIZATION,"BREAKING NEWS !!!
HARGA PERTAMAX MELEDAK! 
NAIK RP 3.950 DALAM SEMALAM
ATAU SEKITAR 32.1% CUY !!!

E..."
Hidupsebagai62,SEMALAM,ORGANIZATION,"BREAKING NEWS !!!
HARGA PERTAMAX MELEDAK! 
NAIK RP 3.950 DALAM SEMALAM
ATAU SEKITAR 32.1% CUY !!!

E..."
Hidupsebagai62,ATAU,ORGANIZATION,"BREAKING NEWS !!!
HARGA PERTAMAX MELEDAK! 
NAIK RP 3.950 DALAM SEMALAM
ATAU SEKITAR 32.1% CUY !!!

E..."
Hidupsebagai62,SEKITAR,ORGANIZATION,"BREAKING NEWS !!!
HARGA PERTAMAX MELEDAK! 
NAIK RP 3.950 DALAM SEMALAM
ATAU SEKITAR 32.1% CUY !!!

E..."
Hidupsebagai62,CUY,ORGANIZATION,"BREAKING NEWS !!!
HARGA PERTAMAX MELEDAK! 
NAIK RP 3.950 DALAM SEMALAM
ATAU SEKITAR 32.1% CUY !!!

E..."
Hidupsebagai62,ESTIMASI,ORGANIZATION,"BREAKING NEWS !!!
HARGA PERTAMAX MELEDAK! 
NAIK RP 3.950 DALAM SEMALAM
ATAU SEKITAR 32.1% CUY !!!

E..."
Hidupsebagai62,JUTA,ORGANIZATION,"BREAKING NEWS !!!
HARGA PERTAMAX MELEDAK! 
NAIK RP 3.950 DALAM SEMALAM
ATAU SEKITAR 32.1% CUY !!!

E..."
Hidupsebagai62,ORANG,ORGANIZATION,"BREAKING NEWS !!!
HARGA PERTAMAX MELEDAK! 
NAIK RP 3.950 DALAM SEMALAM
ATAU SEKITAR 32.1% CUY !!!

E..."
Hidupsebagai62,TERDAMPAK,ORGANIZATION,"BREAKING NEWS !!!
HARGA PERTAMAX MELEDAK! 
NAIK RP 3.950 DALAM SEMALAM
ATAU SEKITAR 32.1% CUY !!!

E..."
Hidupsebagai62,DITENGAH,ORGANIZATION,"BREAKING NEWS !!!
HARGA PERTAMAX MELEDAK! 
NAIK RP 3.950 DALAM SEMALAM
ATAU SEKITAR 32.1% CUY !!!

E..."
Hidupsebagai62,MINYAK,ORGANIZATION,"BREAKING NEWS !!!
HARGA PERTAMAX MELEDAK! 
NAIK RP 3.950 DALAM SEMALAM
ATAU SEKITAR 32.1% CUY !!!

E..."
Hidupsebagai62,DUNIA,ORGANIZATION,"BREAKING NEWS !!!
HARGA PERTAMAX MELEDAK! 
NAIK RP 3.950 DALAM SEMALAM
ATAU SEKITAR 32.1% CUY !!!

E..."
Hidupsebagai62,YANG,ORGANIZATION,"BREAKING NEWS !!!
HARGA PERTAMAX MELEDAK! 
NAIK RP 3.950 DALAM SEMALAM
ATAU SEKITAR 32.1% CUY !!!

E..."
Hidupsebagai62,MULAI,ORGANIZATION,"BREAKING NEWS !!!
HARGA PERTAMAX MELEDAK! 
NAIK RP 3.950 DALAM SEMALAM
ATAU SEKITAR 32.1% CUY !!!

E..."
Hidupsebagai62,TREND,ORGANIZATION,"BREAKING NEWS !!!
HARGA PERTAMAX MELEDAK! 
NAIK RP 3.950 DALAM SEMALAM
ATAU SEKITAR 32.1% CUY !!!

E..."
Hidupsebagai62,TURUN,ORGANIZATION,"BREAKING NEWS !!!
HARGA PERTAMAX MELEDAK! 
NAIK RP 3.950 DALAM SEMALAM
ATAU SEKITAR 32.1% CUY !!!

E..."
Hidupsebagai62,ADA,ORGANIZATION,"BREAKING NEWS !!!
HARGA PERTAMAX MELEDAK! 
NAIK RP 3.950 DALAM SEMALAM
ATAU SEKITAR 32.1% CUY !!!

E..."
Hidupsebagai62,APA,ORGANIZATION,"BREAKING NEWS !!!
HARGA PERTAMAX MELEDAK! 
NAIK RP 3.950 DALAM SEMALAM
ATAU SEKITAR 32.1% CUY !!!

E..."
Hidupsebagai62,SEBENARNYA,ORGANIZATION,"BREAKING NEWS !!!
HARGA PERTAMAX MELEDAK! 
NAIK RP 3.950 DALAM SEMALAM
ATAU SEKITAR 32.1% CUY !!!

E..."
Hidupsebagai62,RON,ORGANIZATION,"BREAKING NEWS !!!
HARGA PERTAMAX MELEDAK! 
NAIK RP 3.950 DALAM SEMALAM
ATAU SEKITAR 32.1% CUY !!!

E..."
narkosun,"Rp12.300,",MONEY,PT Pertamina (Persero) melakukan penyesuaian harga BBM non subsidi untuk Pertamax dan Pertamax Green...
narkosun,Rp16.250,MONEY,PT Pertamina (Persero) melakukan penyesuaian harga BBM non subsidi untuk Pertamax dan Pertamax Green...
narkosun,Rp17.000,MONEY,PT Pertamina (Persero) melakukan penyesuaian harga BBM non subsidi untuk Pertamax dan Pertamax Green...
narkosun,Rp,LOCATION,PT Pertamina (Persero) melakukan penyesuaian harga BBM non subsidi untuk Pertamax dan Pertamax Green...
narkosun,Pertamax,PRODUCT,PT Pertamina (Persero) melakukan penyesuaian harga BBM non subsidi untuk Pertamax dan Pertamax Green...
narkosun,Pertamax Green,PRODUCT,PT Pertamina (Persero) melakukan penyesuaian harga BBM non subsidi untuk Pertamax dan Pertamax Green...
narkosun,Bbm,PRODUCT,PT Pertamina (Persero) melakukan penyesuaian harga BBM non subsidi untuk Pertamax dan Pertamax Green...
narkosun,Pertamina,ORGANIZATION,PT Pertamina (Persero) melakukan penyesuaian harga BBM non subsidi untuk Pertamax dan Pertamax Green...
narkosun,PT,ORGANIZATION,PT Pertamina (Persero) melakukan penyesuaian harga BBM non subsidi untuk Pertamax dan Pertamax Green...
narkosun,BBM,PRODUCT,PT Pertamina (Persero) melakukan penyesuaian harga BBM non subsidi untuk Pertamax dan Pertamax Green...
narkosun,RON,ORGANIZATION,PT Pertamina (Persero) melakukan penyesuaian harga BBM non subsidi untuk Pertamax dan Pertamax Green...
sukaaabougenvil,Pertamax,PRODUCT,@cursedkidd menurutku kalau yang naik bbm non subsidi sih masih cukup wajar ya. kayak pertamax meman...
sukaaabougenvil,Pertalite,PRODUCT,@cursedkidd menurutku kalau yang naik bbm non subsidi sih masih cukup wajar ya. kayak pertamax meman...
sukaaabougenvil,Bbm,PRODUCT,@cursedkidd menurutku kalau yang naik bbm non subsidi sih masih cukup wajar ya. kayak pertamax meman...
TempeXBT,Bbm,PRODUCT,"RESMI:

Harga BBM naik per 10 Juni 2026!

Kenapa pengumuman naiknya selalu terjadi di tengah malem s..."
TempeXBT,RESMI,ORGANIZATION,"RESMI:

Harga BBM naik per 10 Juni 2026!

Kenapa pengumuman naiknya selalu terjadi di tengah malem s..."
TempeXBT,BBM,PRODUCT,"RESMI:

Harga BBM naik per 10 Juni 2026!

Kenapa pengumuman naiknya selalu terjadi di tengah malem s..."
netizenviral_,Rp12.300,MONEY,PT Pertamina resmi menyesuaikan harga BBM non-subsidi yang mulai berlaku pada 10 Juni 2026. Dalam pe...
netizenviral_,Rp16.250,MONEY,PT Pertamina resmi menyesuaikan harga BBM non-subsidi yang mulai berlaku pada 10 Juni 2026. Dalam pe...
netizenviral_,Rp12.900,MONEY,PT Pertamina resmi menyesuaikan harga BBM non-subsidi yang mulai berlaku pada 10 Juni 2026. Dalam pe...
netizenviral_,Rp,LOCATION,PT Pertamina resmi menyesuaikan harga BBM non-subsidi yang mulai berlaku pada 10 Juni 2026. Dalam pe...
netizenviral_,Pertamax,PRODUCT,PT Pertamina resmi menyesuaikan harga BBM non-subsidi yang mulai berlaku pada 10 Juni 2026. Dalam pe...
netizenviral_,Pertamax Green,PRODUCT,PT Pertamina resmi menyesuaikan harga BBM non-subsidi yang mulai berlaku pada 10 Juni 2026. Dalam pe...
netizenviral_,Bbm,PRODUCT,PT Pertamina resmi menyesuaikan harga BBM non-subsidi yang mulai berlaku pada 10 Juni 2026. Dalam pe...
netizenviral_,Pertamina,ORGANIZATION,PT Pertamina resmi menyesuaikan harga BBM non-subsidi yang mulai berlaku pada 10 Juni 2026. Dalam pe...
netizenviral_,PT,ORGANIZATION,PT Pertamina resmi menyesuaikan harga BBM non-subsidi yang mulai berlaku pada 10 Juni 2026. Dalam pe...
netizenviral_,BBM,PRODUCT,PT Pertamina resmi menyesuaikan harga BBM non-subsidi yang mulai berlaku pada 10 Juni 2026. Dalam pe...
netizenviral_,RON,ORGANIZATION,PT Pertamina resmi menyesuaikan harga BBM non-subsidi yang mulai berlaku pada 10 Juni 2026. Dalam pe...
pararealmen,Pertamax,LOCATION,"⚡️Harga PERTAMAX Naik 32,1%⚡️
📜PT Pertamina resmi menaikkan harga dua jenis Bahan Bakar Minyak (BBM)..."
pararealmen,Pertamax,PRODUCT,"⚡️Harga PERTAMAX Naik 32,1%⚡️
📜PT Pertamina resmi menaikkan harga dua jenis Bahan Bakar Minyak (BBM)..."
pararealmen,Pertamax Green,PRODUCT,"⚡️Harga PERTAMAX Naik 32,1%⚡️
📜PT Pertamina resmi menaikkan harga dua jenis Bahan Bakar Minyak (BBM)..."
pararealmen,Bbm,PRODUCT,"⚡️Harga PERTAMAX Naik 32,1%⚡️
📜PT Pertamina resmi menaikkan harga dua jenis Bahan Bakar Minyak (BBM)..."
pararealmen,Pertamina,ORGANIZATION,"⚡️Harga PERTAMAX Naik 32,1%⚡️
📜PT Pertamina resmi menaikkan harga dua jenis Bahan Bakar Minyak (BBM)..."
pararealmen,PERTAMAX,ORGANIZATION,"⚡️Harga PERTAMAX Naik 32,1%⚡️
📜PT Pertamina resmi menaikkan harga dua jenis Bahan Bakar Minyak (BBM)..."
pararealmen,PT,ORGANIZATION,"⚡️Harga PERTAMAX Naik 32,1%⚡️
📜PT Pertamina resmi menaikkan harga dua jenis Bahan Bakar Minyak (BBM)..."
pararealmen,BBM,PRODUCT,"⚡️Harga PERTAMAX Naik 32,1%⚡️
📜PT Pertamina resmi menaikkan harga dua jenis Bahan Bakar Minyak (BBM)..."
pararealmen,RON,ORGANIZATION,"⚡️Harga PERTAMAX Naik 32,1%⚡️
📜PT Pertamina resmi menaikkan harga dua jenis Bahan Bakar Minyak (BBM)..."
netizenviral_,Pertamax,LOCATION,PT Pertamina resmi menaikkan harga dua jenis Bahan Bakar Minyak (BBM) non subsidi mulai 10 Juni 2026...
netizenviral_,DKI,ORGANIZATION,PT Pertamina resmi menaikkan harga dua jenis Bahan Bakar Minyak (BBM) non subsidi mulai 10 Juni 2026...
kopnesiaID,Rp6.800,MONEY,Ada saja gebrakan dari pemerintah😩. Pemerintah tadi malam mengumumkan kenaikan harga BBM non subsidi...
kopnesiaID,Pertamax,LOCATION,Ada saja gebrakan dari pemerintah😩. Pemerintah tadi malam mengumumkan kenaikan harga BBM non subsidi...
kopnesiaID,Pertamax,PRODUCT,Ada saja gebrakan dari pemerintah😩. Pemerintah tadi malam mengumumkan kenaikan harga BBM non subsidi...
kopnesiaID,Solar,PRODUCT,Ada saja gebrakan dari pemerintah😩. Pemerintah tadi malam mengumumkan kenaikan harga BBM non subsidi...
kopnesiaID,Bbm,PRODUCT,Ada saja gebrakan dari pemerintah😩. Pemerintah tadi malam mengumumkan kenaikan harga BBM non subsidi...
kopnesiaID,Pertamina,ORGANIZATION,Ada saja gebrakan dari pemerintah😩. Pemerintah tadi malam mengumumkan kenaikan harga BBM non subsidi...
kopnesiaID,BBM,PRODUCT,Ada saja gebrakan dari pemerintah😩. Pemerintah tadi malam mengumumkan kenaikan harga BBM non subsidi...
kopnesiaID,RON,ORGANIZATION,Ada saja gebrakan dari pemerintah😩. Pemerintah tadi malam mengumumkan kenaikan harga BBM non subsidi...
fyiajaa,Pertalite,PRODUCT,"Ini dampak nya bisa ngeri bangett, masyarakat menengah yang biasanya isi bbm non subsidi jadi berali..."
fyiajaa,Bbm,PRODUCT,"Ini dampak nya bisa ngeri bangett, masyarakat menengah yang biasanya isi bbm non subsidi jadi berali..."
fyiajaa,WNI,ORGANIZATION,"Ini dampak nya bisa ngeri bangett, masyarakat menengah yang biasanya isi bbm non subsidi jadi berali..."
kabarnamdua,Rp16.250,MONEY,"DORR! HARGA PERTAMAX JADI Rp16.250/LITER, BBM NON-SUBSIDI RESMI NAIK GILA-GILAAN MULAI HARI INI!

1...."
kabarnamdua,Rp3.950,MONEY,"DORR! HARGA PERTAMAX JADI Rp16.250/LITER, BBM NON-SUBSIDI RESMI NAIK GILA-GILAAN MULAI HARI INI!

1...."
kabarnamdua,Rp12.300,MONEY,"DORR! HARGA PERTAMAX JADI Rp16.250/LITER, BBM NON-SUBSIDI RESMI NAIK GILA-GILAAN MULAI HARI INI!

1...."
kabarnamdua,Rp17.000,MONEY,"DORR! HARGA PERTAMAX JADI Rp16.250/LITER, BBM NON-SUBSIDI RESMI NAIK GILA-GILAAN MULAI HARI INI!

1...."
kabarnamdua,Rp4.100,MONEY,"DORR! HARGA PERTAMAX JADI Rp16.250/LITER, BBM NON-SUBSIDI RESMI NAIK GILA-GILAAN MULAI HARI INI!

1...."
kabarnamdua,Rp12.900,MONEY,"DORR! HARGA PERTAMAX JADI Rp16.250/LITER, BBM NON-SUBSIDI RESMI NAIK GILA-GILAAN MULAI HARI INI!

1...."
kabarnamdua,Rp,LOCATION,"DORR! HARGA PERTAMAX JADI Rp16.250/LITER, BBM NON-SUBSIDI RESMI NAIK GILA-GILAAN MULAI HARI INI!

1...."
kabarnamdua,Pertamax,PRODUCT,"DORR! HARGA PERTAMAX JADI Rp16.250/LITER, BBM NON-SUBSIDI RESMI NAIK GILA-GILAAN MULAI HARI INI!

1...."
kabarnamdua,Pertamax Green,PRODUCT,"DORR! HARGA PERTAMAX JADI Rp16.250/LITER, BBM NON-SUBSIDI RESMI NAIK GILA-GILAAN MULAI HARI INI!

1...."
kabarnamdua,Bbm,PRODUCT,"DORR! HARGA PERTAMAX JADI Rp16.250/LITER, BBM NON-SUBSIDI RESMI NAIK GILA-GILAAN MULAI HARI INI!

1...."
kabarnamdua,DORR,ORGANIZATION,"DORR! HARGA PERTAMAX JADI Rp16.250/LITER, BBM NON-SUBSIDI RESMI NAIK GILA-GILAAN MULAI HARI INI!

1...."
kabarnamdua,HARGA,ORGANIZATION,"DORR! HARGA PERTAMAX JADI Rp16.250/LITER, BBM NON-SUBSIDI RESMI NAIK GILA-GILAAN MULAI HARI INI!

1...."
kabarnamdua,PERTAMAX,ORGANIZATION,"DORR! HARGA PERTAMAX JADI Rp16.250/LITER, BBM NON-SUBSIDI RESMI NAIK GILA-GILAAN MULAI HARI INI!

1...."
kabarnamdua,JADI,ORGANIZATION,"DORR! HARGA PERTAMAX JADI Rp16.250/LITER, BBM NON-SUBSIDI RESMI NAIK GILA-GILAAN MULAI HARI INI!

1...."
kabarnamdua,LITER,ORGANIZATION,"DORR! HARGA PERTAMAX JADI Rp16.250/LITER, BBM NON-SUBSIDI RESMI NAIK GILA-GILAAN MULAI HARI INI!

1...."
kabarnamdua,BBM,PRODUCT,"DORR! HARGA PERTAMAX JADI Rp16.250/LITER, BBM NON-SUBSIDI RESMI NAIK GILA-GILAAN MULAI HARI INI!

1...."
kabarnamdua,NON,ORGANIZATION,"DORR! HARGA PERTAMAX JADI Rp16.250/LITER, BBM NON-SUBSIDI RESMI NAIK GILA-GILAAN MULAI HARI INI!

1...."
kabarnamdua,SUBSIDI,ORGANIZATION,"DORR! HARGA PERTAMAX JADI Rp16.250/LITER, BBM NON-SUBSIDI RESMI NAIK GILA-GILAAN MULAI HARI INI!

1...."
kabarnamdua,RESMI,ORGANIZATION,"DORR! HARGA PERTAMAX JADI Rp16.250/LITER, BBM NON-SUBSIDI RESMI NAIK GILA-GILAAN MULAI HARI INI!

1...."
kabarnamdua,NAIK,ORGANIZATION,"DORR! HARGA PERTAMAX JADI Rp16.250/LITER, BBM NON-SUBSIDI RESMI NAIK GILA-GILAAN MULAI HARI INI!

1...."
kabarnamdua,GILA,ORGANIZATION,"DORR! HARGA PERTAMAX JADI Rp16.250/LITER, BBM NON-SUBSIDI RESMI NAIK GILA-GILAAN MULAI HARI INI!

1...."
kabarnamdua,GILAAN,ORGANIZATION,"DORR! HARGA PERTAMAX JADI Rp16.250/LITER, BBM NON-SUBSIDI RESMI NAIK GILA-GILAAN MULAI HARI INI!

1...."
kabarnamdua,MULAI,ORGANIZATION,"DORR! HARGA PERTAMAX JADI Rp16.250/LITER, BBM NON-SUBSIDI RESMI NAIK GILA-GILAAN MULAI HARI INI!

1...."
kabarnamdua,HARI,ORGANIZATION,"DORR! HARGA PERTAMAX JADI Rp16.250/LITER, BBM NON-SUBSIDI RESMI NAIK GILA-GILAAN MULAI HARI INI!

1...."
kabarnamdua,INI,ORGANIZATION,"DORR! HARGA PERTAMAX JADI Rp16.250/LITER, BBM NON-SUBSIDI RESMI NAIK GILA-GILAAN MULAI HARI INI!

1...."
kabarnamdua,RON,ORGANIZATION,"DORR! HARGA PERTAMAX JADI Rp16.250/LITER, BBM NON-SUBSIDI RESMI NAIK GILA-GILAAN MULAI HARI INI!

1...."
auteza12,Purbaya,PERSON,"Balik lagi kata Pak Purbaya, kalo urusan subsidi pertalite dkk dia bilang gak naik.

Tapi untuk bbm ..."
auteza12,Pertamax,PRODUCT,"Balik lagi kata Pak Purbaya, kalo urusan subsidi pertalite dkk dia bilang gak naik.

Tapi untuk bbm ..."
auteza12,Pertalite,PRODUCT,"Balik lagi kata Pak Purbaya, kalo urusan subsidi pertalite dkk dia bilang gak naik.

Tapi untuk bbm ..."
auteza12,Bbm,PRODUCT,"Balik lagi kata Pak Purbaya, kalo urusan subsidi pertalite dkk dia bilang gak naik.

Tapi untuk bbm ..."
creeping5ilence,Rp12.300,MONEY,"Nah..nah.. akhirnya naik juga !! 😃

PT Pertamina (Persero) menaikkan harga bahan bakar minyak (BBM) ..."
creeping5ilence,Rp16.250,MONEY,"Nah..nah.. akhirnya naik juga !! 😃

PT Pertamina (Persero) menaikkan harga bahan bakar minyak (BBM) ..."
creeping5ilence,Rp3.950,MONEY,"Nah..nah.. akhirnya naik juga !! 😃

PT Pertamina (Persero) menaikkan harga bahan bakar minyak (BBM) ..."
creeping5ilence,Rp12.900,MONEY,"Nah..nah.. akhirnya naik juga !! 😃

PT Pertamina (Persero) menaikkan harga bahan bakar minyak (BBM) ..."
creeping5ilence,Rp17.000,MONEY,"Nah..nah.. akhirnya naik juga !! 😃

PT Pertamina (Persero) menaikkan harga bahan bakar minyak (BBM) ..."
creeping5ilence,Pertamax,PRODUCT,"Nah..nah.. akhirnya naik juga !! 😃

PT Pertamina (Persero) menaikkan harga bahan bakar minyak (BBM) ..."
creeping5ilence,Pertamax Green,PRODUCT,"Nah..nah.. akhirnya naik juga !! 😃

PT Pertamina (Persero) menaikkan harga bahan bakar minyak (BBM) ..."
creeping5ilence,Bbm,PRODUCT,"Nah..nah.. akhirnya naik juga !! 😃

PT Pertamina (Persero) menaikkan harga bahan bakar minyak (BBM) ..."
creeping5ilence,Pertamina,ORGANIZATION,"Nah..nah.. akhirnya naik juga !! 😃

PT Pertamina (Persero) menaikkan harga bahan bakar minyak (BBM) ..."
creeping5ilence,PT,ORGANIZATION,"Nah..nah.. akhirnya naik juga !! 😃

PT Pertamina (Persero) menaikkan harga bahan bakar minyak (BBM) ..."
creeping5ilence,BBM,PRODUCT,"Nah..nah.. akhirnya naik juga !! 😃

PT Pertamina (Persero) menaikkan harga bahan bakar minyak (BBM) ..."
chinamoure,Bbm,PRODUCT,"@bersuwara_ bbm non subsidi naiknya ga ngotak, giliran yang subsidi ga naik samsek. apa maksud jirrr..."
Yuniar_Indra_P,Bbm,PRODUCT,"@idextratime Nanti bakal ada narasi 
.
""Kan yang naik non subsidi, tidak ada sangkut pautnya dengan ..."
Yuniar_Indra_P,BBM,PRODUCT,"@idextratime Nanti bakal ada narasi 
.
""Kan yang naik non subsidi, tidak ada sangkut pautnya dengan ..."
Yuniar_Indra_P,HALAH,ORGANIZATION,"@idextratime Nanti bakal ada narasi 
.
""Kan yang naik non subsidi, tidak ada sangkut pautnya dengan ..."
Yuniar_Indra_P,JEMBOOOT,ORGANIZATION,"@idextratime Nanti bakal ada narasi 
.
""Kan yang naik non subsidi, tidak ada sangkut pautnya dengan ..."
0xrizaldi,Rp12.300,MONEY,"🚨 Harga BBM Pertamina Naik Hari Ini!

PT Pertamina menyesuaikan harga BBM non-subsidi per Rabu, 10 J..."
0xrizaldi,Rp16.250,MONEY,"🚨 Harga BBM Pertamina Naik Hari Ini!

PT Pertamina menyesuaikan harga BBM non-subsidi per Rabu, 10 J..."
0xrizaldi,Rp3.950,MONEY,"🚨 Harga BBM Pertamina Naik Hari Ini!

PT Pertamina menyesuaikan harga BBM non-subsidi per Rabu, 10 J..."
0xrizaldi,Rp12.900,MONEY,"🚨 Harga BBM Pertamina Naik Hari Ini!

PT Pertamina menyesuaikan harga BBM non-subsidi per Rabu, 10 J..."
0xrizaldi,Rp17.000,MONEY,"🚨 Harga BBM Pertamina Naik Hari Ini!

PT Pertamina menyesuaikan harga BBM non-subsidi per Rabu, 10 J..."
0xrizaldi,Rp4.100,MONEY,"🚨 Harga BBM Pertamina Naik Hari Ini!

PT Pertamina menyesuaikan harga BBM non-subsidi per Rabu, 10 J..."
0xrizaldi,Rp,LOCATION,"🚨 Harga BBM Pertamina Naik Hari Ini!

PT Pertamina menyesuaikan harga BBM non-subsidi per Rabu, 10 J..."
0xrizaldi,Pertamax,PRODUCT,"🚨 Harga BBM Pertamina Naik Hari Ini!

PT Pertamina menyesuaikan harga BBM non-subsidi per Rabu, 10 J..."
0xrizaldi,Pertamax Green,PRODUCT,"🚨 Harga BBM Pertamina Naik Hari Ini!

PT Pertamina menyesuaikan harga BBM non-subsidi per Rabu, 10 J..."
0xrizaldi,Bbm,PRODUCT,"🚨 Harga BBM Pertamina Naik Hari Ini!

PT Pertamina menyesuaikan harga BBM non-subsidi per Rabu, 10 J..."
0xrizaldi,Pertamina,ORGANIZATION,"🚨 Harga BBM Pertamina Naik Hari Ini!

PT Pertamina menyesuaikan harga BBM non-subsidi per Rabu, 10 J..."
0xrizaldi,BBM,PRODUCT,"🚨 Harga BBM Pertamina Naik Hari Ini!

PT Pertamina menyesuaikan harga BBM non-subsidi per Rabu, 10 J..."
0xrizaldi,PT,ORGANIZATION,"🚨 Harga BBM Pertamina Naik Hari Ini!

PT Pertamina menyesuaikan harga BBM non-subsidi per Rabu, 10 J..."
0xrizaldi,RON,ORGANIZATION,"🚨 Harga BBM Pertamina Naik Hari Ini!

PT Pertamina menyesuaikan harga BBM non-subsidi per Rabu, 10 J..."
indepenSumatera,Rp16.250,MONEY,"GILA! PERTAMAX MELEDAK JADI Rp16.250/LITER, BBM NON-SUBSIDI RESMI NAIK GILA-GILAAN MULAI HARI INI WA..."
indepenSumatera,Rp6.800,MONEY,"GILA! PERTAMAX MELEDAK JADI Rp16.250/LITER, BBM NON-SUBSIDI RESMI NAIK GILA-GILAAN MULAI HARI INI WA..."
indepenSumatera,Rp10.000,MONEY,"GILA! PERTAMAX MELEDAK JADI Rp16.250/LITER, BBM NON-SUBSIDI RESMI NAIK GILA-GILAAN MULAI HARI INI WA..."
indepenSumatera,Pertamax,PRODUCT,"GILA! PERTAMAX MELEDAK JADI Rp16.250/LITER, BBM NON-SUBSIDI RESMI NAIK GILA-GILAAN MULAI HARI INI WA..."
indepenSumatera,Pertalite,PRODUCT,"GILA! PERTAMAX MELEDAK JADI Rp16.250/LITER, BBM NON-SUBSIDI RESMI NAIK GILA-GILAAN MULAI HARI INI WA..."
indepenSumatera,Solar,PRODUCT,"GILA! PERTAMAX MELEDAK JADI Rp16.250/LITER, BBM NON-SUBSIDI RESMI NAIK GILA-GILAAN MULAI HARI INI WA..."
indepenSumatera,Bbm,PRODUCT,"GILA! PERTAMAX MELEDAK JADI Rp16.250/LITER, BBM NON-SUBSIDI RESMI NAIK GILA-GILAAN MULAI HARI INI WA..."
indepenSumatera,Pertamina,ORGANIZATION,"GILA! PERTAMAX MELEDAK JADI Rp16.250/LITER, BBM NON-SUBSIDI RESMI NAIK GILA-GILAAN MULAI HARI INI WA..."
indepenSumatera,GILA,ORGANIZATION,"GILA! PERTAMAX MELEDAK JADI Rp16.250/LITER, BBM NON-SUBSIDI RESMI NAIK GILA-GILAAN MULAI HARI INI WA..."
indepenSumatera,PERTAMAX,ORGANIZATION,"GILA! PERTAMAX MELEDAK JADI Rp16.250/LITER, BBM NON-SUBSIDI RESMI NAIK GILA-GILAAN MULAI HARI INI WA..."
indepenSumatera,MELEDAK,ORGANIZATION,"GILA! PERTAMAX MELEDAK JADI Rp16.250/LITER, BBM NON-SUBSIDI RESMI NAIK GILA-GILAAN MULAI HARI INI WA..."
indepenSumatera,JADI,ORGANIZATION,"GILA! PERTAMAX MELEDAK JADI Rp16.250/LITER, BBM NON-SUBSIDI RESMI NAIK GILA-GILAAN MULAI HARI INI WA..."
indepenSumatera,LITER,ORGANIZATION,"GILA! PERTAMAX MELEDAK JADI Rp16.250/LITER, BBM NON-SUBSIDI RESMI NAIK GILA-GILAAN MULAI HARI INI WA..."
indepenSumatera,BBM,PRODUCT,"GILA! PERTAMAX MELEDAK JADI Rp16.250/LITER, BBM NON-SUBSIDI RESMI NAIK GILA-GILAAN MULAI HARI INI WA..."
indepenSumatera,NON,ORGANIZATION,"GILA! PERTAMAX MELEDAK JADI Rp16.250/LITER, BBM NON-SUBSIDI RESMI NAIK GILA-GILAAN MULAI HARI INI WA..."
indepenSumatera,SUBSIDI,ORGANIZATION,"GILA! PERTAMAX MELEDAK JADI Rp16.250/LITER, BBM NON-SUBSIDI RESMI NAIK GILA-GILAAN MULAI HARI INI WA..."
indepenSumatera,RESMI,ORGANIZATION,"GILA! PERTAMAX MELEDAK JADI Rp16.250/LITER, BBM NON-SUBSIDI RESMI NAIK GILA-GILAAN MULAI HARI INI WA..."
indepenSumatera,NAIK,ORGANIZATION,"GILA! PERTAMAX MELEDAK JADI Rp16.250/LITER, BBM NON-SUBSIDI RESMI NAIK GILA-GILAAN MULAI HARI INI WA..."
indepenSumatera,GILAAN,ORGANIZATION,"GILA! PERTAMAX MELEDAK JADI Rp16.250/LITER, BBM NON-SUBSIDI RESMI NAIK GILA-GILAAN MULAI HARI INI WA..."
indepenSumatera,MULAI,ORGANIZATION,"GILA! PERTAMAX MELEDAK JADI Rp16.250/LITER, BBM NON-SUBSIDI RESMI NAIK GILA-GILAAN MULAI HARI INI WA..."
indepenSumatera,HARI,ORGANIZATION,"GILA! PERTAMAX MELEDAK JADI Rp16.250/LITER, BBM NON-SUBSIDI RESMI NAIK GILA-GILAAN MULAI HARI INI WA..."
indepenSumatera,INI,ORGANIZATION,"GILA! PERTAMAX MELEDAK JADI Rp16.250/LITER, BBM NON-SUBSIDI RESMI NAIK GILA-GILAAN MULAI HARI INI WA..."
indepenSumatera,WAK,ORGANIZATION,"GILA! PERTAMAX MELEDAK JADI Rp16.250/LITER, BBM NON-SUBSIDI RESMI NAIK GILA-GILAAN MULAI HARI INI WA..."
indepenSumatera,RON,ORGANIZATION,"GILA! PERTAMAX MELEDAK JADI Rp16.250/LITER, BBM NON-SUBSIDI RESMI NAIK GILA-GILAAN MULAI HARI INI WA..."
ferizandra,Rp16.250,MONEY,"Resmi! Harga BBM Pertamax Naik Jadi Rp 16.250/Liter Mulai 10 Juni 2026...

PT Pertamina resmi menaik..."
ferizandra,Rp,LOCATION,"Resmi! Harga BBM Pertamax Naik Jadi Rp 16.250/Liter Mulai 10 Juni 2026...

PT Pertamina resmi menaik..."
ferizandra,Pertamax,LOCATION,"Resmi! Harga BBM Pertamax Naik Jadi Rp 16.250/Liter Mulai 10 Juni 2026...

PT Pertamina resmi menaik..."
ferizandra,Pertamax,PRODUCT,"Resmi! Harga BBM Pertamax Naik Jadi Rp 16.250/Liter Mulai 10 Juni 2026...

PT Pertamina resmi menaik..."
ferizandra,Bbm,PRODUCT,"Resmi! Harga BBM Pertamax Naik Jadi Rp 16.250/Liter Mulai 10 Juni 2026...

PT Pertamina resmi menaik..."
ferizandra,Pertamina,ORGANIZATION,"Resmi! Harga BBM Pertamax Naik Jadi Rp 16.250/Liter Mulai 10 Juni 2026...

PT Pertamina resmi menaik..."
ferizandra,BBM,PRODUCT,"Resmi! Harga BBM Pertamax Naik Jadi Rp 16.250/Liter Mulai 10 Juni 2026...

PT Pertamina resmi menaik..."
ferizandra,PT,ORGANIZATION,"Resmi! Harga BBM Pertamax Naik Jadi Rp 16.250/Liter Mulai 10 Juni 2026...

PT Pertamina resmi menaik..."
ferizandra,RON,ORGANIZATION,"Resmi! Harga BBM Pertamax Naik Jadi Rp 16.250/Liter Mulai 10 Juni 2026...

PT Pertamina resmi menaik..."
kompascom,"Rp12.300,",MONEY,PT Pertamina (Persero) melakukan penyesuaian harga BBM non subsidi untuk Pertamax dan Pertamax Green...
kompascom,Rp17.000,MONEY,PT Pertamina (Persero) melakukan penyesuaian harga BBM non subsidi untuk Pertamax dan Pertamax Green...
kompascom,Pertamax Green,PRODUCT,PT Pertamina (Persero) melakukan penyesuaian harga BBM non subsidi untuk Pertamax dan Pertamax Green...
kompascom,PT,ORGANIZATION,PT Pertamina (Persero) melakukan penyesuaian harga BBM non subsidi untuk Pertamax dan Pertamax Green...
kompascom,RON,ORGANIZATION,PT Pertamina (Persero) melakukan penyesuaian harga BBM non subsidi untuk Pertamax dan Pertamax Green...
tribunpontianak,Pertamax,LOCATION,"Resmi Naik! Harga Terbaru BBM Pertamina Non-Subsidi Pertamax dan Pertamax Green Mulai 10 Juni 2026

..."
tribunpontianak,Pertamax,PRODUCT,"Resmi Naik! Harga Terbaru BBM Pertamina Non-Subsidi Pertamax dan Pertamax Green Mulai 10 Juni 2026

..."
tribunpontianak,Pertamax Green,PRODUCT,"Resmi Naik! Harga Terbaru BBM Pertamina Non-Subsidi Pertamax dan Pertamax Green Mulai 10 Juni 2026

..."
tribunpontianak,Bbm,PRODUCT,"Resmi Naik! Harga Terbaru BBM Pertamina Non-Subsidi Pertamax dan Pertamax Green Mulai 10 Juni 2026

..."
tribunpontianak,Pertamina,ORGANIZATION,"Resmi Naik! Harga Terbaru BBM Pertamina Non-Subsidi Pertamax dan Pertamax Green Mulai 10 Juni 2026

..."
tribunpontianak,BBM,PRODUCT,"Resmi Naik! Harga Terbaru BBM Pertamina Non-Subsidi Pertamax dan Pertamax Green Mulai 10 Juni 2026

..."
Ikhwanazis89,Bbm,PRODUCT,"@xdent_s Penyebabnya: Mulyono cabut subsidi BBM dan listrik yg bikin harga barang naik signifikan.
G..."
Ikhwanazis89,BBM,PRODUCT,"@xdent_s Penyebabnya: Mulyono cabut subsidi BBM dan listrik yg bikin harga barang naik signifikan.
G..."
Ikhwanazis89,UMR,ORGANIZATION,"@xdent_s Penyebabnya: Mulyono cabut subsidi BBM dan listrik yg bikin harga barang naik signifikan.
G..."
Ikhwanazis89,SBY,ORGANIZATION,"@xdent_s Penyebabnya: Mulyono cabut subsidi BBM dan listrik yg bikin harga barang naik signifikan.
G..."
BosPurwa,RP18.000,MONEY,"DAMPAK KURS DOLAR TEMBUS RP 18.000

1. Harga kebutuhan sehari-hari naik
Dolar mahal bikin impor baha..."
BosPurwa,DAMPAK,ORGANIZATION,"DAMPAK KURS DOLAR TEMBUS RP 18.000

1. Harga kebutuhan sehari-hari naik
Dolar mahal bikin impor baha..."
BosPurwa,KURS,ORGANIZATION,"DAMPAK KURS DOLAR TEMBUS RP 18.000

1. Harga kebutuhan sehari-hari naik
Dolar mahal bikin impor baha..."
BosPurwa,DOLAR,ORGANIZATION,"DAMPAK KURS DOLAR TEMBUS RP 18.000

1. Harga kebutuhan sehari-hari naik
Dolar mahal bikin impor baha..."
BosPurwa,TEMBUS,ORGANIZATION,"DAMPAK KURS DOLAR TEMBUS RP 18.000

1. Harga kebutuhan sehari-hari naik
Dolar mahal bikin impor baha..."
BosPurwa,RP,ORGANIZATION,"DAMPAK KURS DOLAR TEMBUS RP 18.000

1. Harga kebutuhan sehari-hari naik
Dolar mahal bikin impor baha..."
NarasiVisual,US$124,MONEY,"Tersangka 1: perang di Selat Hormuz.

Konflik Timur Tengah ganggu pasokan minyak &amp; gas dunia. Ha..."
NarasiVisual,Rp228,MONEY,"Tersangka 1: perang di Selat Hormuz.

Konflik Timur Tengah ganggu pasokan minyak &amp; gas dunia. Ha..."
NarasiVisual,Selat Hormuz,LOCATION,"Tersangka 1: perang di Selat Hormuz.

Konflik Timur Tengah ganggu pasokan minyak &amp; gas dunia. Ha..."
NarasiVisual,April,LOCATION,"Tersangka 1: perang di Selat Hormuz.

Konflik Timur Tengah ganggu pasokan minyak &amp; gas dunia. Ha..."
NarasiVisual,Rp,LOCATION,"Tersangka 1: perang di Selat Hormuz.

Konflik Timur Tengah ganggu pasokan minyak &amp; gas dunia. Ha..."
NarasiVisual,Lpg,PRODUCT,"Tersangka 1: perang di Selat Hormuz.

Konflik Timur Tengah ganggu pasokan minyak &amp; gas dunia. Ha..."
NarasiVisual,Bbm,PRODUCT,"Tersangka 1: perang di Selat Hormuz.

Konflik Timur Tengah ganggu pasokan minyak &amp; gas dunia. Ha..."
NarasiVisual,Timur Tengah,LOCATION,"Tersangka 1: perang di Selat Hormuz.

Konflik Timur Tengah ganggu pasokan minyak &amp; gas dunia. Ha..."
NarasiVisual,US,ORGANIZATION,"Tersangka 1: perang di Selat Hormuz.

Konflik Timur Tengah ganggu pasokan minyak &amp; gas dunia. Ha..."
NarasiVisual,BBM,PRODUCT,"Tersangka 1: perang di Selat Hormuz.

Konflik Timur Tengah ganggu pasokan minyak &amp; gas dunia. Ha..."
NarasiVisual,LPG,PRODUCT,"Tersangka 1: perang di Selat Hormuz.

Konflik Timur Tengah ganggu pasokan minyak &amp; gas dunia. Ha..."
txtfrwho,BKPM,ORGANIZATION,@BapakKerja Chatib Basri kyknya identik dgn menteri / teknokrat yg beres beres &amp; economic proble...
txtfrwho,OSS,ORGANIZATION,@BapakKerja Chatib Basri kyknya identik dgn menteri / teknokrat yg beres beres &amp; economic proble...
direktoridosen,Rp.18.000,MONEY,"harga barang yang berpotensi naik,
efek 1 $USD = Rp.18.000

tapi tenang sobat, tidak akan ada demo. ..."
direktoridosen,Bbm,PRODUCT,"harga barang yang berpotensi naik,
efek 1 $USD = Rp.18.000

tapi tenang sobat, tidak akan ada demo. ..."
direktoridosen,Prabowo,PERSON,"harga barang yang berpotensi naik,
efek 1 $USD = Rp.18.000

tapi tenang sobat, tidak akan ada demo. ..."
direktoridosen,USD,ORGANIZATION,"harga barang yang berpotensi naik,
efek 1 $USD = Rp.18.000

tapi tenang sobat, tidak akan ada demo. ..."
RagaSukma_1,Yang,LOCATION,"@KapudS640 Percaya
Pelanggan listrik kan seperti BBM ada cluster subsidi dan non subsidi
Yang non su..."
RagaSukma_1,Bbm,PRODUCT,"@KapudS640 Percaya
Pelanggan listrik kan seperti BBM ada cluster subsidi dan non subsidi
Yang non su..."
RagaSukma_1,BBM,PRODUCT,"@KapudS640 Percaya
Pelanggan listrik kan seperti BBM ada cluster subsidi dan non subsidi
Yang non su..."
RagaSukma_1,PAM,ORGANIZATION,"@KapudS640 Percaya
Pelanggan listrik kan seperti BBM ada cluster subsidi dan non subsidi
Yang non su..."
sharpandshark,Dexlite,PRODUCT,Fenomena beralihnya minat masyarakat ke mobil LCGC (Low Cost Green Car) di tengah melesatnya harga B...
sharpandshark,Pertamina,ORGANIZATION,Fenomena beralihnya minat masyarakat ke mobil LCGC (Low Cost Green Car) di tengah melesatnya harga B...
sharpandshark,LCGC,ORGANIZATION,Fenomena beralihnya minat masyarakat ke mobil LCGC (Low Cost Green Car) di tengah melesatnya harga B...
ipnkst,Rp17.900,MONEY,"Serius nanya apa pencapaian nya? 🤔🤔

Rangkuman berita yg aku baca :
- Dolar AS tembus Rp 17.900
- Ke..."
ipnkst,Rp833,MONEY,"Serius nanya apa pencapaian nya? 🤔🤔

Rangkuman berita yg aku baca :
- Dolar AS tembus Rp 17.900
- Ke..."
ipnkst,Rp9.920,MONEY,"Serius nanya apa pencapaian nya? 🤔🤔

Rangkuman berita yg aku baca :
- Dolar AS tembus Rp 17.900
- Ke..."
ipnkst,Rp599,MONEY,"Serius nanya apa pencapaian nya? 🤔🤔

Rangkuman berita yg aku baca :
- Dolar AS tembus Rp 17.900
- Ke..."
ipnkst,AS,ORGANIZATION,"Serius nanya apa pencapaian nya? 🤔🤔

Rangkuman berita yg aku baca :
- Dolar AS tembus Rp 17.900
- Ke..."
ipnkst,PHK,ORGANIZATION,"Serius nanya apa pencapaian nya? 🤔🤔

Rangkuman berita yg aku baca :
- Dolar AS tembus Rp 17.900
- Ke..."
ipnkst,IHSG,ORGANIZATION,"Serius nanya apa pencapaian nya? 🤔🤔

Rangkuman berita yg aku baca :
- Dolar AS tembus Rp 17.900
- Ke..."
buzuzima0,Rp16.800,MONEY,"3/4 DAMPAK KE RAKYAT NYATA:

• BBM non-subsidi naik — solar Rp16.800/liter, Pertamax Rp14.500
• Harg..."
buzuzima0,Rp14.500,MONEY,"3/4 DAMPAK KE RAKYAT NYATA:

• BBM non-subsidi naik — solar Rp16.800/liter, Pertamax Rp14.500
• Harg..."
buzuzima0,Pertamax,PRODUCT,"3/4 DAMPAK KE RAKYAT NYATA:

• BBM non-subsidi naik — solar Rp16.800/liter, Pertamax Rp14.500
• Harg..."
buzuzima0,Solar,PRODUCT,"3/4 DAMPAK KE RAKYAT NYATA:

• BBM non-subsidi naik — solar Rp16.800/liter, Pertamax Rp14.500
• Harg..."
buzuzima0,Bbm,PRODUCT,"3/4 DAMPAK KE RAKYAT NYATA:

• BBM non-subsidi naik — solar Rp16.800/liter, Pertamax Rp14.500
• Harg..."
buzuzima0,DAMPAK,ORGANIZATION,"3/4 DAMPAK KE RAKYAT NYATA:

• BBM non-subsidi naik — solar Rp16.800/liter, Pertamax Rp14.500
• Harg..."
buzuzima0,KE,ORGANIZATION,"3/4 DAMPAK KE RAKYAT NYATA:

• BBM non-subsidi naik — solar Rp16.800/liter, Pertamax Rp14.500
• Harg..."
buzuzima0,RAKYAT,ORGANIZATION,"3/4 DAMPAK KE RAKYAT NYATA:

• BBM non-subsidi naik — solar Rp16.800/liter, Pertamax Rp14.500
• Harg..."
buzuzima0,NYATA,ORGANIZATION,"3/4 DAMPAK KE RAKYAT NYATA:

• BBM non-subsidi naik — solar Rp16.800/liter, Pertamax Rp14.500
• Harg..."
buzuzima0,BBM,PRODUCT,"3/4 DAMPAK KE RAKYAT NYATA:

• BBM non-subsidi naik — solar Rp16.800/liter, Pertamax Rp14.500
• Harg..."
buzuzima0,KPR,ORGANIZATION,"3/4 DAMPAK KE RAKYAT NYATA:

• BBM non-subsidi naik — solar Rp16.800/liter, Pertamax Rp14.500
• Harg..."
Tangankanancuan,Rp17.741,MONEY,"Serius nanya apa pencapaian nya? 🤔🤔

Rangkuman berita yg aku baca :
- Dolar AS tembus Rp 17.741
- Ke..."
Tangankanancuan,Rp833,MONEY,"Serius nanya apa pencapaian nya? 🤔🤔

Rangkuman berita yg aku baca :
- Dolar AS tembus Rp 17.741
- Ke..."
Tangankanancuan,Rp9.920,MONEY,"Serius nanya apa pencapaian nya? 🤔🤔

Rangkuman berita yg aku baca :
- Dolar AS tembus Rp 17.741
- Ke..."
Tangankanancuan,Rp599,MONEY,"Serius nanya apa pencapaian nya? 🤔🤔

Rangkuman berita yg aku baca :
- Dolar AS tembus Rp 17.741
- Ke..."
Tangankanancuan,AS,ORGANIZATION,"Serius nanya apa pencapaian nya? 🤔🤔

Rangkuman berita yg aku baca :
- Dolar AS tembus Rp 17.741
- Ke..."
Tangankanancuan,PHK,ORGANIZATION,"Serius nanya apa pencapaian nya? 🤔🤔

Rangkuman berita yg aku baca :
- Dolar AS tembus Rp 17.741
- Ke..."
Tangankanancuan,IHSG,ORGANIZATION,"Serius nanya apa pencapaian nya? 🤔🤔

Rangkuman berita yg aku baca :
- Dolar AS tembus Rp 17.741
- Ke..."
txtpersahaman,Rp17.741,MONEY,"Pencapaian WOWOK (yang sebenarnya):
Dolar AS tembus Rp 17.741
Kebutuhan pokok naik
PHK merajalela
Kr..."
txtpersahaman,Rp833,MONEY,"Pencapaian WOWOK (yang sebenarnya):
Dolar AS tembus Rp 17.741
Kebutuhan pokok naik
PHK merajalela
Kr..."
txtpersahaman,Rp9.920,MONEY,"Pencapaian WOWOK (yang sebenarnya):
Dolar AS tembus Rp 17.741
Kebutuhan pokok naik
PHK merajalela
Kr..."
txtpersahaman,Rp599,MONEY,"Pencapaian WOWOK (yang sebenarnya):
Dolar AS tembus Rp 17.741
Kebutuhan pokok naik
PHK merajalela
Kr..."
txtpersahaman,Lpg,PRODUCT,"Pencapaian WOWOK (yang sebenarnya):
Dolar AS tembus Rp 17.741
Kebutuhan pokok naik
PHK merajalela
Kr..."
txtpersahaman,WOWOK,ORGANIZATION,"Pencapaian WOWOK (yang sebenarnya):
Dolar AS tembus Rp 17.741
Kebutuhan pokok naik
PHK merajalela
Kr..."
txtpersahaman,AS,ORGANIZATION,"Pencapaian WOWOK (yang sebenarnya):
Dolar AS tembus Rp 17.741
Kebutuhan pokok naik
PHK merajalela
Kr..."
txtpersahaman,PHK,ORGANIZATION,"Pencapaian WOWOK (yang sebenarnya):
Dolar AS tembus Rp 17.741
Kebutuhan pokok naik
PHK merajalela
Kr..."
txtpersahaman,IHSG,ORGANIZATION,"Pencapaian WOWOK (yang sebenarnya):
Dolar AS tembus Rp 17.741
Kebutuhan pokok naik
PHK merajalela
Kr..."
txtpersahaman,LPG,PRODUCT,"Pencapaian WOWOK (yang sebenarnya):
Dolar AS tembus Rp 17.741
Kebutuhan pokok naik
PHK merajalela
Kr..."
WeKa_Ronin,Rp17.200,MONEY,"BOCOR...

Rupiah Jebol Menuju 17.760 per USD (Devaluasi Nyata)

​Grafik satu bulan terakhir menunjuk..."
WeKa_Ronin,Rp17.760.,MONEY,"BOCOR...

Rupiah Jebol Menuju 17.760 per USD (Devaluasi Nyata)

​Grafik satu bulan terakhir menunjuk..."
WeKa_Ronin,Rp,LOCATION,"BOCOR...

Rupiah Jebol Menuju 17.760 per USD (Devaluasi Nyata)

​Grafik satu bulan terakhir menunjuk..."
WeKa_Ronin,BOCOR,ORGANIZATION,"BOCOR...

Rupiah Jebol Menuju 17.760 per USD (Devaluasi Nyata)

​Grafik satu bulan terakhir menunjuk..."
WeKa_Ronin,USD,ORGANIZATION,"BOCOR...

Rupiah Jebol Menuju 17.760 per USD (Devaluasi Nyata)

​Grafik satu bulan terakhir menunjuk..."
AvelinoGuido28,Rp17.700,MONEY,"Ringkasan buat yang males baca panjang:
Perang pecah Februari → Selat Hormuz ditutup → harga minyak ..."
AvelinoGuido28,Pertamax Turbo,PRODUCT,"Ringkasan buat yang males baca panjang:
Perang pecah Februari → Selat Hormuz ditutup → harga minyak ..."
AvelinoGuido28,RI,ORGANIZATION,"Ringkasan buat yang males baca panjang:
Perang pecah Februari → Selat Hormuz ditutup → harga minyak ..."
AvelinoGuido28,Timur Tengah,LOCATION,"Oke sekarang ke bagian yang langsung nyentuh kehidupan kita.
Kenapa urusan selat kecil di ujung Timu..."
Furqanjurdi1,Bbm,PRODUCT,"@99propaganda @iwanpiliang7 Beras tersedia, harga 16-18 ribu perkilo: punya uang lu buat beli? Kalau..."
Furqanjurdi1,Prabowo,PERSON,"@99propaganda @iwanpiliang7 Beras tersedia, harga 16-18 ribu perkilo: punya uang lu buat beli? Kalau..."
Furqanjurdi1,BBM,PRODUCT,"@99propaganda @iwanpiliang7 Beras tersedia, harga 16-18 ribu perkilo: punya uang lu buat beli? Kalau..."
Furqanjurdi1,BB,ORGANIZATION,"@99propaganda @iwanpiliang7 Beras tersedia, harga 16-18 ribu perkilo: punya uang lu buat beli? Kalau..."
Furqanjurdi1,IHSG,ORGANIZATION,"@99propaganda @iwanpiliang7 Beras tersedia, harga 16-18 ribu perkilo: punya uang lu buat beli? Kalau..."
kebajikanatas,rp17.700,MONEY,"CUMA MAU KASIH TAU:

1. dolar as tembus rp 17.700  
2. ihsg ambles ke 6723  
3. total utang ri rp 99..."
kebajikanatas,rp9920,MONEY,"CUMA MAU KASIH TAU:

1. dolar as tembus rp 17.700  
2. ihsg ambles ke 6723  
3. total utang ri rp 99..."
kebajikanatas,Rp599,MONEY,"CUMA MAU KASIH TAU:

1. dolar as tembus rp 17.700  
2. ihsg ambles ke 6723  
3. total utang ri rp 99..."
kebajikanatas,"Rp49,03",MONEY,"CUMA MAU KASIH TAU:

1. dolar as tembus rp 17.700  
2. ihsg ambles ke 6723  
3. total utang ri rp 99..."
kebajikanatas,Bbm,PRODUCT,"CUMA MAU KASIH TAU:

1. dolar as tembus rp 17.700  
2. ihsg ambles ke 6723  
3. total utang ri rp 99..."
kebajikanatas,CUMA,ORGANIZATION,"CUMA MAU KASIH TAU:

1. dolar as tembus rp 17.700  
2. ihsg ambles ke 6723  
3. total utang ri rp 99..."
kebajikanatas,MAU,ORGANIZATION,"CUMA MAU KASIH TAU:

1. dolar as tembus rp 17.700  
2. ihsg ambles ke 6723  
3. total utang ri rp 99..."
kebajikanatas,KASIH,ORGANIZATION,"CUMA MAU KASIH TAU:

1. dolar as tembus rp 17.700  
2. ihsg ambles ke 6723  
3. total utang ri rp 99..."
kebajikanatas,TAU,ORGANIZATION,"CUMA MAU KASIH TAU:

1. dolar as tembus rp 17.700  
2. ihsg ambles ke 6723  
3. total utang ri rp 99..."
buleariief,Bbm,PRODUCT,"Selamat pagi guysss,selamat beraktivitas ya jangan lupa sarapan secukup nya.

Harga BBM naik tinggi ..."
buleariief,BBM,PRODUCT,"Selamat pagi guysss,selamat beraktivitas ya jangan lupa sarapan secukup nya.

Harga BBM naik tinggi ..."
Hidupsebagai62,ANALISA,ORGANIZATION,"ANALISA KEEKONOMIAN SPBU AKTIF HARGA AKUISISI 27 MILIAR

BISA UNTUNG 3X LIPAT DARI MODAL AWAL !!

AS..."
Hidupsebagai62,KEEKONOMIAN,ORGANIZATION,"ANALISA KEEKONOMIAN SPBU AKTIF HARGA AKUISISI 27 MILIAR

BISA UNTUNG 3X LIPAT DARI MODAL AWAL !!

AS..."
Hidupsebagai62,SPBU,PRODUCT,"ANALISA KEEKONOMIAN SPBU AKTIF HARGA AKUISISI 27 MILIAR

BISA UNTUNG 3X LIPAT DARI MODAL AWAL !!

AS..."
Hidupsebagai62,AKTIF,ORGANIZATION,"ANALISA KEEKONOMIAN SPBU AKTIF HARGA AKUISISI 27 MILIAR

BISA UNTUNG 3X LIPAT DARI MODAL AWAL !!

AS..."
Hidupsebagai62,AKUISISI,ORGANIZATION,"ANALISA KEEKONOMIAN SPBU AKTIF HARGA AKUISISI 27 MILIAR

BISA UNTUNG 3X LIPAT DARI MODAL AWAL !!

AS..."
Hidupsebagai62,MILIAR,ORGANIZATION,"ANALISA KEEKONOMIAN SPBU AKTIF HARGA AKUISISI 27 MILIAR

BISA UNTUNG 3X LIPAT DARI MODAL AWAL !!

AS..."
Hidupsebagai62,UNTUNG,ORGANIZATION,"ANALISA KEEKONOMIAN SPBU AKTIF HARGA AKUISISI 27 MILIAR

BISA UNTUNG 3X LIPAT DARI MODAL AWAL !!

AS..."
Hidupsebagai62,LIPAT,ORGANIZATION,"ANALISA KEEKONOMIAN SPBU AKTIF HARGA AKUISISI 27 MILIAR

BISA UNTUNG 3X LIPAT DARI MODAL AWAL !!

AS..."
Hidupsebagai62,DARI,ORGANIZATION,"ANALISA KEEKONOMIAN SPBU AKTIF HARGA AKUISISI 27 MILIAR

BISA UNTUNG 3X LIPAT DARI MODAL AWAL !!

AS..."
Hidupsebagai62,MODAL,ORGANIZATION,"ANALISA KEEKONOMIAN SPBU AKTIF HARGA AKUISISI 27 MILIAR

BISA UNTUNG 3X LIPAT DARI MODAL AWAL !!

AS..."
Hidupsebagai62,AWAL,ORGANIZATION,"ANALISA KEEKONOMIAN SPBU AKTIF HARGA AKUISISI 27 MILIAR

BISA UNTUNG 3X LIPAT DARI MODAL AWAL !!

AS..."
Hidupsebagai62,ASETNYA,ORGANIZATION,"ANALISA KEEKONOMIAN SPBU AKTIF HARGA AKUISISI 27 MILIAR

BISA UNTUNG 3X LIPAT DARI MODAL AWAL !!

AS..."
Hidupsebagai62,SHM,ORGANIZATION,"ANALISA KEEKONOMIAN SPBU AKTIF HARGA AKUISISI 27 MILIAR

BISA UNTUNG 3X LIPAT DARI MODAL AWAL !!

AS..."
Lanun_1017,Bbm,PRODUCT,"@kompascom Besiaplah untuk hal yg terburuk, jika dolar tembus 18 rbu dan diprediksi bisa naik ke 22 ..."
Lanun_1017,Prabowo,PERSON,"@kompascom Besiaplah untuk hal yg terburuk, jika dolar tembus 18 rbu dan diprediksi bisa naik ke 22 ..."
Lanun_1017,BBM,PRODUCT,"@kompascom Besiaplah untuk hal yg terburuk, jika dolar tembus 18 rbu dan diprediksi bisa naik ke 22 ..."
rouppme,Bbm,PRODUCT,"@CB5 @satriohendri Nah Pak @satriohendri ini aspirasi petani bisa juga dibahas. 

- pestisida naik
-..."
ferizandra,Dolar,LOCATION,"Membedah pidato presiden yang mengatakan bahwa rakyat di desa gak pake Dolar, maka gak terdampak (na..."
ferizandra,EFEK,ORGANIZATION,"Membedah pidato presiden yang mengatakan bahwa rakyat di desa gak pake Dolar, maka gak terdampak (na..."
ferizandra,DOMINO,ORGANIZATION,"Membedah pidato presiden yang mengatakan bahwa rakyat di desa gak pake Dolar, maka gak terdampak (na..."
ferizandra,INFLASI,ORGANIZATION,"Membedah pidato presiden yang mengatakan bahwa rakyat di desa gak pake Dolar, maka gak terdampak (na..."
ferizandra,BARANG,ORGANIZATION,"Membedah pidato presiden yang mengatakan bahwa rakyat di desa gak pake Dolar, maka gak terdampak (na..."
ferizandra,IMPOR,ORGANIZATION,"Membedah pidato presiden yang mengatakan bahwa rakyat di desa gak pake Dolar, maka gak terdampak (na..."
ferizandra,AS,ORGANIZATION,"Membedah pidato presiden yang mengatakan bahwa rakyat di desa gak pake Dolar, maka gak terdampak (na..."
LambeSahamjja,Rp17.500,MONEY,"Guys, Prof. Telisa Aulia Falianty dari UI baru bicara sesuatu yang penting banget soal rupiah Rp17.5..."
LambeSahamjja,UI,ORGANIZATION,"Guys, Prof. Telisa Aulia Falianty dari UI baru bicara sesuatu yang penting banget soal rupiah Rp17.5..."
ireallylvyou,Pertamax,PRODUCT,"@Boediantar4 ""yg naiikkn bbm non subsidi"" kata org2 yg nganggep gpp pertamax naik, kan yg make kaum ..."
ireallylvyou,Bbm,PRODUCT,"@Boediantar4 ""yg naiikkn bbm non subsidi"" kata org2 yg nganggep gpp pertamax naik, kan yg make kaum ..."
celujrit,Naik,LOCATION,"Harga BBM Non Subsidi Naik, Ekonom UGM: Wajar Ikuti Harga Minyak Dunia
https://t.co/FHTdoiC2UJ..."
celujrit,Bbm,PRODUCT,"Harga BBM Non Subsidi Naik, Ekonom UGM: Wajar Ikuti Harga Minyak Dunia
https://t.co/FHTdoiC2UJ..."
celujrit,BBM,PRODUCT,"Harga BBM Non Subsidi Naik, Ekonom UGM: Wajar Ikuti Harga Minyak Dunia
https://t.co/FHTdoiC2UJ..."
celujrit,UGM,ORGANIZATION,"Harga BBM Non Subsidi Naik, Ekonom UGM: Wajar Ikuti Harga Minyak Dunia
https://t.co/FHTdoiC2UJ..."
Seputar_Energi_,Naik,LOCATION,"Harga BBM Non Subsidi Naik, Ekonom UGM: Wajar Ikuti Harga Minyak Dunia

https://t.co/ztKN265pmy http..."
Seputar_Energi_,Bbm,PRODUCT,"Harga BBM Non Subsidi Naik, Ekonom UGM: Wajar Ikuti Harga Minyak Dunia

https://t.co/ztKN265pmy http..."
Seputar_Energi_,BBM,PRODUCT,"Harga BBM Non Subsidi Naik, Ekonom UGM: Wajar Ikuti Harga Minyak Dunia

https://t.co/ztKN265pmy http..."
Seputar_Energi_,UGM,ORGANIZATION,"Harga BBM Non Subsidi Naik, Ekonom UGM: Wajar Ikuti Harga Minyak Dunia

https://t.co/ztKN265pmy http..."
InfoJktCom,Naik,LOCATION,"Harga BBM Non Subsidi Naik, Ekonom UGM: Wajar Ikuti Harga Minyak Dunia

https://t.co/lKwp8ak9ZM http..."
InfoJktCom,Bbm,PRODUCT,"Harga BBM Non Subsidi Naik, Ekonom UGM: Wajar Ikuti Harga Minyak Dunia

https://t.co/lKwp8ak9ZM http..."
InfoJktCom,BBM,PRODUCT,"Harga BBM Non Subsidi Naik, Ekonom UGM: Wajar Ikuti Harga Minyak Dunia

https://t.co/lKwp8ak9ZM http..."
InfoJktCom,UGM,ORGANIZATION,"Harga BBM Non Subsidi Naik, Ekonom UGM: Wajar Ikuti Harga Minyak Dunia

https://t.co/lKwp8ak9ZM http..."
katakangparkir,Bbm,PRODUCT,"@dixatakan @scolpioX Masyarakat bawah sebenernya udah merasakan, kelonjakan harga ugal2an di sisi yg..."
katakangparkir,BBM,PRODUCT,"@dixatakan @scolpioX Masyarakat bawah sebenernya udah merasakan, kelonjakan harga ugal2an di sisi yg..."
inong911,Bbm,PRODUCT,"@Dara_Cega @KakekHalal BBM Subsidi nggak naik tapi barangnya nggak ada, finalnya beli yang non subsi..."
inong911,Prabowo,PERSON,"@Dara_Cega @KakekHalal BBM Subsidi nggak naik tapi barangnya nggak ada, finalnya beli yang non subsi..."
inong911,BBM,PRODUCT,"@Dara_Cega @KakekHalal BBM Subsidi nggak naik tapi barangnya nggak ada, finalnya beli yang non subsi..."
kompascom,Rp100.000.,MONEY,"Baca di sini:
https://t.co/ErHrXIdmYf

Di tengah naiknya harga BBM non-subsidi Mei 2026, harga ban m..."
kompascom,Mei,LOCATION,"Baca di sini:
https://t.co/ErHrXIdmYf

Di tengah naiknya harga BBM non-subsidi Mei 2026, harga ban m..."
kompascom,NA,ORGANIZATION,"Baca di sini:
https://t.co/ErHrXIdmYf

Di tengah naiknya harga BBM non-subsidi Mei 2026, harga ban m..."
KompasOtomotif,Rp100.000.,MONEY,"Baca di sini:
https://t.co/OZ21bqo4cZ

Di tengah naiknya harga BBM non-subsidi Mei 2026, harga ban m..."
KompasOtomotif,Mei,LOCATION,"Baca di sini:
https://t.co/OZ21bqo4cZ

Di tengah naiknya harga BBM non-subsidi Mei 2026, harga ban m..."
KompasOtomotif,Bbm,PRODUCT,"Baca di sini:
https://t.co/OZ21bqo4cZ

Di tengah naiknya harga BBM non-subsidi Mei 2026, harga ban m..."
KompasOtomotif,BBM,PRODUCT,"Baca di sini:
https://t.co/OZ21bqo4cZ

Di tengah naiknya harga BBM non-subsidi Mei 2026, harga ban m..."
KompasOtomotif,NA,ORGANIZATION,"Baca di sini:
https://t.co/OZ21bqo4cZ

Di tengah naiknya harga BBM non-subsidi Mei 2026, harga ban m..."
hafsyahaqilla,Bbm,PRODUCT,Jangan kemakan hoaks! Yang naik hanya BBM non-subsidi untuk kalangan mampu. Gas 3kg dan bensin subsi...
hafsyahaqilla,Bensin,PRODUCT,Jangan kemakan hoaks! Yang naik hanya BBM non-subsidi untuk kalangan mampu. Gas 3kg dan bensin subsi...
hafsyahaqilla,BBM,PRODUCT,Jangan kemakan hoaks! Yang naik hanya BBM non-subsidi untuk kalangan mampu. Gas 3kg dan bensin subsi...
GudangMesiu1,Pertalite,PRODUCT,"BBM naik, kita yang susah dong?
Eh, tunggu.

Yang naik → BBM non-subsidi (bensin mobil mewah)
Yang a..."
GudangMesiu1,Lpg,PRODUCT,"BBM naik, kita yang susah dong?
Eh, tunggu.

Yang naik → BBM non-subsidi (bensin mobil mewah)
Yang a..."
GudangMesiu1,Bbm,PRODUCT,"BBM naik, kita yang susah dong?
Eh, tunggu.

Yang naik → BBM non-subsidi (bensin mobil mewah)
Yang a..."
GudangMesiu1,Bensin,PRODUCT,"BBM naik, kita yang susah dong?
Eh, tunggu.

Yang naik → BBM non-subsidi (bensin mobil mewah)
Yang a..."
GudangMesiu1,BBM,PRODUCT,"BBM naik, kita yang susah dong?
Eh, tunggu.

Yang naik → BBM non-subsidi (bensin mobil mewah)
Yang a..."
GudangMesiu1,LPG,PRODUCT,"BBM naik, kita yang susah dong?
Eh, tunggu.

Yang naik → BBM non-subsidi (bensin mobil mewah)
Yang a..."
markjekardah,Bbm,PRODUCT,"emg kentut nih pemerintah, bbm non subsidi naik diem aja, dollar naik jg diem aja. gara-gara bbm nai..."
markjekardah,SEJAK,ORGANIZATION,"emg kentut nih pemerintah, bbm non subsidi naik diem aja, dollar naik jg diem aja. gara-gara bbm nai..."
markjekardah,SD,ORGANIZATION,"emg kentut nih pemerintah, bbm non subsidi naik diem aja, dollar naik jg diem aja. gara-gara bbm nai..."
terviralin,Naik Lagi,LOCATION,"Viral! Harga #BBM Non-Subsidi Naik Lagi, #Pertamina Klaim Tetap Jaga Daya #Beli #Masyarakat https://..."
terviralin,Bbm,PRODUCT,"Viral! Harga #BBM Non-Subsidi Naik Lagi, #Pertamina Klaim Tetap Jaga Daya #Beli #Masyarakat https://..."
terviralin,Pertamina,ORGANIZATION,"Viral! Harga #BBM Non-Subsidi Naik Lagi, #Pertamina Klaim Tetap Jaga Daya #Beli #Masyarakat https://..."
terviralin,BBM,PRODUCT,"Viral! Harga #BBM Non-Subsidi Naik Lagi, #Pertamina Klaim Tetap Jaga Daya #Beli #Masyarakat https://..."
ChristJonas6,Lpg,PRODUCT,@eddesign_ Data itu cuma angka2 yg bisa disetel oleh penguasa. Lihat sikon di lapangan bro. Phk dima...
ChristJonas6,Bbm,PRODUCT,@eddesign_ Data itu cuma angka2 yg bisa disetel oleh penguasa. Lihat sikon di lapangan bro. Phk dima...
ImbKosta,Bbm,PRODUCT,"Kok aneh ya, yang naik kan bbm non subsidi kenapa biaya angkut jadi naik kan kendaraan umum dan angk..."
cnbcindonesia,Pertamina,LOCATION,"Resmi Naik! Daftar Harga BBM Non Subsidi Pertamina, BP-VIVO per 5 Mei https://t.co/Ov9WmwynZ4..."
cnbcindonesia,Bbm,PRODUCT,"Resmi Naik! Daftar Harga BBM Non Subsidi Pertamina, BP-VIVO per 5 Mei https://t.co/Ov9WmwynZ4..."
cnbcindonesia,Pertamina,ORGANIZATION,"Resmi Naik! Daftar Harga BBM Non Subsidi Pertamina, BP-VIVO per 5 Mei https://t.co/Ov9WmwynZ4..."
cnbcindonesia,BBM,PRODUCT,"Resmi Naik! Daftar Harga BBM Non Subsidi Pertamina, BP-VIVO per 5 Mei https://t.co/Ov9WmwynZ4..."
cnbcindonesia,BP,ORGANIZATION,"Resmi Naik! Daftar Harga BBM Non Subsidi Pertamina, BP-VIVO per 5 Mei https://t.co/Ov9WmwynZ4..."
cnbcindonesia,VIVO,ORGANIZATION,"Resmi Naik! Daftar Harga BBM Non Subsidi Pertamina, BP-VIVO per 5 Mei https://t.co/Ov9WmwynZ4..."
rgoestama,Rp17.400,MONEY,"4 Mei 2026 be like :

1. Kurs 1 USD ud nyampe Rp17.400
2. Harga bbm non subsidi termasuk solar naik
..."
rgoestama,Solar,PRODUCT,"4 Mei 2026 be like :

1. Kurs 1 USD ud nyampe Rp17.400
2. Harga bbm non subsidi termasuk solar naik
..."
rgoestama,Bbm,PRODUCT,"4 Mei 2026 be like :

1. Kurs 1 USD ud nyampe Rp17.400
2. Harga bbm non subsidi termasuk solar naik
..."
rgoestama,Iran,LOCATION,"4 Mei 2026 be like :

1. Kurs 1 USD ud nyampe Rp17.400
2. Harga bbm non subsidi termasuk solar naik
..."
rgoestama,Jawa,LOCATION,"4 Mei 2026 be like :

1. Kurs 1 USD ud nyampe Rp17.400
2. Harga bbm non subsidi termasuk solar naik
..."
rgoestama,USD,ORGANIZATION,"4 Mei 2026 be like :

1. Kurs 1 USD ud nyampe Rp17.400
2. Harga bbm non subsidi termasuk solar naik
..."
rgoestama,US,ORGANIZATION,"4 Mei 2026 be like :

1. Kurs 1 USD ud nyampe Rp17.400
2. Harga bbm non subsidi termasuk solar naik
..."
CilacapKekinian,Rp10.000,MONEY,"BBM Non Subsidi naik lagi Sob mulai hari ini 4 Mei 2026
Dikutip dari my Pertamina
Catatan: harga unt..."
CilacapKekinian,Rp12.300,MONEY,"BBM Non Subsidi naik lagi Sob mulai hari ini 4 Mei 2026
Dikutip dari my Pertamina
Catatan: harga unt..."
CilacapKekinian,Rp19.900,MONEY,"BBM Non Subsidi naik lagi Sob mulai hari ini 4 Mei 2026
Dikutip dari my Pertamina
Catatan: harga unt..."
CilacapKekinian,Pertamax,PRODUCT,"BBM Non Subsidi naik lagi Sob mulai hari ini 4 Mei 2026
Dikutip dari my Pertamina
Catatan: harga unt..."
CilacapKekinian,Pertalite,PRODUCT,"BBM Non Subsidi naik lagi Sob mulai hari ini 4 Mei 2026
Dikutip dari my Pertamina
Catatan: harga unt..."
CilacapKekinian,Pertamax Green,PRODUCT,"BBM Non Subsidi naik lagi Sob mulai hari ini 4 Mei 2026
Dikutip dari my Pertamina
Catatan: harga unt..."
CilacapKekinian,Pertamax Turbo,PRODUCT,"BBM Non Subsidi naik lagi Sob mulai hari ini 4 Mei 2026
Dikutip dari my Pertamina
Catatan: harga unt..."
CilacapKekinian,Bbm,PRODUCT,"BBM Non Subsidi naik lagi Sob mulai hari ini 4 Mei 2026
Dikutip dari my Pertamina
Catatan: harga unt..."
CilacapKekinian,Jakarta,LOCATION,"BBM Non Subsidi naik lagi Sob mulai hari ini 4 Mei 2026
Dikutip dari my Pertamina
Catatan: harga unt..."
CilacapKekinian,Jawa,LOCATION,"BBM Non Subsidi naik lagi Sob mulai hari ini 4 Mei 2026
Dikutip dari my Pertamina
Catatan: harga unt..."
CilacapKekinian,Pertamina,ORGANIZATION,"BBM Non Subsidi naik lagi Sob mulai hari ini 4 Mei 2026
Dikutip dari my Pertamina
Catatan: harga unt..."
CilacapKekinian,BBM,PRODUCT,"BBM Non Subsidi naik lagi Sob mulai hari ini 4 Mei 2026
Dikutip dari my Pertamina
Catatan: harga unt..."
CilacapKekinian,DKI,ORGANIZATION,"BBM Non Subsidi naik lagi Sob mulai hari ini 4 Mei 2026
Dikutip dari my Pertamina
Catatan: harga unt..."
CilacapKekinian,DI,ORGANIZATION,"BBM Non Subsidi naik lagi Sob mulai hari ini 4 Mei 2026
Dikutip dari my Pertamina
Catatan: harga unt..."
cnbcindonesia,Semua,LOCATION,Resmi Naik! Daftar Terbaru Harga BBM Non Subsidi di Semua SPBU RI https://t.co/h6jX5cSdxm...
cnbcindonesia,SPBU,PRODUCT,Resmi Naik! Daftar Terbaru Harga BBM Non Subsidi di Semua SPBU RI https://t.co/h6jX5cSdxm...
cnbcindonesia,RI,ORGANIZATION,Resmi Naik! Daftar Terbaru Harga BBM Non Subsidi di Semua SPBU RI https://t.co/h6jX5cSdxm...
Hidupsebagai62,Rp25,MONEY,"NEGARA NOMBOK Rp25 TRILIUN ?? KOK BISA?

Menteri Keuangan Purbaya memecat dua pejabat Direktorat Jen..."
Hidupsebagai62,Keuangan Purbaya,PERSON,"NEGARA NOMBOK Rp25 TRILIUN ?? KOK BISA?

Menteri Keuangan Purbaya memecat dua pejabat Direktorat Jen..."
Hidupsebagai62,Purbaya Yudhi Sadewa,PERSON,"NEGARA NOMBOK Rp25 TRILIUN ?? KOK BISA?

Menteri Keuangan Purbaya memecat dua pejabat Direktorat Jen..."
Hidupsebagai62,Purbaya,PERSON,"NEGARA NOMBOK Rp25 TRILIUN ?? KOK BISA?

Menteri Keuangan Purbaya memecat dua pejabat Direktorat Jen..."
Hidupsebagai62,NEGARA,ORGANIZATION,"NEGARA NOMBOK Rp25 TRILIUN ?? KOK BISA?

Menteri Keuangan Purbaya memecat dua pejabat Direktorat Jen..."
Hidupsebagai62,NOMBOK,ORGANIZATION,"NEGARA NOMBOK Rp25 TRILIUN ?? KOK BISA?

Menteri Keuangan Purbaya memecat dua pejabat Direktorat Jen..."
Hidupsebagai62,TRILIUN,ORGANIZATION,"NEGARA NOMBOK Rp25 TRILIUN ?? KOK BISA?

Menteri Keuangan Purbaya memecat dua pejabat Direktorat Jen..."
Hidupsebagai62,KOK,ORGANIZATION,"NEGARA NOMBOK Rp25 TRILIUN ?? KOK BISA?

Menteri Keuangan Purbaya memecat dua pejabat Direktorat Jen..."
Putra_Adi_YM,Istana,LOCATION,"[OPLOSAN]

Gay di Istana, Tolak Naik BBM Non Subsidi (mintanya BBM Subsidi yg dinaiki), Rupiah melem..."
Putra_Adi_YM,Bbm,PRODUCT,"[OPLOSAN]

Gay di Istana, Tolak Naik BBM Non Subsidi (mintanya BBM Subsidi yg dinaiki), Rupiah melem..."
Putra_Adi_YM,OPLOSAN,ORGANIZATION,"[OPLOSAN]

Gay di Istana, Tolak Naik BBM Non Subsidi (mintanya BBM Subsidi yg dinaiki), Rupiah melem..."
Putra_Adi_YM,BBM,PRODUCT,"[OPLOSAN]

Gay di Istana, Tolak Naik BBM Non Subsidi (mintanya BBM Subsidi yg dinaiki), Rupiah melem..."
Putra_Adi_YM,NGO,ORGANIZATION,"[OPLOSAN]

Gay di Istana, Tolak Naik BBM Non Subsidi (mintanya BBM Subsidi yg dinaiki), Rupiah melem..."
ruudii_h,Bbm,PRODUCT,"Beberapa kejadian atau ringkasan berita ekonomi hari ini:
1. Rupiah kembali melemah terhadap USD di ..."
ruudii_h,USD,ORGANIZATION,"Beberapa kejadian atau ringkasan berita ekonomi hari ini:
1. Rupiah kembali melemah terhadap USD di ..."
ruudii_h,IHSG,ORGANIZATION,"Beberapa kejadian atau ringkasan berita ekonomi hari ini:
1. Rupiah kembali melemah terhadap USD di ..."
ruudii_h,BBM,PRODUCT,"Beberapa kejadian atau ringkasan berita ekonomi hari ini:
1. Rupiah kembali melemah terhadap USD di ..."
RadioElshinta,Rp19.400,MONEY,"PT Pertamina (Persero) resmi menaikkan harga sejumlah BBM non-subsidi mulai Senin, 4 Mei 2026, kenai..."
RadioElshinta,Rp19.900,MONEY,"PT Pertamina (Persero) resmi menaikkan harga sejumlah BBM non-subsidi mulai Senin, 4 Mei 2026, kenai..."
RadioElshinta,Jakarta,LOCATION,"PT Pertamina (Persero) resmi menaikkan harga sejumlah BBM non-subsidi mulai Senin, 4 Mei 2026, kenai..."
RadioElshinta,DKI,ORGANIZATION,"PT Pertamina (Persero) resmi menaikkan harga sejumlah BBM non-subsidi mulai Senin, 4 Mei 2026, kenai..."
triwul82,"Rp19.900,",MONEY,"Kabar buruk lagi pagi ini: Per hari ini, harga BBM non-subsidi resmi naik lagi. Pertamax Turbo tembu..."
triwul82,"Rp26.000,",MONEY,"Kabar buruk lagi pagi ini: Per hari ini, harga BBM non-subsidi resmi naik lagi. Pertamax Turbo tembu..."
triwul82,Rp4.000,MONEY,"Kabar buruk lagi pagi ini: Per hari ini, harga BBM non-subsidi resmi naik lagi. Pertamax Turbo tembu..."
triwul82,Rp27.900,MONEY,"Kabar buruk lagi pagi ini: Per hari ini, harga BBM non-subsidi resmi naik lagi. Pertamax Turbo tembu..."
triwul82,Pertamina Dex,LOCATION,"Kabar buruk lagi pagi ini: Per hari ini, harga BBM non-subsidi resmi naik lagi. Pertamax Turbo tembu..."
triwul82,Rp,LOCATION,"Kabar buruk lagi pagi ini: Per hari ini, harga BBM non-subsidi resmi naik lagi. Pertamax Turbo tembu..."
triwul82,Pertamax,PRODUCT,"Kabar buruk lagi pagi ini: Per hari ini, harga BBM non-subsidi resmi naik lagi. Pertamax Turbo tembu..."
triwul82,Pertamax Turbo,PRODUCT,"Kabar buruk lagi pagi ini: Per hari ini, harga BBM non-subsidi resmi naik lagi. Pertamax Turbo tembu..."
triwul82,Bbm,PRODUCT,"Kabar buruk lagi pagi ini: Per hari ini, harga BBM non-subsidi resmi naik lagi. Pertamax Turbo tembu..."
triwul82,Pertamina,ORGANIZATION,"Kabar buruk lagi pagi ini: Per hari ini, harga BBM non-subsidi resmi naik lagi. Pertamax Turbo tembu..."
triwul82,BBM,PRODUCT,"Kabar buruk lagi pagi ini: Per hari ini, harga BBM non-subsidi resmi naik lagi. Pertamax Turbo tembu..."
SuryoYEY,Bbm,PRODUCT,"@abulmuzaffar10 Waktu baca berita kemarin juga udah was - was sih, harga BBM non subsidi naik (yang ..."
SuryoYEY,BBM,PRODUCT,"@abulmuzaffar10 Waktu baca berita kemarin juga udah was - was sih, harga BBM non subsidi naik (yang ..."
SuryoYEY,RON,ORGANIZATION,"@abulmuzaffar10 Waktu baca berita kemarin juga udah was - was sih, harga BBM non subsidi naik (yang ..."
KangManto123,Bbm,PRODUCT,"1.200 kapan nelayan Pati tak bisa melaut karen BBM non subsidi naik...👽👽

Gimana ini pak @prabowo ht..."
KangManto123,Prabowo,PERSON,"1.200 kapan nelayan Pati tak bisa melaut karen BBM non subsidi naik...👽👽

Gimana ini pak @prabowo ht..."
KangManto123,BBM,PRODUCT,"1.200 kapan nelayan Pati tak bisa melaut karen BBM non subsidi naik...👽👽

Gimana ini pak @prabowo ht..."
fajaronline,Rp27.900,MONEY,"Harga BBM Non-Subsidi Naik Lagi, Dex Tembus Rp27.900: Efek ke Ongkos Hidup Mulai Terasa https://t.co..."
fajaronline,Naik Lagi,LOCATION,"Harga BBM Non-Subsidi Naik Lagi, Dex Tembus Rp27.900: Efek ke Ongkos Hidup Mulai Terasa https://t.co..."
fajaronline,Ongkos Hidup Mulai Terasa,LOCATION,"Harga BBM Non-Subsidi Naik Lagi, Dex Tembus Rp27.900: Efek ke Ongkos Hidup Mulai Terasa https://t.co..."
fajaronline,Bbm,PRODUCT,"Harga BBM Non-Subsidi Naik Lagi, Dex Tembus Rp27.900: Efek ke Ongkos Hidup Mulai Terasa https://t.co..."
fajaronline,BBM,PRODUCT,"Harga BBM Non-Subsidi Naik Lagi, Dex Tembus Rp27.900: Efek ke Ongkos Hidup Mulai Terasa https://t.co..."
detikfinance,Kembali Naik Mulai Hari Ini,LOCATION,Harga BBM Non-Subsidi Kembali Naik Mulai Hari Ini https://t.co/XsPGErDPo2...
detikfinance,Bbm,PRODUCT,Harga BBM Non-Subsidi Kembali Naik Mulai Hari Ini https://t.co/XsPGErDPo2...
detikfinance,BBM,PRODUCT,Harga BBM Non-Subsidi Kembali Naik Mulai Hari Ini https://t.co/XsPGErDPo2...
TRTindonesia,"Rp19.900,",MONEY,"Naik lagi, ini harga terbaru BBM Pertamina non-subsidi: Pertamax Turbo Rp 19.900, Dex Rp 27.900, Dex..."
TRTindonesia,"Rp27.900,",MONEY,"Naik lagi, ini harga terbaru BBM Pertamina non-subsidi: Pertamax Turbo Rp 19.900, Dex Rp 27.900, Dex..."
TRTindonesia,Rp26.000,MONEY,"Naik lagi, ini harga terbaru BBM Pertamina non-subsidi: Pertamax Turbo Rp 19.900, Dex Rp 27.900, Dex..."
TRTindonesia,Pertamax,PRODUCT,"Naik lagi, ini harga terbaru BBM Pertamina non-subsidi: Pertamax Turbo Rp 19.900, Dex Rp 27.900, Dex..."
TRTindonesia,Dexlite,PRODUCT,"Naik lagi, ini harga terbaru BBM Pertamina non-subsidi: Pertamax Turbo Rp 19.900, Dex Rp 27.900, Dex..."
TRTindonesia,Pertamax Turbo,PRODUCT,"Naik lagi, ini harga terbaru BBM Pertamina non-subsidi: Pertamax Turbo Rp 19.900, Dex Rp 27.900, Dex..."
TRTindonesia,Bbm,PRODUCT,"Naik lagi, ini harga terbaru BBM Pertamina non-subsidi: Pertamax Turbo Rp 19.900, Dex Rp 27.900, Dex..."
TRTindonesia,Pertamina,ORGANIZATION,"Naik lagi, ini harga terbaru BBM Pertamina non-subsidi: Pertamax Turbo Rp 19.900, Dex Rp 27.900, Dex..."
TRTindonesia,BBM,PRODUCT,"Naik lagi, ini harga terbaru BBM Pertamina non-subsidi: Pertamax Turbo Rp 19.900, Dex Rp 27.900, Dex..."
NexIDN,Bbm,PRODUCT,@Jateng_Twit Solidaritas nelayan Pati! Harga BBM non-subsidi emang harus lebih adil buat perikanan t...
NexIDN,BBM,PRODUCT,@Jateng_Twit Solidaritas nelayan Pati! Harga BBM non-subsidi emang harus lebih adil buat perikanan t...
NovaNauval58209,Prabowo Subianto,PERSON,"@insidefolkative Lalu apa masalahnya? BBM memang naik, tapi harga masih stabil dan terjaga. Yang nai..."
NovaNauval58209,Asia,LOCATION,"@insidefolkative Lalu apa masalahnya? BBM memang naik, tapi harga masih stabil dan terjaga. Yang nai..."
NovaNauval58209,Bbm,PRODUCT,"@insidefolkative Lalu apa masalahnya? BBM memang naik, tapi harga masih stabil dan terjaga. Yang nai..."
NovaNauval58209,Indonesia,LOCATION,"@insidefolkative Lalu apa masalahnya? BBM memang naik, tapi harga masih stabil dan terjaga. Yang nai..."
NovaNauval58209,Prabowo,PERSON,"@insidefolkative Lalu apa masalahnya? BBM memang naik, tapi harga masih stabil dan terjaga. Yang nai..."
NovaNauval58209,BBM,PRODUCT,"@insidefolkative Lalu apa masalahnya? BBM memang naik, tapi harga masih stabil dan terjaga. Yang nai..."
cnbcindonesia,Pertamina Naik,LOCATION,"Harga BBM Non Subsidi Pertamina Naik-Korban Baru Perang AS-Iran

Baca selengkapnya di 👇🏻 atau downlo..."
cnbcindonesia,App,LOCATION,"Harga BBM Non Subsidi Pertamina Naik-Korban Baru Perang AS-Iran

Baca selengkapnya di 👇🏻 atau downlo..."
cnbcindonesia,Indonesia,LOCATION,"Harga BBM Non Subsidi Pertamina Naik-Korban Baru Perang AS-Iran

Baca selengkapnya di 👇🏻 atau downlo..."
cnbcindonesia,Iran,LOCATION,"Harga BBM Non Subsidi Pertamina Naik-Korban Baru Perang AS-Iran

Baca selengkapnya di 👇🏻 atau downlo..."
cnbcindonesia,AS,ORGANIZATION,"Harga BBM Non Subsidi Pertamina Naik-Korban Baru Perang AS-Iran

Baca selengkapnya di 👇🏻 atau downlo..."
cnbcindonesia,CNBC,ORGANIZATION,"Harga BBM Non Subsidi Pertamina Naik-Korban Baru Perang AS-Iran

Baca selengkapnya di 👇🏻 atau downlo..."
insidefolkative,Pertamax,PRODUCT,"Harga BBM Non Subsidi naik per 4 Mei 2026:

Pertamax Turbo: 19.400 -&gt; 19.900
Dexlite: 23.600 -&gt..."
insidefolkative,Dexlite,PRODUCT,"Harga BBM Non Subsidi naik per 4 Mei 2026:

Pertamax Turbo: 19.400 -&gt; 19.900
Dexlite: 23.600 -&gt..."
insidefolkative,Pertamax Turbo,PRODUCT,"Harga BBM Non Subsidi naik per 4 Mei 2026:

Pertamax Turbo: 19.400 -&gt; 19.900
Dexlite: 23.600 -&gt..."
insidefolkative,Bbm,PRODUCT,"Harga BBM Non Subsidi naik per 4 Mei 2026:

Pertamax Turbo: 19.400 -&gt; 19.900
Dexlite: 23.600 -&gt..."
insidefolkative,Pertamina,ORGANIZATION,"Harga BBM Non Subsidi naik per 4 Mei 2026:

Pertamax Turbo: 19.400 -&gt; 19.900
Dexlite: 23.600 -&gt..."
insidefolkative,BBM,PRODUCT,"Harga BBM Non Subsidi naik per 4 Mei 2026:

Pertamax Turbo: 19.400 -&gt; 19.900
Dexlite: 23.600 -&gt..."
majikanpenjabat,Bbm,PRODUCT,"maka...

siapa bilang BBM non subsidi naik harga ga berpengaruh ke hidup kita2 si miskin ini?

tetap..."
majikanpenjabat,BBM,PRODUCT,"maka...

siapa bilang BBM non subsidi naik harga ga berpengaruh ke hidup kita2 si miskin ini?

tetap..."
rubicnews__,Kompak Naik,LOCATION,"BBM Non Subsidi Kompak Naik di Seluruh SPBU per 4 Mei 2026, Ini Daftar Harganya di Pertamina, BP-AKR..."
rubicnews__,Seluruh,LOCATION,"BBM Non Subsidi Kompak Naik di Seluruh SPBU per 4 Mei 2026, Ini Daftar Harganya di Pertamina, BP-AKR..."
rubicnews__,Pertamina,LOCATION,"BBM Non Subsidi Kompak Naik di Seluruh SPBU per 4 Mei 2026, Ini Daftar Harganya di Pertamina, BP-AKR..."
rubicnews__,Bbm,PRODUCT,"BBM Non Subsidi Kompak Naik di Seluruh SPBU per 4 Mei 2026, Ini Daftar Harganya di Pertamina, BP-AKR..."
rubicnews__,Pertamina,ORGANIZATION,"BBM Non Subsidi Kompak Naik di Seluruh SPBU per 4 Mei 2026, Ini Daftar Harganya di Pertamina, BP-AKR..."
rubicnews__,BBM,PRODUCT,"BBM Non Subsidi Kompak Naik di Seluruh SPBU per 4 Mei 2026, Ini Daftar Harganya di Pertamina, BP-AKR..."
rubicnews__,SPBU,PRODUCT,"BBM Non Subsidi Kompak Naik di Seluruh SPBU per 4 Mei 2026, Ini Daftar Harganya di Pertamina, BP-AKR..."
rubicnews__,BP,ORGANIZATION,"BBM Non Subsidi Kompak Naik di Seluruh SPBU per 4 Mei 2026, Ini Daftar Harganya di Pertamina, BP-AKR..."
rubicnews__,AKR,ORGANIZATION,"BBM Non Subsidi Kompak Naik di Seluruh SPBU per 4 Mei 2026, Ini Daftar Harganya di Pertamina, BP-AKR..."
Jateng_Twit,Pertalite,LOCATION,"HARGA BBM NON SUBSIDI KEMBALI NAIK

Pada Senin, 4 Mei ini, terpantau Pertamina menyesuaikan harga 3 ..."
Jateng_Twit,Pertamina,ORGANIZATION,"HARGA BBM NON SUBSIDI KEMBALI NAIK

Pada Senin, 4 Mei ini, terpantau Pertamina menyesuaikan harga 3 ..."
Jateng_Twit,HARGA,ORGANIZATION,"HARGA BBM NON SUBSIDI KEMBALI NAIK

Pada Senin, 4 Mei ini, terpantau Pertamina menyesuaikan harga 3 ..."
Jateng_Twit,NON,ORGANIZATION,"HARGA BBM NON SUBSIDI KEMBALI NAIK

Pada Senin, 4 Mei ini, terpantau Pertamina menyesuaikan harga 3 ..."
Jateng_Twit,SUBSIDI,ORGANIZATION,"HARGA BBM NON SUBSIDI KEMBALI NAIK

Pada Senin, 4 Mei ini, terpantau Pertamina menyesuaikan harga 3 ..."
Jateng_Twit,KEMBALI,ORGANIZATION,"HARGA BBM NON SUBSIDI KEMBALI NAIK

Pada Senin, 4 Mei ini, terpantau Pertamina menyesuaikan harga 3 ..."
Jateng_Twit,NAIK,ORGANIZATION,"HARGA BBM NON SUBSIDI KEMBALI NAIK

Pada Senin, 4 Mei ini, terpantau Pertamina menyesuaikan harga 3 ..."
cnbcindonesia,Naik,LOCATION,"BBM Non-Subsidi Naik, Inflasi April Diramal Naik ke 2,72% (yoy)

Baca selengkapnya di 👇🏻 atau downlo..."
cnbcindonesia,Resmi Naik,LOCATION,"Harga BBM Non Subsidi Resmi Naik, Pertamina Buka Suara

Baca selengkapnya di 👇🏻 atau download app CN..."
PaltiHutabarat,Solar,PRODUCT,"Harga Solar Naik, Nelayan Pati Berhenti Melaut dan Pelelangan Ikan Terdampak..

Kenapa yang naik BBM..."
PaltiHutabarat,Bbm,PRODUCT,"Harga Solar Naik, Nelayan Pati Berhenti Melaut dan Pelelangan Ikan Terdampak..

Kenapa yang naik BBM..."
PaltiHutabarat,BBM,PRODUCT,"Harga Solar Naik, Nelayan Pati Berhenti Melaut dan Pelelangan Ikan Terdampak..

Kenapa yang naik BBM..."
SINDOnews,Pertamax,PRODUCT,"PT Pertamina (Persero) kembali menaikkan harga bahan bakar minyak (BBM) non-subsidi pada hari ini, S..."
SINDOnews,Dexlite,PRODUCT,"PT Pertamina (Persero) kembali menaikkan harga bahan bakar minyak (BBM) non-subsidi pada hari ini, S..."
SINDOnews,Pertamax Turbo,PRODUCT,"PT Pertamina (Persero) kembali menaikkan harga bahan bakar minyak (BBM) non-subsidi pada hari ini, S..."
SINDOnews,Bbm,PRODUCT,"PT Pertamina (Persero) kembali menaikkan harga bahan bakar minyak (BBM) non-subsidi pada hari ini, S..."
SINDOnews,Pertamina,ORGANIZATION,"PT Pertamina (Persero) kembali menaikkan harga bahan bakar minyak (BBM) non-subsidi pada hari ini, S..."
SINDOnews,PT,ORGANIZATION,"PT Pertamina (Persero) kembali menaikkan harga bahan bakar minyak (BBM) non-subsidi pada hari ini, S..."
SINDOnews,BBM,PRODUCT,"PT Pertamina (Persero) kembali menaikkan harga bahan bakar minyak (BBM) non-subsidi pada hari ini, S..."
AraituLaki,Bbm,PRODUCT,"NELAYAN “libur” Melaut, Gak Sanggup Beli BBM‼️

Jk semua nelayan tradisional Libur, mk stock ikan di..."
AraituLaki,Mk,ORGANIZATION,"NELAYAN “libur” Melaut, Gak Sanggup Beli BBM‼️

Jk semua nelayan tradisional Libur, mk stock ikan di..."
AraituLaki,NELAYAN,ORGANIZATION,"NELAYAN “libur” Melaut, Gak Sanggup Beli BBM‼️

Jk semua nelayan tradisional Libur, mk stock ikan di..."
AraituLaki,BBM,PRODUCT,"NELAYAN “libur” Melaut, Gak Sanggup Beli BBM‼️

Jk semua nelayan tradisional Libur, mk stock ikan di..."
AraituLaki,NON,ORGANIZATION,"NELAYAN “libur” Melaut, Gak Sanggup Beli BBM‼️

Jk semua nelayan tradisional Libur, mk stock ikan di..."
AraituLaki,SUBSIDI,ORGANIZATION,"NELAYAN “libur” Melaut, Gak Sanggup Beli BBM‼️

Jk semua nelayan tradisional Libur, mk stock ikan di..."
AraituLaki,GOBLOG,ORGANIZATION,"NELAYAN “libur” Melaut, Gak Sanggup Beli BBM‼️

Jk semua nelayan tradisional Libur, mk stock ikan di..."
AraituLaki,TERJAWAB,ORGANIZATION,"NELAYAN “libur” Melaut, Gak Sanggup Beli BBM‼️

Jk semua nelayan tradisional Libur, mk stock ikan di..."
MisdiPriansyah4,Bbm,PRODUCT,"@KangSemproel @triwul82 @Baribis_ BBM non subsidi gak naik tapi semua kebutuhan pokok sdh naik
Ekono..."
MisdiPriansyah4,BBM,PRODUCT,"@KangSemproel @triwul82 @Baribis_ BBM non subsidi gak naik tapi semua kebutuhan pokok sdh naik
Ekono..."
cnbcindonesia,Pertamina Resmi Naik,LOCATION,"Harga BBM Non Subsidi Pertamina Resmi Naik, Berlaku 4 Mei 2026 https://t.co/uDfmRxoidg..."
BtxSian,Bbm,PRODUCT,"Hari kerja pertama di bulan Mei 2026, nun jauh di sana Hormuz masih di portal, akibatnya BBM non sub..."
BtxSian,BBM,PRODUCT,"Hari kerja pertama di bulan Mei 2026, nun jauh di sana Hormuz masih di portal, akibatnya BBM non sub..."
Amortalizartsz,Bbm,PRODUCT,"@BiLLRaY2019 Purbaya : Ekonomi kita mulai terlihat adanya peningkatan 8%

Aktual : 
1. Semua harga m..."
Amortalizartsz,Purbaya,PERSON,"@BiLLRaY2019 Purbaya : Ekonomi kita mulai terlihat adanya peningkatan 8%

Aktual : 
1. Semua harga m..."
Amortalizartsz,PHK,ORGANIZATION,"@BiLLRaY2019 Purbaya : Ekonomi kita mulai terlihat adanya peningkatan 8%

Aktual : 
1. Semua harga m..."
Amortalizartsz,IHSG,ORGANIZATION,"@BiLLRaY2019 Purbaya : Ekonomi kita mulai terlihat adanya peningkatan 8%

Aktual : 
1. Semua harga m..."
Amortalizartsz,YTD,ORGANIZATION,"@BiLLRaY2019 Purbaya : Ekonomi kita mulai terlihat adanya peningkatan 8%

Aktual : 
1. Semua harga m..."
Amortalizartsz,ATL,ORGANIZATION,"@BiLLRaY2019 Purbaya : Ekonomi kita mulai terlihat adanya peningkatan 8%

Aktual : 
1. Semua harga m..."
Amortalizartsz,USD,ORGANIZATION,"@BiLLRaY2019 Purbaya : Ekonomi kita mulai terlihat adanya peningkatan 8%

Aktual : 
1. Semua harga m..."
Amortalizartsz,SGD,ORGANIZATION,"@BiLLRaY2019 Purbaya : Ekonomi kita mulai terlihat adanya peningkatan 8%

Aktual : 
1. Semua harga m..."
Amortalizartsz,BBM,PRODUCT,"@BiLLRaY2019 Purbaya : Ekonomi kita mulai terlihat adanya peningkatan 8%

Aktual : 
1. Semua harga m..."
Amortalizartsz,DLL,ORGANIZATION,"@BiLLRaY2019 Purbaya : Ekonomi kita mulai terlihat adanya peningkatan 8%

Aktual : 
1. Semua harga m..."
JuanJulianto2,Lpg,PRODUCT,"Gaes  berita buruk nih …. 

1 dunia di paksa unt toleran harga baru BBM &amp; LPG nantinya , LPG 12k..."
JuanJulianto2,LPG,PRODUCT,"Gaes  berita buruk nih …. 

1 dunia di paksa unt toleran harga baru BBM &amp; LPG nantinya , LPG 12k..."
ferizandra,Rp17.300,MONEY,"Ekonomi Indonesia Sedang Tidak Baik-Baik Saja, dan Begini Dampak Berantainya ke Semua Sektor...

Ini..."
ferizandra,Rp833,MONEY,"Ekonomi Indonesia Sedang Tidak Baik-Baik Saja, dan Begini Dampak Berantainya ke Semua Sektor...

Ini..."
ferizandra,Rp9.658,MONEY,"Ekonomi Indonesia Sedang Tidak Baik-Baik Saja, dan Begini Dampak Berantainya ke Semua Sektor...

Ini..."
ferizandra,Rp599,MONEY,"Ekonomi Indonesia Sedang Tidak Baik-Baik Saja, dan Begini Dampak Berantainya ke Semua Sektor...

Ini..."
ferizandra,Semua Sektor,LOCATION,"Ekonomi Indonesia Sedang Tidak Baik-Baik Saja, dan Begini Dampak Berantainya ke Semua Sektor...

Ini..."
ferizandra,Indonesia,LOCATION,"Ekonomi Indonesia Sedang Tidak Baik-Baik Saja, dan Begini Dampak Berantainya ke Semua Sektor...

Ini..."
ferizandra,IHSG,ORGANIZATION,"Ekonomi Indonesia Sedang Tidak Baik-Baik Saja, dan Begini Dampak Berantainya ke Semua Sektor...

Ini..."
LambeSahamjja,Rp17.300.,MONEY,"Guys, rupiah sekarang sudah di Rp17.300. 
Dan ada tiga skenario yang perlu lo pahami tentang apa yan..."
LambeSahamjja,Rp18.500,MONEY,"Guys, rupiah sekarang sudah di Rp17.300. 
Dan ada tiga skenario yang perlu lo pahami tentang apa yan..."
LambeSahamjja,Rp,LOCATION,"Guys, rupiah sekarang sudah di Rp17.300. 
Dan ada tiga skenario yang perlu lo pahami tentang apa yan..."
KementerianESDM,Bbm,PRODUCT,"BBM NON SUBSIDI WAJAR NAIK TURUN‼️

#SobatEnergi, ngaku sultan atau cuma ngaku-ngaku? Masa BBM non-s..."
KementerianESDM,BBM,PRODUCT,"BBM NON SUBSIDI WAJAR NAIK TURUN‼️

#SobatEnergi, ngaku sultan atau cuma ngaku-ngaku? Masa BBM non-s..."
KementerianESDM,NON,ORGANIZATION,"BBM NON SUBSIDI WAJAR NAIK TURUN‼️

#SobatEnergi, ngaku sultan atau cuma ngaku-ngaku? Masa BBM non-s..."
KementerianESDM,SUBSIDI,ORGANIZATION,"BBM NON SUBSIDI WAJAR NAIK TURUN‼️

#SobatEnergi, ngaku sultan atau cuma ngaku-ngaku? Masa BBM non-s..."
KementerianESDM,WAJAR,ORGANIZATION,"BBM NON SUBSIDI WAJAR NAIK TURUN‼️

#SobatEnergi, ngaku sultan atau cuma ngaku-ngaku? Masa BBM non-s..."
KementerianESDM,NAIK,ORGANIZATION,"BBM NON SUBSIDI WAJAR NAIK TURUN‼️

#SobatEnergi, ngaku sultan atau cuma ngaku-ngaku? Masa BBM non-s..."
KementerianESDM,TURUN,ORGANIZATION,"BBM NON SUBSIDI WAJAR NAIK TURUN‼️

#SobatEnergi, ngaku sultan atau cuma ngaku-ngaku? Masa BBM non-s..."
KapudS640,Rp17.360,MONEY,"Cuma mau kasih tau:
💵 Dolar AS tembus Rp 17.360
📅 17 Juli jatuh tempo utang Rp 833 T
🏦 Total utang R..."
KapudS640,Rp833,MONEY,"Cuma mau kasih tau:
💵 Dolar AS tembus Rp 17.360
📅 17 Juli jatuh tempo utang Rp 833 T
🏦 Total utang R..."
KapudS640,Rp9.658,MONEY,"Cuma mau kasih tau:
💵 Dolar AS tembus Rp 17.360
📅 17 Juli jatuh tempo utang Rp 833 T
🏦 Total utang R..."
KapudS640,Rp599,MONEY,"Cuma mau kasih tau:
💵 Dolar AS tembus Rp 17.360
📅 17 Juli jatuh tempo utang Rp 833 T
🏦 Total utang R..."
KapudS640,Lpg,PRODUCT,"Cuma mau kasih tau:
💵 Dolar AS tembus Rp 17.360
📅 17 Juli jatuh tempo utang Rp 833 T
🏦 Total utang R..."
KapudS640,Bbm,PRODUCT,"Cuma mau kasih tau:
💵 Dolar AS tembus Rp 17.360
📅 17 Juli jatuh tempo utang Rp 833 T
🏦 Total utang R..."
KapudS640,AS,ORGANIZATION,"Cuma mau kasih tau:
💵 Dolar AS tembus Rp 17.360
📅 17 Juli jatuh tempo utang Rp 833 T
🏦 Total utang R..."
KapudS640,IHSG,ORGANIZATION,"Cuma mau kasih tau:
💵 Dolar AS tembus Rp 17.360
📅 17 Juli jatuh tempo utang Rp 833 T
🏦 Total utang R..."
KapudS640,LPG,PRODUCT,"Cuma mau kasih tau:
💵 Dolar AS tembus Rp 17.360
📅 17 Juli jatuh tempo utang Rp 833 T
🏦 Total utang R..."
KapudS640,BBM,PRODUCT,"Cuma mau kasih tau:
💵 Dolar AS tembus Rp 17.360
📅 17 Juli jatuh tempo utang Rp 833 T
🏦 Total utang R..."
KapudS640,WNI,ORGANIZATION,"Cuma mau kasih tau:
💵 Dolar AS tembus Rp 17.360
📅 17 Juli jatuh tempo utang Rp 833 T
🏦 Total utang R..."
hipohan,Lpg,PRODUCT,"Mertuanya utk capai kerusakan ekonomi perlu 32 tahun, menantunya gak sampai 2 tahun 😴

&gt;USD 17.30..."
hipohan,Bbm,PRODUCT,"Mertuanya utk capai kerusakan ekonomi perlu 32 tahun, menantunya gak sampai 2 tahun 😴

&gt;USD 17.30..."
hipohan,USD,ORGANIZATION,"Mertuanya utk capai kerusakan ekonomi perlu 32 tahun, menantunya gak sampai 2 tahun 😴

&gt;USD 17.30..."
hipohan,IHSG,ORGANIZATION,"Mertuanya utk capai kerusakan ekonomi perlu 32 tahun, menantunya gak sampai 2 tahun 😴

&gt;USD 17.30..."
hipohan,LPG,PRODUCT,"Mertuanya utk capai kerusakan ekonomi perlu 32 tahun, menantunya gak sampai 2 tahun 😴

&gt;USD 17.30..."
hipohan,BBM,PRODUCT,"Mertuanya utk capai kerusakan ekonomi perlu 32 tahun, menantunya gak sampai 2 tahun 😴

&gt;USD 17.30..."
WagimanDeep212_,Lpg,PRODUCT,"Mereka sedang menangisi :
LPG non subsidi naik 18%
BBM non subsidi naik 40-60%
Dollar 17.300
Utang j..."
WagimanDeep212_,Bbm,PRODUCT,"Mereka sedang menangisi :
LPG non subsidi naik 18%
BBM non subsidi naik 40-60%
Dollar 17.300
Utang j..."
WagimanDeep212_,LPG,PRODUCT,"Mereka sedang menangisi :
LPG non subsidi naik 18%
BBM non subsidi naik 40-60%
Dollar 17.300
Utang j..."
WagimanDeep212_,BBM,PRODUCT,"Mereka sedang menangisi :
LPG non subsidi naik 18%
BBM non subsidi naik 40-60%
Dollar 17.300
Utang j..."
WagimanDeep212_,IHSG,ORGANIZATION,"Mereka sedang menangisi :
LPG non subsidi naik 18%
BBM non subsidi naik 40-60%
Dollar 17.300
Utang j..."
_pandangsudut,Lpg,PRODUCT,"@tempodotco Mint, nggak beritain keberhasilan MBG aja? apa itu rupiah melemah, IHSG anjlok, utang ja..."
_pandangsudut,Bbm,PRODUCT,"@tempodotco Mint, nggak beritain keberhasilan MBG aja? apa itu rupiah melemah, IHSG anjlok, utang ja..."
_pandangsudut,MBG,ORGANIZATION,"@tempodotco Mint, nggak beritain keberhasilan MBG aja? apa itu rupiah melemah, IHSG anjlok, utang ja..."
_pandangsudut,IHSG,ORGANIZATION,"@tempodotco Mint, nggak beritain keberhasilan MBG aja? apa itu rupiah melemah, IHSG anjlok, utang ja..."
_pandangsudut,BBM,PRODUCT,"@tempodotco Mint, nggak beritain keberhasilan MBG aja? apa itu rupiah melemah, IHSG anjlok, utang ja..."
_pandangsudut,LPG,PRODUCT,"@tempodotco Mint, nggak beritain keberhasilan MBG aja? apa itu rupiah melemah, IHSG anjlok, utang ja..."
yaniarsim,Lpg,PRODUCT,"Cuma mau kasih tau :
Dollar 17.300
Utang jatuh tempo 833 T
Total utang 9.658 T
Bunga utang 599 T
IHS..."
yaniarsim,Bbm,PRODUCT,"Cuma mau kasih tau :
Dollar 17.300
Utang jatuh tempo 833 T
Total utang 9.658 T
Bunga utang 599 T
IHS..."
yaniarsim,IHSG,ORGANIZATION,"Cuma mau kasih tau :
Dollar 17.300
Utang jatuh tempo 833 T
Total utang 9.658 T
Bunga utang 599 T
IHS..."
yaniarsim,LPG,PRODUCT,"Cuma mau kasih tau :
Dollar 17.300
Utang jatuh tempo 833 T
Total utang 9.658 T
Bunga utang 599 T
IHS..."
yaniarsim,BBM,PRODUCT,"Cuma mau kasih tau :
Dollar 17.300
Utang jatuh tempo 833 T
Total utang 9.658 T
Bunga utang 599 T
IHS..."
yaniarsim,WNI,ORGANIZATION,"Cuma mau kasih tau :
Dollar 17.300
Utang jatuh tempo 833 T
Total utang 9.658 T
Bunga utang 599 T
IHS..."
LambeSahamjja,Rp17.000,MONEY,"Guys, Prof. Feri Latuhihin ekonom yang sudah setahun lalu memprediksi dolar akan tembus Rp17.000 ket..."
ayyuputrii21,Bbm,PRODUCT,"BBM non-subsidi naik, tapi subsidi tetap dijaga sampai 2026! ⛽🔥 Biar rakyat tetap jalan &amp; ekonom..."
ayyuputrii21,BBM,PRODUCT,"BBM non-subsidi naik, tapi subsidi tetap dijaga sampai 2026! ⛽🔥 Biar rakyat tetap jalan &amp; ekonom..."
vespamatic96,Bbm,PRODUCT,YUDO SADEWA EKONOMI DIKLAIM STABIL BBM NON SUBSIDI NAIK NAMUN MASIH DISEBUT LEBIH MURAH DIBANDING NE...
vespamatic96,YUDO,ORGANIZATION,YUDO SADEWA EKONOMI DIKLAIM STABIL BBM NON SUBSIDI NAIK NAMUN MASIH DISEBUT LEBIH MURAH DIBANDING NE...
vespamatic96,SADEWA,ORGANIZATION,YUDO SADEWA EKONOMI DIKLAIM STABIL BBM NON SUBSIDI NAIK NAMUN MASIH DISEBUT LEBIH MURAH DIBANDING NE...
vespamatic96,EKONOMI,ORGANIZATION,YUDO SADEWA EKONOMI DIKLAIM STABIL BBM NON SUBSIDI NAIK NAMUN MASIH DISEBUT LEBIH MURAH DIBANDING NE...
vespamatic96,DIKLAIM,ORGANIZATION,YUDO SADEWA EKONOMI DIKLAIM STABIL BBM NON SUBSIDI NAIK NAMUN MASIH DISEBUT LEBIH MURAH DIBANDING NE...
vespamatic96,STABIL,ORGANIZATION,YUDO SADEWA EKONOMI DIKLAIM STABIL BBM NON SUBSIDI NAIK NAMUN MASIH DISEBUT LEBIH MURAH DIBANDING NE...
vespamatic96,BBM,PRODUCT,YUDO SADEWA EKONOMI DIKLAIM STABIL BBM NON SUBSIDI NAIK NAMUN MASIH DISEBUT LEBIH MURAH DIBANDING NE...
vespamatic96,NON,ORGANIZATION,YUDO SADEWA EKONOMI DIKLAIM STABIL BBM NON SUBSIDI NAIK NAMUN MASIH DISEBUT LEBIH MURAH DIBANDING NE...
vespamatic96,SUBSIDI,ORGANIZATION,YUDO SADEWA EKONOMI DIKLAIM STABIL BBM NON SUBSIDI NAIK NAMUN MASIH DISEBUT LEBIH MURAH DIBANDING NE...
vespamatic96,NAIK,ORGANIZATION,YUDO SADEWA EKONOMI DIKLAIM STABIL BBM NON SUBSIDI NAIK NAMUN MASIH DISEBUT LEBIH MURAH DIBANDING NE...
vespamatic96,NAMUN,ORGANIZATION,YUDO SADEWA EKONOMI DIKLAIM STABIL BBM NON SUBSIDI NAIK NAMUN MASIH DISEBUT LEBIH MURAH DIBANDING NE...
vespamatic96,MASIH,ORGANIZATION,YUDO SADEWA EKONOMI DIKLAIM STABIL BBM NON SUBSIDI NAIK NAMUN MASIH DISEBUT LEBIH MURAH DIBANDING NE...
vespamatic96,DISEBUT,ORGANIZATION,YUDO SADEWA EKONOMI DIKLAIM STABIL BBM NON SUBSIDI NAIK NAMUN MASIH DISEBUT LEBIH MURAH DIBANDING NE...
vespamatic96,LEBIH,ORGANIZATION,YUDO SADEWA EKONOMI DIKLAIM STABIL BBM NON SUBSIDI NAIK NAMUN MASIH DISEBUT LEBIH MURAH DIBANDING NE...
vespamatic96,MURAH,ORGANIZATION,YUDO SADEWA EKONOMI DIKLAIM STABIL BBM NON SUBSIDI NAIK NAMUN MASIH DISEBUT LEBIH MURAH DIBANDING NE...
vespamatic96,DIBANDING,ORGANIZATION,YUDO SADEWA EKONOMI DIKLAIM STABIL BBM NON SUBSIDI NAIK NAMUN MASIH DISEBUT LEBIH MURAH DIBANDING NE...
vespamatic96,NEGARA,ORGANIZATION,YUDO SADEWA EKONOMI DIKLAIM STABIL BBM NON SUBSIDI NAIK NAMUN MASIH DISEBUT LEBIH MURAH DIBANDING NE...
vespamatic96,LAIN,ORGANIZATION,YUDO SADEWA EKONOMI DIKLAIM STABIL BBM NON SUBSIDI NAIK NAMUN MASIH DISEBUT LEBIH MURAH DIBANDING NE...
tme2tcjsrnr,Pertamax,PRODUCT,"@Katakatahatiind Dan dalam waktu 1,5 tahun bbm sudah naik berapa kali. Gongnya disaat bbm non subsid..."
tme2tcjsrnr,Pertamax Turbo,PRODUCT,"@Katakatahatiind Dan dalam waktu 1,5 tahun bbm sudah naik berapa kali. Gongnya disaat bbm non subsid..."
tme2tcjsrnr,Bbm,PRODUCT,"@Katakatahatiind Dan dalam waktu 1,5 tahun bbm sudah naik berapa kali. Gongnya disaat bbm non subsid..."
AraituLaki,Pertamax,PRODUCT,Kenaikan HARGA SOLAR INDUSTRI mulai Berdampak pd Sektor Tambang.. dan PASTI mempengaruhi Harga Pd ba...
AraituLaki,Solar,PRODUCT,Kenaikan HARGA SOLAR INDUSTRI mulai Berdampak pd Sektor Tambang.. dan PASTI mempengaruhi Harga Pd ba...
AraituLaki,HARGA,ORGANIZATION,Kenaikan HARGA SOLAR INDUSTRI mulai Berdampak pd Sektor Tambang.. dan PASTI mempengaruhi Harga Pd ba...
AraituLaki,SOLAR,ORGANIZATION,Kenaikan HARGA SOLAR INDUSTRI mulai Berdampak pd Sektor Tambang.. dan PASTI mempengaruhi Harga Pd ba...
AraituLaki,INDUSTRI,ORGANIZATION,Kenaikan HARGA SOLAR INDUSTRI mulai Berdampak pd Sektor Tambang.. dan PASTI mempengaruhi Harga Pd ba...
AraituLaki,PASTI,ORGANIZATION,Kenaikan HARGA SOLAR INDUSTRI mulai Berdampak pd Sektor Tambang.. dan PASTI mempengaruhi Harga Pd ba...
majalahsunday,Pertamax,PRODUCT,Kabar kurang enak buat yang sering bawa motor atau mobil sendiri nih. Harga BBM non-subsidi kayak Pe...
majalahsunday,Pertamax Turbo,PRODUCT,Kabar kurang enak buat yang sering bawa motor atau mobil sendiri nih. Harga BBM non-subsidi kayak Pe...
majalahsunday,Bbm,PRODUCT,Kabar kurang enak buat yang sering bawa motor atau mobil sendiri nih. Harga BBM non-subsidi kayak Pe...
majalahsunday,BBM,PRODUCT,Kabar kurang enak buat yang sering bawa motor atau mobil sendiri nih. Harga BBM non-subsidi kayak Pe...
SINDOnews,Indonesia,LOCATION,Penutupan Selat Hormuz berpotensi memicu lonjakan harga minyak dunia yang berdampak langsung pada ha...
KapudS640,Rp17300,MONEY,"Lu bayangin coba deh......
Dolar AS Tembus Rp 17300
IHSG Anjlok ke 7129
Utang Jatuh Tempo Rp 833 T
B..."
KapudS640,Rp9658,MONEY,"Lu bayangin coba deh......
Dolar AS Tembus Rp 17300
IHSG Anjlok ke 7129
Utang Jatuh Tempo Rp 833 T
B..."
KapudS640,Naik,LOCATION,"Lu bayangin coba deh......
Dolar AS Tembus Rp 17300
IHSG Anjlok ke 7129
Utang Jatuh Tempo Rp 833 T
B..."
patinewscom,"Rp1,3",MONEY,"Harga BBM Diesel Naik, Biaya Isi Full Tank Innova Reborn Tembus Rp1,3 Juta

Kenaikan harga bahan bak..."
patinewscom,Bbm,PRODUCT,"Harga BBM Diesel Naik, Biaya Isi Full Tank Innova Reborn Tembus Rp1,3 Juta

Kenaikan harga bahan bak..."
patinewscom,BBM,PRODUCT,"Harga BBM Diesel Naik, Biaya Isi Full Tank Innova Reborn Tembus Rp1,3 Juta

Kenaikan harga bahan bak..."
koganenohikari,Bbm,PRODUCT,"@txtdrbekasi @poccariee di tongkrongan katanye nih minbeks, yang naik tuh cuma BBM non subsidi, kaga..."
koganenohikari,BBM,PRODUCT,"@txtdrbekasi @poccariee di tongkrongan katanye nih minbeks, yang naik tuh cuma BBM non subsidi, kaga..."
Ioroiisme,Bbm,PRODUCT,"Kalau harga BBM non-subsidi siapapun presidennya ya bakalan naik, itu hal eksternal akibat kegobloka..."
Ioroiisme,Indonesia,LOCATION,"Kalau harga BBM non-subsidi siapapun presidennya ya bakalan naik, itu hal eksternal akibat kegobloka..."
Ioroiisme,BBM,PRODUCT,"Kalau harga BBM non-subsidi siapapun presidennya ya bakalan naik, itu hal eksternal akibat kegobloka..."
Ioroiisme,BOP,ORGANIZATION,"Kalau harga BBM non-subsidi siapapun presidennya ya bakalan naik, itu hal eksternal akibat kegobloka..."
Ioroiisme,MBG,ORGANIZATION,"Kalau harga BBM non-subsidi siapapun presidennya ya bakalan naik, itu hal eksternal akibat kegobloka..."
azwar6102,Bbm,PRODUCT,"Tetap kuat, tapi rakyat bisa menilai kebohongan dibalik narasi ekonomi kita kuat. Kalau kuat kenapa ..."
azwar6102,BBM,PRODUCT,"Tetap kuat, tapi rakyat bisa menilai kebohongan dibalik narasi ekonomi kita kuat. Kalau kuat kenapa ..."
KangSemproel,Bbm,PRODUCT,@PribumiArema Coba dimengsen para mualaf bazzer yg kemaren puja puji dan nenangin diro bilang yg nai...
KangSemproel,BBM,PRODUCT,@PribumiArema Coba dimengsen para mualaf bazzer yg kemaren puja puji dan nenangin diro bilang yg nai...
gangsterrandom,Bbm,PRODUCT,@bangherwin Skrg aja rupiah sdh sentuh 17225 pemerintah tenang aja pdhl keadaan sdh mengarah kedarur...
gangsterrandom,BBM,PRODUCT,@bangherwin Skrg aja rupiah sdh sentuh 17225 pemerintah tenang aja pdhl keadaan sdh mengarah kedarur...
txtangkringan,Bbm,PRODUCT,"Kenaikan harga BBM biar pun hanya untuk jenis non-subsidi,
tetap terasa buat masyarakat pengguna BBM..."
txtangkringan,BBM,PRODUCT,"Kenaikan harga BBM biar pun hanya untuk jenis non-subsidi,
tetap terasa buat masyarakat pengguna BBM..."
txtangkringan,UMKM,ORGANIZATION,"Kenaikan harga BBM biar pun hanya untuk jenis non-subsidi,
tetap terasa buat masyarakat pengguna BBM..."
thanksfortodayy,Gayo,LOCATION,"Tuku mau naik harga. dan jujur, wajar banget.

Tuku claimnya pakai 100% biji kopi lokal  dari Gayo, ..."
mbek_X,Bbm,PRODUCT,"@iyntwitt Dia kira kalo BBM non subsidi yang naik, rakyat ga ikutan ngerasain karena ga beli BBM nya..."
mbek_X,BBM,PRODUCT,"@iyntwitt Dia kira kalo BBM non subsidi yang naik, rakyat ga ikutan ngerasain karena ga beli BBM nya..."
anita_dewi19144,Pertalite,PRODUCT,BBM Non-Subsidi naik per April 2026. Pertalite &amp; Biosolar tetap! Masih mau kemakan clickbait? Ut...
anita_dewi19144,Bbm,PRODUCT,BBM Non-Subsidi naik per April 2026. Pertalite &amp; Biosolar tetap! Masih mau kemakan clickbait? Ut...
anita_dewi19144,BBM,PRODUCT,BBM Non-Subsidi naik per April 2026. Pertalite &amp; Biosolar tetap! Masih mau kemakan clickbait? Ut...
cnbcindonesia,Naik Sumbang Inflasi,LOCATION,"BI Hitung Harga BBM Non-Subsidi Naik Sumbang Inflasi 0,04% di April https://t.co/FdmR2etb0S..."
cnbcindonesia,April,LOCATION,"BI Hitung Harga BBM Non-Subsidi Naik Sumbang Inflasi 0,04% di April https://t.co/FdmR2etb0S..."
cnbcindonesia,BI,ORGANIZATION,"BI Hitung Harga BBM Non-Subsidi Naik Sumbang Inflasi 0,04% di April https://t.co/FdmR2etb0S..."
ferizandra,Rp19.400,MONEY,"Harga BBM Non Subsidi Naik, Dampaknya Bukan Cuma Buat Orang Kaya, lho...! 🤔

Beberapa saat lalu, pem..."
ferizandra,Naik,LOCATION,"Harga BBM Non Subsidi Naik, Dampaknya Bukan Cuma Buat Orang Kaya, lho...! 🤔

Beberapa saat lalu, pem..."
ferizandra,Pertamax Turbo,PRODUCT,"Harga BBM Non Subsidi Naik, Dampaknya Bukan Cuma Buat Orang Kaya, lho...! 🤔

Beberapa saat lalu, pem..."
bukan4non,Solar,PRODUCT,"@slametksndi @sunflow3rmu @marioledesman @americanoaddctd Bro, yg make BBM non subsidi bkn cuma mobi..."
bukan4non,Bbm,PRODUCT,"@slametksndi @sunflow3rmu @marioledesman @americanoaddctd Bro, yg make BBM non subsidi bkn cuma mobi..."
bukan4non,BBM,PRODUCT,"@slametksndi @sunflow3rmu @marioledesman @americanoaddctd Bro, yg make BBM non subsidi bkn cuma mobi..."
Bhaktismail,Bbm,PRODUCT,@dsuperboy Aneh sebelumnya barisan oposisi KW ributin kenapa pemerintah ga naikin BBM saat BBM sedun...
Bhaktismail,Apbn,ORGANIZATION,@dsuperboy Aneh sebelumnya barisan oposisi KW ributin kenapa pemerintah ga naikin BBM saat BBM sedun...
Bhaktismail,KW,ORGANIZATION,@dsuperboy Aneh sebelumnya barisan oposisi KW ributin kenapa pemerintah ga naikin BBM saat BBM sedun...
Bhaktismail,BBM,PRODUCT,@dsuperboy Aneh sebelumnya barisan oposisi KW ributin kenapa pemerintah ga naikin BBM saat BBM sedun...
Bhaktismail,APBN,ORGANIZATION,@dsuperboy Aneh sebelumnya barisan oposisi KW ributin kenapa pemerintah ga naikin BBM saat BBM sedun...
PrasetyoArchive,Bbm,PRODUCT,"Soal harga BBM, yang naik hanya non subsidi, sementara BBM subsidi tetap dijaga untuk rakyat 🔥🇮🇩
#Ka..."
PrasetyoArchive,BBM,PRODUCT,"Soal harga BBM, yang naik hanya non subsidi, sementara BBM subsidi tetap dijaga untuk rakyat 🔥🇮🇩
#Ka..."
YSkyzo8357,Pertalite,PRODUCT,"Jangan panik. Kenaikan hanya pada BBM dan LPG non-subsidi, bukan kebutuhan utama rakyat. Pertalite, ..."
YSkyzo8357,Lpg,PRODUCT,"Jangan panik. Kenaikan hanya pada BBM dan LPG non-subsidi, bukan kebutuhan utama rakyat. Pertalite, ..."
YSkyzo8357,Bbm,PRODUCT,"Jangan panik. Kenaikan hanya pada BBM dan LPG non-subsidi, bukan kebutuhan utama rakyat. Pertalite, ..."
YSkyzo8357,BBM,PRODUCT,"Jangan panik. Kenaikan hanya pada BBM dan LPG non-subsidi, bukan kebutuhan utama rakyat. Pertalite, ..."
YSkyzo8357,LPG,PRODUCT,"Jangan panik. Kenaikan hanya pada BBM dan LPG non-subsidi, bukan kebutuhan utama rakyat. Pertalite, ..."
ismi_yanto,Bbm,PRODUCT,"@dsuperboy Yg pakai mobil BBM non subsidi biasanya boss pengusaha bersama karyawan level atasnya, da..."
ismi_yanto,BBM,PRODUCT,"@dsuperboy Yg pakai mobil BBM non subsidi biasanya boss pengusaha bersama karyawan level atasnya, da..."
99propaganda,Puan,PERSON,"Orang kaya komplain harga BBM non subsidi naik.

Tenang saja Bu Puan, pemerintah tentu tidak tinggal..."
YKusnayati,Pertalite,PRODUCT,"⚠️ KLARIFIKASI HARGA: Yang naik cuma BBM &amp; LPG non-subsidi. Pertalite, Biosolar, gas 3 kg TETAP ..."
YKusnayati,Lpg,PRODUCT,"⚠️ KLARIFIKASI HARGA: Yang naik cuma BBM &amp; LPG non-subsidi. Pertalite, Biosolar, gas 3 kg TETAP ..."
YKusnayati,Bbm,PRODUCT,"⚠️ KLARIFIKASI HARGA: Yang naik cuma BBM &amp; LPG non-subsidi. Pertalite, Biosolar, gas 3 kg TETAP ..."
YKusnayati,KLARIFIKASI,ORGANIZATION,"⚠️ KLARIFIKASI HARGA: Yang naik cuma BBM &amp; LPG non-subsidi. Pertalite, Biosolar, gas 3 kg TETAP ..."
YKusnayati,HARGA,ORGANIZATION,"⚠️ KLARIFIKASI HARGA: Yang naik cuma BBM &amp; LPG non-subsidi. Pertalite, Biosolar, gas 3 kg TETAP ..."
YKusnayati,BBM,PRODUCT,"⚠️ KLARIFIKASI HARGA: Yang naik cuma BBM &amp; LPG non-subsidi. Pertalite, Biosolar, gas 3 kg TETAP ..."
YKusnayati,LPG,PRODUCT,"⚠️ KLARIFIKASI HARGA: Yang naik cuma BBM &amp; LPG non-subsidi. Pertalite, Biosolar, gas 3 kg TETAP ..."
YKusnayati,TETAP,ORGANIZATION,"⚠️ KLARIFIKASI HARGA: Yang naik cuma BBM &amp; LPG non-subsidi. Pertalite, Biosolar, gas 3 kg TETAP ..."
YKusnayati,STABIL,ORGANIZATION,"⚠️ KLARIFIKASI HARGA: Yang naik cuma BBM &amp; LPG non-subsidi. Pertalite, Biosolar, gas 3 kg TETAP ..."
YKusnayati,JANGAN,ORGANIZATION,"⚠️ KLARIFIKASI HARGA: Yang naik cuma BBM &amp; LPG non-subsidi. Pertalite, Biosolar, gas 3 kg TETAP ..."
YKusnayati,PANIC,ORGANIZATION,"⚠️ KLARIFIKASI HARGA: Yang naik cuma BBM &amp; LPG non-subsidi. Pertalite, Biosolar, gas 3 kg TETAP ..."
YKusnayati,BUYING,ORGANIZATION,"⚠️ KLARIFIKASI HARGA: Yang naik cuma BBM &amp; LPG non-subsidi. Pertalite, Biosolar, gas 3 kg TETAP ..."
failedtostate,Bbm,PRODUCT,"@rgoestama ""Kan yg naik BBM non subsidi yang subsidi ga naik. Masih belum ngefek ke pasar"" Geli aku ..."
failedtostate,BBM,PRODUCT,"@rgoestama ""Kan yg naik BBM non subsidi yang subsidi ga naik. Masih belum ngefek ke pasar"" Geli aku ..."
TahukahKamuIND,Diblokir,LOCATION,"BBM Naik, Barcode Subsidi Diblokir, Akankah Innova Diesel Matic Turun Tahta?

Tahukah Kamu?, OTOMOTI..."
TahukahKamuIND,Bbm,PRODUCT,"BBM Naik, Barcode Subsidi Diblokir, Akankah Innova Diesel Matic Turun Tahta?

Tahukah Kamu?, OTOMOTI..."
TahukahKamuIND,BBM,PRODUCT,"BBM Naik, Barcode Subsidi Diblokir, Akankah Innova Diesel Matic Turun Tahta?

Tahukah Kamu?, OTOMOTI..."
TahukahKamuIND,OTOMOTIF,ORGANIZATION,"BBM Naik, Barcode Subsidi Diblokir, Akankah Innova Diesel Matic Turun Tahta?

Tahukah Kamu?, OTOMOTI..."
kompasiana,Bbm,PRODUCT,"Refleksi tentang euforia Hari Kartini 2026, yang dibayangi kecemasan harga BBM non-subsidi yang naik..."
kompasiana,BBM,PRODUCT,"Refleksi tentang euforia Hari Kartini 2026, yang dibayangi kecemasan harga BBM non-subsidi yang naik..."
kkmanti,Pertamax,LOCATION,"BBM Non Subsidi Pertamax 92, Green 95 bakal naik menyusul Pertamax Turbo 98, Dex, dsn Dexlite.

Golo..."
kkmanti,Pertamax,PRODUCT,"BBM Non Subsidi Pertamax 92, Green 95 bakal naik menyusul Pertamax Turbo 98, Dex, dsn Dexlite.

Golo..."
kkmanti,Dexlite,PRODUCT,"BBM Non Subsidi Pertamax 92, Green 95 bakal naik menyusul Pertamax Turbo 98, Dex, dsn Dexlite.

Golo..."
kkmanti,Pertamax Turbo,PRODUCT,"BBM Non Subsidi Pertamax 92, Green 95 bakal naik menyusul Pertamax Turbo 98, Dex, dsn Dexlite.

Golo..."
kkmanti,Bbm,PRODUCT,"BBM Non Subsidi Pertamax 92, Green 95 bakal naik menyusul Pertamax Turbo 98, Dex, dsn Dexlite.

Golo..."
kkmanti,BBM,PRODUCT,"BBM Non Subsidi Pertamax 92, Green 95 bakal naik menyusul Pertamax Turbo 98, Dex, dsn Dexlite.

Golo..."
restuufk,Timur Tengah,LOCATION,"Harga bensin naik, sembako melambung, gas elpiji ikut naik… tapi gaji kita masih stuck di tempat? 

..."
restuufk,Bbm,PRODUCT,"Harga bensin naik, sembako melambung, gas elpiji ikut naik… tapi gaji kita masih stuck di tempat? 

..."
restuufk,Minyak Mentah,PRODUCT,"Harga bensin naik, sembako melambung, gas elpiji ikut naik… tapi gaji kita masih stuck di tempat? 

..."
restuufk,Bensin,PRODUCT,"Harga bensin naik, sembako melambung, gas elpiji ikut naik… tapi gaji kita masih stuck di tempat? 

..."
restuufk,BBM,PRODUCT,"Harga bensin naik, sembako melambung, gas elpiji ikut naik… tapi gaji kita masih stuck di tempat? 

..."
pikiran_rakyat,Energi Sumber Daya,PERSON,"Bahlil Buka Potensi Harga Pertamax Naik Jika Harga Minyak Dunia Terus Naik 

Menteri Energi Sumber D..."
pikiran_rakyat,Bahlil,PERSON,"Bahlil Buka Potensi Harga Pertamax Naik Jika Harga Minyak Dunia Terus Naik 

Menteri Energi Sumber D..."
pikiran_rakyat,ESDM,ORGANIZATION,"Bahlil Buka Potensi Harga Pertamax Naik Jika Harga Minyak Dunia Terus Naik 

Menteri Energi Sumber D..."
pikiran_rakyat,Energi,PERSON,"Warga Potensi Beli BBM Subsidi Imbas Non-Subsidi Naik, Bahlil: Apa Tidak Malu?

Menteri Energi dan S..."
pikiran_rakyat,Imbas Non,LOCATION,"Warga Potensi Beli BBM Subsidi Imbas Non-Subsidi Naik, Bahlil: Apa Tidak Malu?

Menteri Energi dan S..."
jennieJNK__,Bbm,PRODUCT,"@catchmeupco Untung sebelum bbm non subsidi naik, gw udah beli minyak sayur n gula duluan buat stock..."
tribunmedan,Naik,LOCATION,"DLH Siantar Perketat Konsumsi BBM Armada Sampah setelah BBM Non-Subsidi Naik

https://t.co/iBaXNUn1J..."
tribunmedan,Bbm,PRODUCT,"DLH Siantar Perketat Konsumsi BBM Armada Sampah setelah BBM Non-Subsidi Naik

https://t.co/iBaXNUn1J..."
tribunmedan,DLH,ORGANIZATION,"DLH Siantar Perketat Konsumsi BBM Armada Sampah setelah BBM Non-Subsidi Naik

https://t.co/iBaXNUn1J..."
tribunmedan,BBM,PRODUCT,"DLH Siantar Perketat Konsumsi BBM Armada Sampah setelah BBM Non-Subsidi Naik

https://t.co/iBaXNUn1J..."
cnbcindonesia,Harus Naik,LOCATION,Ahli Beberkan Alasan Kenapa Harga BBM Non Subsidi Harus Naik https://t.co/qKJKWdAJCM...
akuratco,Energi,PERSON,"Harga Pertamax Tak Naik, Bahlil: Tergantung Harga Minyak Global

Menteri Energi dan Sumber Daya Mine..."
akuratco,Bahlil,PERSON,"Harga Pertamax Tak Naik, Bahlil: Tergantung Harga Minyak Global

Menteri Energi dan Sumber Daya Mine..."
akuratco,ESDM,ORGANIZATION,"Harga Pertamax Tak Naik, Bahlil: Tergantung Harga Minyak Global

Menteri Energi dan Sumber Daya Mine..."
skleteps,Bbm,PRODUCT,"@TxtdariHI kmren siapa yang bacot, BBM non subsidi yang naik ko rakyat miskin yang protes..."
skleteps,BBM,PRODUCT,"@TxtdariHI kmren siapa yang bacot, BBM non subsidi yang naik ko rakyat miskin yang protes..."
tribunnews,Bahlil,PERSON,Menteri ESDM Bahlil Lahadalia menegaskan BBM subsidi hanya diperuntukkan bagi masyarakat tidak mampu...
tribunnews,ESDM,ORGANIZATION,Menteri ESDM Bahlil Lahadalia menegaskan BBM subsidi hanya diperuntukkan bagi masyarakat tidak mampu...
Lost_Ataraxia,Bbm,PRODUCT,"Pemerintah: ""BBM SUBSIDI tidak akan naik.""

This man: *purchasing NON-SUBSIDIZED fuel with higher pr..."
Lost_Ataraxia,BBM,PRODUCT,"Pemerintah: ""BBM SUBSIDI tidak akan naik.""

This man: *purchasing NON-SUBSIDIZED fuel with higher pr..."
Lost_Ataraxia,SUBSIDI,ORGANIZATION,"Pemerintah: ""BBM SUBSIDI tidak akan naik.""

This man: *purchasing NON-SUBSIDIZED fuel with higher pr..."
Lost_Ataraxia,NON,ORGANIZATION,"Pemerintah: ""BBM SUBSIDI tidak akan naik.""

This man: *purchasing NON-SUBSIDIZED fuel with higher pr..."
Lost_Ataraxia,SUBSIDIZED,ORGANIZATION,"Pemerintah: ""BBM SUBSIDI tidak akan naik.""

This man: *purchasing NON-SUBSIDIZED fuel with higher pr..."
imsadgurlz,Bbm,PRODUCT,kalian tau ga yah bbm non subsidi harganya naik? 🤗...
cnbcindonesia,Bahlil,PERSON,"Harga BBM Non Subsidi Naik, Ini Penjelasan Bahlil

Baca selengkapnya di 👇🏻 atau download app CNBC In..."
FPKSDPRRI,Bbm,PRODUCT,"Harga BBM non-subsidi naik, Anggota Komisi XII DPR RI Fraksi PKS mengingatkan dampak bagi masyarakat..."
FPKSDPRRI,Komisi Xii Dpr,ORGANIZATION,"Harga BBM non-subsidi naik, Anggota Komisi XII DPR RI Fraksi PKS mengingatkan dampak bagi masyarakat..."
FPKSDPRRI,Dpr,ORGANIZATION,"Harga BBM non-subsidi naik, Anggota Komisi XII DPR RI Fraksi PKS mengingatkan dampak bagi masyarakat..."
FPKSDPRRI,BBM,PRODUCT,"Harga BBM non-subsidi naik, Anggota Komisi XII DPR RI Fraksi PKS mengingatkan dampak bagi masyarakat..."
FPKSDPRRI,XII,ORGANIZATION,"Harga BBM non-subsidi naik, Anggota Komisi XII DPR RI Fraksi PKS mengingatkan dampak bagi masyarakat..."
FPKSDPRRI,DPR,ORGANIZATION,"Harga BBM non-subsidi naik, Anggota Komisi XII DPR RI Fraksi PKS mengingatkan dampak bagi masyarakat..."
FPKSDPRRI,RI,ORGANIZATION,"Harga BBM non-subsidi naik, Anggota Komisi XII DPR RI Fraksi PKS mengingatkan dampak bagi masyarakat..."
FPKSDPRRI,PKS,ORGANIZATION,"Harga BBM non-subsidi naik, Anggota Komisi XII DPR RI Fraksi PKS mengingatkan dampak bagi masyarakat..."
LambeSahamjja,Bbm,PRODUCT,"list barang barang yang naik :
- plastikk 
- minyak 
- bbm non subsidi
- airr minum 
besok apalagi n..."
horcruxsh,Bbm,PRODUCT,@SmwGwOto kenaikan harga bbm non subsidi kan nanti ujungnya gak cuma ngaruh buat penggunanya doang k...
ZimanPargad2,Bbm,PRODUCT,"@SmwGwOto 100% kejadian di saya.
berkali2.
terakhir tadi malam, tetangg sblh rumah!
😅
dipanggillah s..."
ZimanPargad2,BBM,PRODUCT,"@SmwGwOto 100% kejadian di saya.
berkali2.
terakhir tadi malam, tetangg sblh rumah!
😅
dipanggillah s..."
mediaindonesia,Energi,PERSON,"Bahlil: BBM Subsidi tak Naik hingga Akhir Tahun

Menteri Energi dan Sumber Daya Mineral (ESDM) Bahli..."
mediaindonesia,Magelang,LOCATION,"Bahlil: BBM Subsidi tak Naik hingga Akhir Tahun

Menteri Energi dan Sumber Daya Mineral (ESDM) Bahli..."
mediaindonesia,Indonesia,LOCATION,"Bahlil: BBM Subsidi tak Naik hingga Akhir Tahun

Menteri Energi dan Sumber Daya Mineral (ESDM) Bahli..."
mediaindonesia,Jawa,LOCATION,"Bahlil: BBM Subsidi tak Naik hingga Akhir Tahun

Menteri Energi dan Sumber Daya Mineral (ESDM) Bahli..."
mediaindonesia,Bahlil,PERSON,"Bahlil: BBM Subsidi tak Naik hingga Akhir Tahun

Menteri Energi dan Sumber Daya Mineral (ESDM) Bahli..."
mediaindonesia,ESDM,ORGANIZATION,"Bahlil: BBM Subsidi tak Naik hingga Akhir Tahun

Menteri Energi dan Sumber Daya Mineral (ESDM) Bahli..."
mediaindonesia,KPPD,ORGANIZATION,"Bahlil: BBM Subsidi tak Naik hingga Akhir Tahun

Menteri Energi dan Sumber Daya Mineral (ESDM) Bahli..."
mediaindonesia,DPRD,ORGANIZATION,"Bahlil: BBM Subsidi tak Naik hingga Akhir Tahun

Menteri Energi dan Sumber Daya Mineral (ESDM) Bahli..."
MurtadhaOne1,Lpg,PRODUCT,"Harga LPG non subsidi naik
Ini harga agen ya. Harga di pengecer bisa lebih mahal

BBM naik
LPG naik
..."
MurtadhaOne1,Bbm,PRODUCT,"Harga LPG non subsidi naik
Ini harga agen ya. Harga di pengecer bisa lebih mahal

BBM naik
LPG naik
..."
MurtadhaOne1,LPG,PRODUCT,"Harga LPG non subsidi naik
Ini harga agen ya. Harga di pengecer bisa lebih mahal

BBM naik
LPG naik
..."
MurtadhaOne1,BBM,PRODUCT,"Harga LPG non subsidi naik
Ini harga agen ya. Harga di pengecer bisa lebih mahal

BBM naik
LPG naik
..."
kangmirdja,Bbm,PRODUCT,"@tempodotco BBM non subsidi naik yg repot mobil² orang kaya yg mewah itu, tapi gak berlaku buat mobi..."
kangmirdja,BBM,PRODUCT,"@tempodotco BBM non subsidi naik yg repot mobil² orang kaya yg mewah itu, tapi gak berlaku buat mobi..."
MiskinTV_,Lpg,PRODUCT,"Dampak Kenaikan harga BBM Non Subsidi dan LPG, sudah mulai dirasakan. Beberapa harga kebutuhan udah ..."
MiskinTV_,Bbm,PRODUCT,"Dampak Kenaikan harga BBM Non Subsidi dan LPG, sudah mulai dirasakan. Beberapa harga kebutuhan udah ..."
MiskinTV_,BBM,PRODUCT,"Dampak Kenaikan harga BBM Non Subsidi dan LPG, sudah mulai dirasakan. Beberapa harga kebutuhan udah ..."
MiskinTV_,LPG,PRODUCT,"Dampak Kenaikan harga BBM Non Subsidi dan LPG, sudah mulai dirasakan. Beberapa harga kebutuhan udah ..."
muchlis_ar,Bbm,PRODUCT,"Gas non subsidi naik. 
BBM non subsidi meroket. 
Utang makin nyekik. 
Duit pajak habis buat gentong ..."
muchlis_ar,BBM,PRODUCT,"Gas non subsidi naik. 
BBM non subsidi meroket. 
Utang makin nyekik. 
Duit pajak habis buat gentong ..."
muchlis_ar,KEMEWAHAN,ORGANIZATION,"Gas non subsidi naik. 
BBM non subsidi meroket. 
Utang makin nyekik. 
Duit pajak habis buat gentong ..."
IntanKintania,Bbm,PRODUCT,@liaasister menaikan harga premium demi menjaga harga dibawahnya perlu dapat apresiasi juga. karena ...
LossToProfit,IHSG,ORGANIZATION,"IHSG kemarin (17/04) naik tipis 0,17%. Polanya menarik dari sisi teknikal karena membentuk semacam p..."
LexMarteg,Bbm,PRODUCT,"Ada yg nyadari efek Ke Naik An BBM non subsidi ke pengguna BBM subsidi ndakkkk????

Ada kahhh pemili..."
LexMarteg,BBM,PRODUCT,"Ada yg nyadari efek Ke Naik An BBM non subsidi ke pengguna BBM subsidi ndakkkk????

Ada kahhh pemili..."
kompascom,Jakarta,LOCATION,“Pemerintah DKI Jakarta akan melakukan terobosan agar orang yang menggunakan BBM non-subsidi ini mak...
kompascom,DKI,ORGANIZATION,“Pemerintah DKI Jakarta akan melakukan terobosan agar orang yang menggunakan BBM non-subsidi ini mak...
kompascom,TR,ORGANIZATION,“Pemerintah DKI Jakarta akan melakukan terobosan agar orang yang menggunakan BBM non-subsidi ini mak...
LambeSahamjja,Rp107.000,MONEY,"Habis BBM non subsidi naik
Terbitlah LPG non subsidi naik jugaa

- Jawa, Bali, Nusa Tenggara Barat (..."
LambeSahamjja,Rp228.000,MONEY,"Habis BBM non subsidi naik
Terbitlah LPG non subsidi naik jugaa

- Jawa, Bali, Nusa Tenggara Barat (..."
LambeSahamjja,Rp36.000,MONEY,"Habis BBM non subsidi naik
Terbitlah LPG non subsidi naik jugaa

- Jawa, Bali, Nusa Tenggara Barat (..."
LambeSahamjja,Rp111.000,MONEY,"Habis BBM non subsidi naik
Terbitlah LPG non subsidi naik jugaa

- Jawa, Bali, Nusa Tenggara Barat (..."
LambeSahamjja,Rp230.000,MONEY,"Habis BBM non subsidi naik
Terbitlah LPG non subsidi naik jugaa

- Jawa, Bali, Nusa Tenggara Barat (..."
LambeSahamjja,Lpg,PRODUCT,"Habis BBM non subsidi naik
Terbitlah LPG non subsidi naik jugaa

- Jawa, Bali, Nusa Tenggara Barat (..."
LambeSahamjja,Sumatera,LOCATION,"Habis BBM non subsidi naik
Terbitlah LPG non subsidi naik jugaa

- Jawa, Bali, Nusa Tenggara Barat (..."
LambeSahamjja,Jawa,LOCATION,"Habis BBM non subsidi naik
Terbitlah LPG non subsidi naik jugaa

- Jawa, Bali, Nusa Tenggara Barat (..."
LambeSahamjja,BBM,PRODUCT,"Habis BBM non subsidi naik
Terbitlah LPG non subsidi naik jugaa

- Jawa, Bali, Nusa Tenggara Barat (..."
LambeSahamjja,LPG,PRODUCT,"Habis BBM non subsidi naik
Terbitlah LPG non subsidi naik jugaa

- Jawa, Bali, Nusa Tenggara Barat (..."
LambeSahamjja,NTB,ORGANIZATION,"Habis BBM non subsidi naik
Terbitlah LPG non subsidi naik jugaa

- Jawa, Bali, Nusa Tenggara Barat (..."
thechadsenate,Bbm,PRODUCT,@kompascom goblok kali lah. dia nyadar ga sih kalo industri itu pakainya bbm industri ato non-subsid...
Max_Min83,Bbm,PRODUCT,"Yg makan subsidi marah2 karena APBN jebol.
Yg pakai BBM non subsidi marah2 karena harganya naik.

Se..."
Max_Min83,Apbn,ORGANIZATION,"Yg makan subsidi marah2 karena APBN jebol.
Yg pakai BBM non subsidi marah2 karena harganya naik.

Se..."
Max_Min83,APBN,ORGANIZATION,"Yg makan subsidi marah2 karena APBN jebol.
Yg pakai BBM non subsidi marah2 karena harganya naik.

Se..."
Max_Min83,BBM,PRODUCT,"Yg makan subsidi marah2 karena APBN jebol.
Yg pakai BBM non subsidi marah2 karena harganya naik.

Se..."
Putra_Adi_YM,Prabowo,PERSON,@Ndons_Back Maunya pemerintahan @prabowo jatuh dengan skema chaos gara2 BBM Non Subsidi naik....
BarCk_14,Bbm,PRODUCT,"@idextratime Apakah kalian Arsenal memenangkan sisa laga hahahha🤣🤣
Bensin Arsenal mau habis apa lagi..."
BarCk_14,Bensin,PRODUCT,"@idextratime Apakah kalian Arsenal memenangkan sisa laga hahahha🤣🤣
Bensin Arsenal mau habis apa lagi..."
BarCk_14,BBM,PRODUCT,"@idextratime Apakah kalian Arsenal memenangkan sisa laga hahahha🤣🤣
Bensin Arsenal mau habis apa lagi..."
RadioElshinta,Rp107.000,MONEY,Pemerintah melalui PT Pertamina Patra Niaga menaikkan harga Liquefied Petroleum Gas atau elpiji non-...
RadioElshinta,Lpg,PRODUCT,Pemerintah melalui PT Pertamina Patra Niaga menaikkan harga Liquefied Petroleum Gas atau elpiji non-...
RadioElshinta,LPG,PRODUCT,Pemerintah melalui PT Pertamina Patra Niaga menaikkan harga Liquefied Petroleum Gas atau elpiji non-...
arifin34533,Lpg,PRODUCT,"Harga BBM dan LPG non subsidi naik, tapi daya beli menurun.
Bagaimana cara menyiasatinya, puasa dan ..."
arifin34533,LPG,PRODUCT,"Harga BBM dan LPG non subsidi naik, tapi daya beli menurun.
Bagaimana cara menyiasatinya, puasa dan ..."
arifin34533,WFH,ORGANIZATION,"Harga BBM dan LPG non subsidi naik, tapi daya beli menurun.
Bagaimana cara menyiasatinya, puasa dan ..."
Dengardengarco,Bbm,PRODUCT,"Kalau dilihat dari sisi ekonomi, kenaikan itu memang sulit dihindari. Harga BBM non-subsidi mengikut..."
Dengardengarco,BBM,PRODUCT,"Kalau dilihat dari sisi ekonomi, kenaikan itu memang sulit dihindari. Harga BBM non-subsidi mengikut..."
Heraloebss,Bbm,PRODUCT,@DanangRvP Sampe ke akar2nya .. BBM non subsidi tidak naik tapi  negara lagi butuh duit untuk memban...
Heraloebss,Prabowo,PERSON,@DanangRvP Sampe ke akar2nya .. BBM non subsidi tidak naik tapi  negara lagi butuh duit untuk memban...
Heraloebss,BBM,PRODUCT,@DanangRvP Sampe ke akar2nya .. BBM non subsidi tidak naik tapi  negara lagi butuh duit untuk memban...
TirtoID,Naik,LOCATION,"BBM Non-Subsidi Naik, Pramono Dorong Warga Naik Angkutan Umum

https://t.co/TaGBSYHtpS..."
txtfromkeuangan,Bbm,PRODUCT,"Kemaren udah tuh bbm non subsidi, lah hari minggu gasnya naik jg. Besok kejutan apalagi nih? 🤪

Jadi..."
PaltiHutabarat,Yang Seharusnya Naik,LOCATION,"BBM Non Subsidi Yang Seharusnya Naik 1 April Ga Sanggup Lagi Ditahan, Akhirnya Naik Juga.. Padahal s..."
are_inismyname,Setelah,LOCATION,Belajar bijak dalam setiap kebijakan yang diambil perintah @prabowo dengan membedakan mana subsidi u...
are_inismyname,Pertamax,LOCATION,Belajar bijak dalam setiap kebijakan yang diambil perintah @prabowo dengan membedakan mana subsidi u...
are_inismyname,Dexlite,PRODUCT,Belajar bijak dalam setiap kebijakan yang diambil perintah @prabowo dengan membedakan mana subsidi u...
are_inismyname,Pertamax Turbo,PRODUCT,Belajar bijak dalam setiap kebijakan yang diambil perintah @prabowo dengan membedakan mana subsidi u...
are_inismyname,Bbm,PRODUCT,Belajar bijak dalam setiap kebijakan yang diambil perintah @prabowo dengan membedakan mana subsidi u...
are_inismyname,Prabowo,PERSON,Belajar bijak dalam setiap kebijakan yang diambil perintah @prabowo dengan membedakan mana subsidi u...
are_inismyname,BBM,PRODUCT,Belajar bijak dalam setiap kebijakan yang diambil perintah @prabowo dengan membedakan mana subsidi u...
tribunnews,Naik,LOCATION,Bahlil Klaim Harga BBM Non Subsidi Naik karena Mengikuti Harga Pasar: Itu untuk Orang Kaya dan Mampu...
alsjournall,Bbm,PRODUCT,"BBM non subsidi nqik, disaat mobil mobil harus beli bensin pake barcode, rentan banget dimanipulasi ..."
alsjournall,Bensin,PRODUCT,"BBM non subsidi nqik, disaat mobil mobil harus beli bensin pake barcode, rentan banget dimanipulasi ..."
alsjournall,BBM,PRODUCT,"BBM non subsidi nqik, disaat mobil mobil harus beli bensin pake barcode, rentan banget dimanipulasi ..."
Ogaman888,Pertalite,PRODUCT,"Halah kaum pengguna pertalite marah BBM non subsidi naik.

Ga semua warga miskin korban n baik nih s..."
Ogaman888,Bbm,PRODUCT,"Halah kaum pengguna pertalite marah BBM non subsidi naik.

Ga semua warga miskin korban n baik nih s..."
Ogaman888,BBM,PRODUCT,"Halah kaum pengguna pertalite marah BBM non subsidi naik.

Ga semua warga miskin korban n baik nih s..."
davidcornelism,Rp9.400,MONEY,"YANG MERAYAP DARI SPBU KE PASAR, SIAPA YANG SEBENARNYA MENANGGUNG?

Ada kabar yang kita terima baru ..."
davidcornelism,Rp6.300.,MONEY,"YANG MERAYAP DARI SPBU KE PASAR, SIAPA YANG SEBENARNYA MENANGGUNG?

Ada kabar yang kita terima baru ..."
davidcornelism,Pertamax,PRODUCT,"YANG MERAYAP DARI SPBU KE PASAR, SIAPA YANG SEBENARNYA MENANGGUNG?

Ada kabar yang kita terima baru ..."
davidcornelism,Pertalite,PRODUCT,"YANG MERAYAP DARI SPBU KE PASAR, SIAPA YANG SEBENARNYA MENANGGUNG?

Ada kabar yang kita terima baru ..."
davidcornelism,Dexlite,PRODUCT,"YANG MERAYAP DARI SPBU KE PASAR, SIAPA YANG SEBENARNYA MENANGGUNG?

Ada kabar yang kita terima baru ..."
davidcornelism,Pertamax Turbo,PRODUCT,"YANG MERAYAP DARI SPBU KE PASAR, SIAPA YANG SEBENARNYA MENANGGUNG?

Ada kabar yang kita terima baru ..."
davidcornelism,Bbm,PRODUCT,"YANG MERAYAP DARI SPBU KE PASAR, SIAPA YANG SEBENARNYA MENANGGUNG?

Ada kabar yang kita terima baru ..."
davidcornelism,Pertamina,ORGANIZATION,"YANG MERAYAP DARI SPBU KE PASAR, SIAPA YANG SEBENARNYA MENANGGUNG?

Ada kabar yang kita terima baru ..."
davidcornelism,YANG,ORGANIZATION,"YANG MERAYAP DARI SPBU KE PASAR, SIAPA YANG SEBENARNYA MENANGGUNG?

Ada kabar yang kita terima baru ..."
davidcornelism,MERAYAP,ORGANIZATION,"YANG MERAYAP DARI SPBU KE PASAR, SIAPA YANG SEBENARNYA MENANGGUNG?

Ada kabar yang kita terima baru ..."
davidcornelism,DARI,ORGANIZATION,"YANG MERAYAP DARI SPBU KE PASAR, SIAPA YANG SEBENARNYA MENANGGUNG?

Ada kabar yang kita terima baru ..."
davidcornelism,SPBU,PRODUCT,"YANG MERAYAP DARI SPBU KE PASAR, SIAPA YANG SEBENARNYA MENANGGUNG?

Ada kabar yang kita terima baru ..."
davidcornelism,KE,ORGANIZATION,"YANG MERAYAP DARI SPBU KE PASAR, SIAPA YANG SEBENARNYA MENANGGUNG?

Ada kabar yang kita terima baru ..."
davidcornelism,PASAR,ORGANIZATION,"YANG MERAYAP DARI SPBU KE PASAR, SIAPA YANG SEBENARNYA MENANGGUNG?

Ada kabar yang kita terima baru ..."
davidcornelism,SIAPA,ORGANIZATION,"YANG MERAYAP DARI SPBU KE PASAR, SIAPA YANG SEBENARNYA MENANGGUNG?

Ada kabar yang kita terima baru ..."
davidcornelism,SEBENARNYA,ORGANIZATION,"YANG MERAYAP DARI SPBU KE PASAR, SIAPA YANG SEBENARNYA MENANGGUNG?

Ada kabar yang kita terima baru ..."
davidcornelism,MENANGGUNG,ORGANIZATION,"YANG MERAYAP DARI SPBU KE PASAR, SIAPA YANG SEBENARNYA MENANGGUNG?

Ada kabar yang kita terima baru ..."
davidcornelism,BBM,PRODUCT,"YANG MERAYAP DARI SPBU KE PASAR, SIAPA YANG SEBENARNYA MENANGGUNG?

Ada kabar yang kita terima baru ..."
ManBehindThe9un,Bbm,PRODUCT,"@blank0429 BBM non-subsidi naik. Ironinya, anggaran justru byk terserap k program yg tdk jelas. MBG ..."
ManBehindThe9un,BBM,PRODUCT,"@blank0429 BBM non-subsidi naik. Ironinya, anggaran justru byk terserap k program yg tdk jelas. MBG ..."
ManBehindThe9un,MBG,ORGANIZATION,"@blank0429 BBM non-subsidi naik. Ironinya, anggaran justru byk terserap k program yg tdk jelas. MBG ..."
Ndons_Back,Bbm,PRODUCT,"Katanya rakyat maunya harga BBM stabil.
BBM subsidi nggak naik, tetap ngamuk.
BBM non-subsidi naik, ..."
Ndons_Back,BBM,PRODUCT,"Katanya rakyat maunya harga BBM stabil.
BBM subsidi nggak naik, tetap ngamuk.
BBM non-subsidi naik, ..."
ruudii_h,Ibox,LOCATION,"Harga Iphone beneran naik per hari ini. Ternyata benar kemarin stok pada habis di Ibox, Digimap, Bli..."
elyyyy30,Bbm,PRODUCT,"oh bbm non subsidi ga ikutan naik
syukurlah, baca berita bbm naik hampir aja gue mau maki2 pmerintah..."
s1mple_virus,Bbm,PRODUCT,@Ardaffaf Makin valdi ya ternyata yang mencak mencak BBM non subsidi naik itu mereka yang beli BBM m...
s1mple_virus,BBM,PRODUCT,@Ardaffaf Makin valdi ya ternyata yang mencak mencak BBM non subsidi naik itu mereka yang beli BBM m...
mikewazowwska,Bbm,PRODUCT,"Orang tuh suka ngomel2 BBM non subsidi naik blablabla, pemerintah gimana sih gabisa jaga harga BBM g..."
mikewazowwska,BBM,PRODUCT,"Orang tuh suka ngomel2 BBM non subsidi naik blablabla, pemerintah gimana sih gabisa jaga harga BBM g..."
_owh_gitu_ya_,Bbm,PRODUCT,"@Heraloebss Yg naik yg non subsidi, tetep berimbas ke kenaikan harga kebutuhan pokok lah. Yg namanya..."
_owh_gitu_ya_,BBM,PRODUCT,"@Heraloebss Yg naik yg non subsidi, tetep berimbas ke kenaikan harga kebutuhan pokok lah. Yg namanya..."
crispyginger00,Pertamax,PRODUCT,"kocak warga indo ini, bbm non subsidi naik dan itu jg yg kena dampak lgsg nya pengguna dex sama pert..."
crispyginger00,Pertalite,PRODUCT,"kocak warga indo ini, bbm non subsidi naik dan itu jg yg kena dampak lgsg nya pengguna dex sama pert..."
crispyginger00,Pertamax Turbo,PRODUCT,"kocak warga indo ini, bbm non subsidi naik dan itu jg yg kena dampak lgsg nya pengguna dex sama pert..."
crispyginger00,Bbm,PRODUCT,"kocak warga indo ini, bbm non subsidi naik dan itu jg yg kena dampak lgsg nya pengguna dex sama pert..."
langitygbiru7,Bbm,PRODUCT,"@MiskinTV_ Leh Agak lain... 😭
BBM non subsidi jelas mobil mewah dan orang Kaya pemilik nya jadi naik..."
langitygbiru7,BBM,PRODUCT,"@MiskinTV_ Leh Agak lain... 😭
BBM non subsidi jelas mobil mewah dan orang Kaya pemilik nya jadi naik..."
tribunnews,Kalsel Meningkat,LOCATION,"Harga BBM Non Subsidi Naik, APINDO Kalsel Khawatir PHK di Kalsel Meningkat
 
https://t.co/XWzbMQrkGn..."
tribunnews,APINDO,ORGANIZATION,"Harga BBM Non Subsidi Naik, APINDO Kalsel Khawatir PHK di Kalsel Meningkat
 
https://t.co/XWzbMQrkGn..."
tribunnews,PHK,ORGANIZATION,"Harga BBM Non Subsidi Naik, APINDO Kalsel Khawatir PHK di Kalsel Meningkat
 
https://t.co/XWzbMQrkGn..."
noahmhndr,Pertamax,PRODUCT,strategi buzzer mengadapi backlash harga pertamax turbo dan beberapa bbm non-subsidi lainnya naik in...
noahmhndr,Pertamax Turbo,PRODUCT,strategi buzzer mengadapi backlash harga pertamax turbo dan beberapa bbm non-subsidi lainnya naik in...
noahmhndr,Bbm,PRODUCT,strategi buzzer mengadapi backlash harga pertamax turbo dan beberapa bbm non-subsidi lainnya naik in...
Franken_blues,Bbm,PRODUCT,"Hadeuhhh, Chaplin bikin gaduh aja 😅

Apa karena cuma BBM non subsidi yg naik?
Maunya dia naik semua...."
Franken_blues,BBM,PRODUCT,"Hadeuhhh, Chaplin bikin gaduh aja 😅

Apa karena cuma BBM non subsidi yg naik?
Maunya dia naik semua...."
mlinjhosanasini,Timur Tengah,LOCATION,@tanyarlfes Zaman sekarang ini beneran unpredictable. Konflik geopolitik di Timur Tengah langsung ne...
mlinjhosanasini,Indonesia,LOCATION,@tanyarlfes Zaman sekarang ini beneran unpredictable. Konflik geopolitik di Timur Tengah langsung ne...
mlinjhosanasini,Bbm,PRODUCT,@tanyarlfes Zaman sekarang ini beneran unpredictable. Konflik geopolitik di Timur Tengah langsung ne...
mlinjhosanasini,BBM,PRODUCT,@tanyarlfes Zaman sekarang ini beneran unpredictable. Konflik geopolitik di Timur Tengah langsung ne...
VIVAcoid,Pertamax,PRODUCT,PT Pertamina (Persero) akhirnya melakukan penyesuaian harga dengan menaikkan harga sejumlah produk B...
VIVAcoid,Dexlite,PRODUCT,PT Pertamina (Persero) akhirnya melakukan penyesuaian harga dengan menaikkan harga sejumlah produk B...
VIVAcoid,Pertamax Turbo,PRODUCT,PT Pertamina (Persero) akhirnya melakukan penyesuaian harga dengan menaikkan harga sejumlah produk B...
VIVAcoid,Bbm,PRODUCT,PT Pertamina (Persero) akhirnya melakukan penyesuaian harga dengan menaikkan harga sejumlah produk B...
VIVAcoid,Pertamina,ORGANIZATION,PT Pertamina (Persero) akhirnya melakukan penyesuaian harga dengan menaikkan harga sejumlah produk B...
VIVAcoid,PT,ORGANIZATION,PT Pertamina (Persero) akhirnya melakukan penyesuaian harga dengan menaikkan harga sejumlah produk B...
VIVAcoid,BBM,PRODUCT,PT Pertamina (Persero) akhirnya melakukan penyesuaian harga dengan menaikkan harga sejumlah produk B...
0Shaleh,Pertamax,PRODUCT,"@marvelle_danny Aku ga kaya sih, tapi dulu mampu beli pertamax waktu harga masih 10rb, tapi setelah ..."
0Shaleh,Pertalite,PRODUCT,"@marvelle_danny Aku ga kaya sih, tapi dulu mampu beli pertamax waktu harga masih 10rb, tapi setelah ..."
0Shaleh,Bbm,PRODUCT,"@marvelle_danny Aku ga kaya sih, tapi dulu mampu beli pertamax waktu harga masih 10rb, tapi setelah ..."
0Shaleh,BBM,PRODUCT,"@marvelle_danny Aku ga kaya sih, tapi dulu mampu beli pertamax waktu harga masih 10rb, tapi setelah ..."
rakumza,Pertamax Turbo,LOCATION,@Sammi86Pilang Baguslah non subsidi naik drastis .Trimakasih pemerintah naikan BBM  NON SUBSIDI . Yg...
rakumza,Pertamax,PRODUCT,@Sammi86Pilang Baguslah non subsidi naik drastis .Trimakasih pemerintah naikan BBM  NON SUBSIDI . Yg...
rakumza,Pertalite,PRODUCT,@Sammi86Pilang Baguslah non subsidi naik drastis .Trimakasih pemerintah naikan BBM  NON SUBSIDI . Yg...
rakumza,Pertamax Turbo,PRODUCT,@Sammi86Pilang Baguslah non subsidi naik drastis .Trimakasih pemerintah naikan BBM  NON SUBSIDI . Yg...
rakumza,Bbm,PRODUCT,@Sammi86Pilang Baguslah non subsidi naik drastis .Trimakasih pemerintah naikan BBM  NON SUBSIDI . Yg...
rakumza,BBM,PRODUCT,@Sammi86Pilang Baguslah non subsidi naik drastis .Trimakasih pemerintah naikan BBM  NON SUBSIDI . Yg...
rakumza,NON,ORGANIZATION,@Sammi86Pilang Baguslah non subsidi naik drastis .Trimakasih pemerintah naikan BBM  NON SUBSIDI . Yg...
rakumza,SUBSIDI,ORGANIZATION,@Sammi86Pilang Baguslah non subsidi naik drastis .Trimakasih pemerintah naikan BBM  NON SUBSIDI . Yg...
rakumza,TOLOL,ORGANIZATION,@Sammi86Pilang Baguslah non subsidi naik drastis .Trimakasih pemerintah naikan BBM  NON SUBSIDI . Yg...
Medic_boy,Bbm,PRODUCT,"@Aerio_Id pengguna bbm subsidi jangan senang dulu, kayak gak tahu permainan pemrintah aja
sekarang y..."
puturizki,Pertamax,PRODUCT,"@tempodotco Pertamax, bbm non subsidi, yg tdk naik harga  spt pertalite..mencurigakan nih..jgn2 ini ..."
puturizki,Pertalite,PRODUCT,"@tempodotco Pertamax, bbm non subsidi, yg tdk naik harga  spt pertalite..mencurigakan nih..jgn2 ini ..."
puturizki,Bbm,PRODUCT,"@tempodotco Pertamax, bbm non subsidi, yg tdk naik harga  spt pertalite..mencurigakan nih..jgn2 ini ..."
ur__imagination,Bbm,PRODUCT,"BBM non subsidi naik, bukan berarti yg menderita orang orang kaya, kita semua kan kena dampaknya, ak..."
ur__imagination,BBM,PRODUCT,"BBM non subsidi naik, bukan berarti yg menderita orang orang kaya, kita semua kan kena dampaknya, ak..."
Angkasa_Kosong,Bbm,PRODUCT,@MiskinTV_ @Pak_JK usul menaikan harga BBM subsidi dinaikan dan lue diem/budeg/picek/tuli dan dungu....
Angkasa_Kosong,BBM,PRODUCT,@MiskinTV_ @Pak_JK usul menaikan harga BBM subsidi dinaikan dan lue diem/budeg/picek/tuli dan dungu....
WarBananaReborn,Bbm,PRODUCT,Setelah bbm non subsidi naik apa lagi kira kira yang bakalan naik ya. Jadi inget lagu iwan yang ngga...
PaltiHutabarat,US,ORGANIZATION,"Harga BBM non subsidi naik saat harga minyak dunia anjlok di bawah 100 US Dollar..

Kenapa malah keb..."
keluarga_sultan,Pertalite,PRODUCT,"@Jumianto_RK Masa BBM nonsubsidi harus di subsidi juga?
Lagian kan kita pakenya pertalite dan harga ..."
keluarga_sultan,Bbm,PRODUCT,"@Jumianto_RK Masa BBM nonsubsidi harus di subsidi juga?
Lagian kan kita pakenya pertalite dan harga ..."
keluarga_sultan,BBM,PRODUCT,"@Jumianto_RK Masa BBM nonsubsidi harus di subsidi juga?
Lagian kan kita pakenya pertalite dan harga ..."
josetya,Pertamax,PRODUCT,"@insidefolkative Terakhir beli pertalite, subsidi perliter sudah lebih dari 6000. Jadi wajar sih bil..."
josetya,Pertalite,PRODUCT,"@insidefolkative Terakhir beli pertalite, subsidi perliter sudah lebih dari 6000. Jadi wajar sih bil..."
josetya,Bbm,PRODUCT,"@insidefolkative Terakhir beli pertalite, subsidi perliter sudah lebih dari 6000. Jadi wajar sih bil..."
itsdizcorvus,Pertamax,PRODUCT,"harga bbm non subsidi naik per hari ini:

• pertamax turbo: 13.100 → 19.400 (naik 48%)
• pertamina d..."
itsdizcorvus,Pertalite,PRODUCT,"harga bbm non subsidi naik per hari ini:

• pertamax turbo: 13.100 → 19.400 (naik 48%)
• pertamina d..."
itsdizcorvus,Dexlite,PRODUCT,"harga bbm non subsidi naik per hari ini:

• pertamax turbo: 13.100 → 19.400 (naik 48%)
• pertamina d..."
itsdizcorvus,Pertamax Turbo,PRODUCT,"harga bbm non subsidi naik per hari ini:

• pertamax turbo: 13.100 → 19.400 (naik 48%)
• pertamina d..."
itsdizcorvus,Bbm,PRODUCT,"harga bbm non subsidi naik per hari ini:

• pertamax turbo: 13.100 → 19.400 (naik 48%)
• pertamina d..."
itsdizcorvus,Pertamina,ORGANIZATION,"harga bbm non subsidi naik per hari ini:

• pertamax turbo: 13.100 → 19.400 (naik 48%)
• pertamina d..."
Andhika60250823,Naik Tinggi,LOCATION,"@Jumianto_RK Biasanya akan ad penyesuaian Harga awalnya BBM non Subsidi Naik Tinggi,lalu Mobil2 akan..."
Andhika60250823,Naikkan,LOCATION,"@Jumianto_RK Biasanya akan ad penyesuaian Harga awalnya BBM non Subsidi Naik Tinggi,lalu Mobil2 akan..."
Andhika60250823,Bbm,PRODUCT,"@Jumianto_RK Biasanya akan ad penyesuaian Harga awalnya BBM non Subsidi Naik Tinggi,lalu Mobil2 akan..."
Andhika60250823,Iran,LOCATION,"@Jumianto_RK Biasanya akan ad penyesuaian Harga awalnya BBM non Subsidi Naik Tinggi,lalu Mobil2 akan..."
Andhika60250823,BBM,PRODUCT,"@Jumianto_RK Biasanya akan ad penyesuaian Harga awalnya BBM non Subsidi Naik Tinggi,lalu Mobil2 akan..."
Andhika60250823,US,ORGANIZATION,"@Jumianto_RK Biasanya akan ad penyesuaian Harga awalnya BBM non Subsidi Naik Tinggi,lalu Mobil2 akan..."
hujanyangturun_,Bbm,PRODUCT,"@Ardaffaf kemarin minta naik, skrg beneran naik marah. puyeng. udh bener ini langkah pemerintah, yan..."
hujanyangturun_,BBM,PRODUCT,"@Ardaffaf kemarin minta naik, skrg beneran naik marah. puyeng. udh bener ini langkah pemerintah, yan..."
Karajgom,Bbm,PRODUCT,@0htjit Saya di sisi yg setuju BBM non subsidi naik kalo engga bisa jebol APBN buat subsidi tapi di ...
Karajgom,Apbn,ORGANIZATION,@0htjit Saya di sisi yg setuju BBM non subsidi naik kalo engga bisa jebol APBN buat subsidi tapi di ...
Karajgom,BBM,PRODUCT,@0htjit Saya di sisi yg setuju BBM non subsidi naik kalo engga bisa jebol APBN buat subsidi tapi di ...
Karajgom,APBN,ORGANIZATION,@0htjit Saya di sisi yg setuju BBM non subsidi naik kalo engga bisa jebol APBN buat subsidi tapi di ...
Karajgom,MBG,ORGANIZATION,@0htjit Saya di sisi yg setuju BBM non subsidi naik kalo engga bisa jebol APBN buat subsidi tapi di ...
Ans37035,Bbm,PRODUCT,@0htjit Masih ngumpulin receh di wallet aja sok ngatain gini. Tau efek domino ga? Dikira BBM non sub...
Ans37035,BBM,PRODUCT,@0htjit Masih ngumpulin receh di wallet aja sok ngatain gini. Tau efek domino ga? Dikira BBM non sub...
CryOn_ShinChann,Rp.,MONEY,"Breaking News 🚨🚨 BBM subsidi masih belum naik tapi BBM non subsidi sudah mulai naik.

Pertamax dari ..."
CryOn_ShinChann,Rp,LOCATION,"Breaking News 🚨🚨 BBM subsidi masih belum naik tapi BBM non subsidi sudah mulai naik.

Pertamax dari ..."
CryOn_ShinChann,Pertamax,PRODUCT,"Breaking News 🚨🚨 BBM subsidi masih belum naik tapi BBM non subsidi sudah mulai naik.

Pertamax dari ..."
CryOn_ShinChann,Dexlite,PRODUCT,"Breaking News 🚨🚨 BBM subsidi masih belum naik tapi BBM non subsidi sudah mulai naik.

Pertamax dari ..."
CryOn_ShinChann,Pertamax Turbo,PRODUCT,"Breaking News 🚨🚨 BBM subsidi masih belum naik tapi BBM non subsidi sudah mulai naik.

Pertamax dari ..."
CryOn_ShinChann,Bbm,PRODUCT,"Breaking News 🚨🚨 BBM subsidi masih belum naik tapi BBM non subsidi sudah mulai naik.

Pertamax dari ..."
CryOn_ShinChann,BBM,PRODUCT,"Breaking News 🚨🚨 BBM subsidi masih belum naik tapi BBM non subsidi sudah mulai naik.

Pertamax dari ..."
noegroho_basuki,Pertalite,PRODUCT,"@marvelle_danny Pertalite naik.nggak...? Yg naik bbm buat yg non subsidi, narasinya seragam.... dr k..."
noegroho_basuki,Bbm,PRODUCT,"@marvelle_danny Pertalite naik.nggak...? Yg naik bbm buat yg non subsidi, narasinya seragam.... dr k..."
OpiniMerah,Bbm,PRODUCT,"@rsngprad jelas lah... BBM non subsidi itu yg dipke perusahaan2 gede, harga produksi naik...brg maki..."
OpiniMerah,BBM,PRODUCT,"@rsngprad jelas lah... BBM non subsidi itu yg dipke perusahaan2 gede, harga produksi naik...brg maki..."
Imam_Widodo_,Bbm,PRODUCT,"@tempodotco Mantap, pengguna BBM non subsidi dipastikan akan meningkat, kebutuhan BBM subsidi juga p..."
Imam_Widodo_,Apbn,ORGANIZATION,"@tempodotco Mantap, pengguna BBM non subsidi dipastikan akan meningkat, kebutuhan BBM subsidi juga p..."
Imam_Widodo_,BBM,PRODUCT,"@tempodotco Mantap, pengguna BBM non subsidi dipastikan akan meningkat, kebutuhan BBM subsidi juga p..."
Imam_Widodo_,TDK,ORGANIZATION,"@tempodotco Mantap, pengguna BBM non subsidi dipastikan akan meningkat, kebutuhan BBM subsidi juga p..."
ToyoAjjah,Bbm,PRODUCT,"@Jakartalk Bbm subsidi gk naik, yg non naik.. nanti dlapangan bbm subsidi dbikin langka dan dgn sndi..."
kuahsotoenakkkk,Bbm,PRODUCT,"@ririprj @tempodotco Bep, org2 yg kebiasa pake dex, turbo dll tu kemungkinan downgrade ke bbm subsid..."
hnldbus,Pertalite,PRODUCT,"@marvelle_danny Yang naik BBM non subsidi pula , bensin orang kaya yang di ributin oleh pengguna per..."
hnldbus,Bbm,PRODUCT,"@marvelle_danny Yang naik BBM non subsidi pula , bensin orang kaya yang di ributin oleh pengguna per..."
hnldbus,Bensin,PRODUCT,"@marvelle_danny Yang naik BBM non subsidi pula , bensin orang kaya yang di ributin oleh pengguna per..."
hnldbus,BBM,PRODUCT,"@marvelle_danny Yang naik BBM non subsidi pula , bensin orang kaya yang di ributin oleh pengguna per..."
immanuel_padang,Bbm,PRODUCT,"@AkilaNazaffu Bro itu BBM non subsidi gk berdampak langsung ke APBN
Kenyataan yg sering terjadi di l..."
immanuel_padang,Apbn,ORGANIZATION,"@AkilaNazaffu Bro itu BBM non subsidi gk berdampak langsung ke APBN
Kenyataan yg sering terjadi di l..."
immanuel_padang,BBM,PRODUCT,"@AkilaNazaffu Bro itu BBM non subsidi gk berdampak langsung ke APBN
Kenyataan yg sering terjadi di l..."
immanuel_padang,APBN,ORGANIZATION,"@AkilaNazaffu Bro itu BBM non subsidi gk berdampak langsung ke APBN
Kenyataan yg sering terjadi di l..."
OposisiCerdas,Rp24,MONEY,"Harga BBM Non Subsidi Naik, Perrtamax dan Dexlite Nyaris Rp 24 Ribu per Liter https://t.co/Ze0AYMErQ..."
OposisiCerdas,Naik,LOCATION,"Harga BBM Non Subsidi Naik, Perrtamax dan Dexlite Nyaris Rp 24 Ribu per Liter https://t.co/Ze0AYMErQ..."
OposisiCerdas,Dexlite,PRODUCT,"Harga BBM Non Subsidi Naik, Perrtamax dan Dexlite Nyaris Rp 24 Ribu per Liter https://t.co/Ze0AYMErQ..."
OposisiCerdas,Bbm,PRODUCT,"Harga BBM Non Subsidi Naik, Perrtamax dan Dexlite Nyaris Rp 24 Ribu per Liter https://t.co/Ze0AYMErQ..."
OposisiCerdas,BBM,PRODUCT,"Harga BBM Non Subsidi Naik, Perrtamax dan Dexlite Nyaris Rp 24 Ribu per Liter https://t.co/Ze0AYMErQ..."
emyr_za1,Bbm,PRODUCT,"@tempodotco Udahlah beli bbm non subsidi kena pajak, pajak kendaraan juga mahal, maintenance ke beng..."
emyr_za1,Prabowo,PERSON,"@tempodotco Udahlah beli bbm non subsidi kena pajak, pajak kendaraan juga mahal, maintenance ke beng..."
merrrcury,Bbm,PRODUCT,@nozelism Ada aturannya kalo perusahaan swasta (industri) wajib pake bbm non subsidi. Pembuatan di i...
NenengAnj4r,Rp13.100,MONEY,"Kata siapa kemaren ngga bakal naik, uangnya subsidi habis buat pesta ultah 🤣

HARGA BBM NON SUBSIDI ..."
NenengAnj4r,Rp19.400,MONEY,"Kata siapa kemaren ngga bakal naik, uangnya subsidi habis buat pesta ultah 🤣

HARGA BBM NON SUBSIDI ..."
NenengAnj4r,Rp14.200,MONEY,"Kata siapa kemaren ngga bakal naik, uangnya subsidi habis buat pesta ultah 🤣

HARGA BBM NON SUBSIDI ..."
NenengAnj4r,Rp23.600,MONEY,"Kata siapa kemaren ngga bakal naik, uangnya subsidi habis buat pesta ultah 🤣

HARGA BBM NON SUBSIDI ..."
NenengAnj4r,Rp14.500,MONEY,"Kata siapa kemaren ngga bakal naik, uangnya subsidi habis buat pesta ultah 🤣

HARGA BBM NON SUBSIDI ..."
NenengAnj4r,Rp23.900,MONEY,"Kata siapa kemaren ngga bakal naik, uangnya subsidi habis buat pesta ultah 🤣

HARGA BBM NON SUBSIDI ..."
NenengAnj4r,Pertamax,PRODUCT,"Kata siapa kemaren ngga bakal naik, uangnya subsidi habis buat pesta ultah 🤣

HARGA BBM NON SUBSIDI ..."
NenengAnj4r,Dexlite,PRODUCT,"Kata siapa kemaren ngga bakal naik, uangnya subsidi habis buat pesta ultah 🤣

HARGA BBM NON SUBSIDI ..."
NenengAnj4r,Pertamax Turbo,PRODUCT,"Kata siapa kemaren ngga bakal naik, uangnya subsidi habis buat pesta ultah 🤣

HARGA BBM NON SUBSIDI ..."
NenengAnj4r,Bbm,PRODUCT,"Kata siapa kemaren ngga bakal naik, uangnya subsidi habis buat pesta ultah 🤣

HARGA BBM NON SUBSIDI ..."
NenengAnj4r,Pertamina,ORGANIZATION,"Kata siapa kemaren ngga bakal naik, uangnya subsidi habis buat pesta ultah 🤣

HARGA BBM NON SUBSIDI ..."
NenengAnj4r,HARGA,ORGANIZATION,"Kata siapa kemaren ngga bakal naik, uangnya subsidi habis buat pesta ultah 🤣

HARGA BBM NON SUBSIDI ..."
NenengAnj4r,BBM,PRODUCT,"Kata siapa kemaren ngga bakal naik, uangnya subsidi habis buat pesta ultah 🤣

HARGA BBM NON SUBSIDI ..."
NenengAnj4r,NON,ORGANIZATION,"Kata siapa kemaren ngga bakal naik, uangnya subsidi habis buat pesta ultah 🤣

HARGA BBM NON SUBSIDI ..."
NenengAnj4r,SUBSIDI,ORGANIZATION,"Kata siapa kemaren ngga bakal naik, uangnya subsidi habis buat pesta ultah 🤣

HARGA BBM NON SUBSIDI ..."
NenengAnj4r,RESMI,ORGANIZATION,"Kata siapa kemaren ngga bakal naik, uangnya subsidi habis buat pesta ultah 🤣

HARGA BBM NON SUBSIDI ..."
NenengAnj4r,NAIK,ORGANIZATION,"Kata siapa kemaren ngga bakal naik, uangnya subsidi habis buat pesta ultah 🤣

HARGA BBM NON SUBSIDI ..."
streetlawyers85,Bbm,PRODUCT,"@Jumianto_RK Wajar kalau BBM non subsidi naik, BBM orang kaya, menyesuaikan harga minyak dunia, yg p..."
streetlawyers85,BBM,PRODUCT,"@Jumianto_RK Wajar kalau BBM non subsidi naik, BBM orang kaya, menyesuaikan harga minyak dunia, yg p..."
polisiolahraga,Danny,PERSON,@marvelle_danny Masih relevan dgn twit Pak Danny terkait kenaikan BBM yg teriak2 yg pakai pertalite ...
polisiolahraga,Pertalite,PRODUCT,@marvelle_danny Masih relevan dgn twit Pak Danny terkait kenaikan BBM yg teriak2 yg pakai pertalite ...
polisiolahraga,Bbm,PRODUCT,@marvelle_danny Masih relevan dgn twit Pak Danny terkait kenaikan BBM yg teriak2 yg pakai pertalite ...
polisiolahraga,BBM,PRODUCT,@marvelle_danny Masih relevan dgn twit Pak Danny terkait kenaikan BBM yg teriak2 yg pakai pertalite ...
Dihandri1,Bbm,PRODUCT,"@sigitwid BBM non-subsidi naik drastis. Distribusi logistik, transportasi barang, dan operasional us..."
Dihandri1,BBM,PRODUCT,"@sigitwid BBM non-subsidi naik drastis. Distribusi logistik, transportasi barang, dan operasional us..."
rasjawa,Plat Merah,LOCATION,"Harga BBM Non Subsidi Plat Merah per tanggal 18 April ini naik gila-gilaan, meski Pertamax 92 dan Gr..."
rasjawa,Pertamax,PRODUCT,"Harga BBM Non Subsidi Plat Merah per tanggal 18 April ini naik gila-gilaan, meski Pertamax 92 dan Gr..."
rasjawa,Pertamax Turbo,PRODUCT,"Harga BBM Non Subsidi Plat Merah per tanggal 18 April ini naik gila-gilaan, meski Pertamax 92 dan Gr..."
rasjawa,Bbm,PRODUCT,"Harga BBM Non Subsidi Plat Merah per tanggal 18 April ini naik gila-gilaan, meski Pertamax 92 dan Gr..."
rasjawa,BBM,PRODUCT,"Harga BBM Non Subsidi Plat Merah per tanggal 18 April ini naik gila-gilaan, meski Pertamax 92 dan Gr..."
pinkbourbon8898,Bbm,PRODUCT,"kemarin BBM ga naik pada komplain mengenai fiskal, APBN tekor dll.

nah skrg Non Subsidi naik gila g..."
pinkbourbon8898,Indonesia,LOCATION,"kemarin BBM ga naik pada komplain mengenai fiskal, APBN tekor dll.

nah skrg Non Subsidi naik gila g..."
pinkbourbon8898,Apbn,ORGANIZATION,"kemarin BBM ga naik pada komplain mengenai fiskal, APBN tekor dll.

nah skrg Non Subsidi naik gila g..."
pinkbourbon8898,BBM,PRODUCT,"kemarin BBM ga naik pada komplain mengenai fiskal, APBN tekor dll.

nah skrg Non Subsidi naik gila g..."
pinkbourbon8898,APBN,ORGANIZATION,"kemarin BBM ga naik pada komplain mengenai fiskal, APBN tekor dll.

nah skrg Non Subsidi naik gila g..."
sunggul,Bbm,PRODUCT,"Jadi maunya gimana? Disatu sisi gak suka BBM non subsidi naik, tapi protes juga BBM subsidi gak naik..."
sunggul,BBM,PRODUCT,"Jadi maunya gimana? Disatu sisi gak suka BBM non subsidi naik, tapi protes juga BBM subsidi gak naik..."
NanuWisnu,Bbm,PRODUCT,"@SarjanaEksu Banyak lho rakyat kita masih susah bedakan BBM Non Subsidi dan yang Bersubsidi. 

Udah ..."
NanuWisnu,BBM,PRODUCT,"@SarjanaEksu Banyak lho rakyat kita masih susah bedakan BBM Non Subsidi dan yang Bersubsidi. 

Udah ..."
NanuWisnu,SUBSIDI,ORGANIZATION,"@SarjanaEksu Banyak lho rakyat kita masih susah bedakan BBM Non Subsidi dan yang Bersubsidi. 

Udah ..."
AMuhammad2425,Bbm,PRODUCT,@MiskinTV_ Kan udh dibilangin dari awal bln april pemerintah jamin bbm subsidi gak naik sampai akhir...
13_iwaN,Pertamax,PRODUCT,"@nozelism Yg naik banyak harga solar non subsidi, naik 70%. Mungkin pengguna mobil bensin masih agak..."
13_iwaN,Solar,PRODUCT,"@nozelism Yg naik banyak harga solar non subsidi, naik 70%. Mungkin pengguna mobil bensin masih agak..."
13_iwaN,Bensin,PRODUCT,"@nozelism Yg naik banyak harga solar non subsidi, naik 70%. Mungkin pengguna mobil bensin masih agak..."
13_iwaN,BMW,ORGANIZATION,"@nozelism Yg naik banyak harga solar non subsidi, naik 70%. Mungkin pengguna mobil bensin masih agak..."
Boediantar4,Rp14.200,MONEY,"Per 18.04.26
HARGA BBM NON SUBSIDI RESMI NAIK.

√ Dexlite (CN 51) melonjak paling tinggi, dari Rp14...."
Boediantar4,Rp24.150,MONEY,"Per 18.04.26
HARGA BBM NON SUBSIDI RESMI NAIK.

√ Dexlite (CN 51) melonjak paling tinggi, dari Rp14...."
Boediantar4,Rp24.450,MONEY,"Per 18.04.26
HARGA BBM NON SUBSIDI RESMI NAIK.

√ Dexlite (CN 51) melonjak paling tinggi, dari Rp14...."
Boediantar4,Rp19.850,MONEY,"Per 18.04.26
HARGA BBM NON SUBSIDI RESMI NAIK.

√ Dexlite (CN 51) melonjak paling tinggi, dari Rp14...."
Boediantar4,Rp,LOCATION,"Per 18.04.26
HARGA BBM NON SUBSIDI RESMI NAIK.

√ Dexlite (CN 51) melonjak paling tinggi, dari Rp14...."
Boediantar4,Pertamax,PRODUCT,"Per 18.04.26
HARGA BBM NON SUBSIDI RESMI NAIK.

√ Dexlite (CN 51) melonjak paling tinggi, dari Rp14...."
Boediantar4,Dexlite,PRODUCT,"Per 18.04.26
HARGA BBM NON SUBSIDI RESMI NAIK.

√ Dexlite (CN 51) melonjak paling tinggi, dari Rp14...."
Boediantar4,Pertamax Turbo,PRODUCT,"Per 18.04.26
HARGA BBM NON SUBSIDI RESMI NAIK.

√ Dexlite (CN 51) melonjak paling tinggi, dari Rp14...."
Boediantar4,Bbm,PRODUCT,"Per 18.04.26
HARGA BBM NON SUBSIDI RESMI NAIK.

√ Dexlite (CN 51) melonjak paling tinggi, dari Rp14...."
Boediantar4,Pertamina,ORGANIZATION,"Per 18.04.26
HARGA BBM NON SUBSIDI RESMI NAIK.

√ Dexlite (CN 51) melonjak paling tinggi, dari Rp14...."
Boediantar4,HARGA,ORGANIZATION,"Per 18.04.26
HARGA BBM NON SUBSIDI RESMI NAIK.

√ Dexlite (CN 51) melonjak paling tinggi, dari Rp14...."
Boediantar4,BBM,PRODUCT,"Per 18.04.26
HARGA BBM NON SUBSIDI RESMI NAIK.

√ Dexlite (CN 51) melonjak paling tinggi, dari Rp14...."
Boediantar4,NON,ORGANIZATION,"Per 18.04.26
HARGA BBM NON SUBSIDI RESMI NAIK.

√ Dexlite (CN 51) melonjak paling tinggi, dari Rp14...."
Boediantar4,SUBSIDI,ORGANIZATION,"Per 18.04.26
HARGA BBM NON SUBSIDI RESMI NAIK.

√ Dexlite (CN 51) melonjak paling tinggi, dari Rp14...."
Boediantar4,RESMI,ORGANIZATION,"Per 18.04.26
HARGA BBM NON SUBSIDI RESMI NAIK.

√ Dexlite (CN 51) melonjak paling tinggi, dari Rp14...."
Boediantar4,NAIK,ORGANIZATION,"Per 18.04.26
HARGA BBM NON SUBSIDI RESMI NAIK.

√ Dexlite (CN 51) melonjak paling tinggi, dari Rp14...."
Boediantar4,CN,ORGANIZATION,"Per 18.04.26
HARGA BBM NON SUBSIDI RESMI NAIK.

√ Dexlite (CN 51) melonjak paling tinggi, dari Rp14...."
Boediantar4,RON,ORGANIZATION,"Per 18.04.26
HARGA BBM NON SUBSIDI RESMI NAIK.

√ Dexlite (CN 51) melonjak paling tinggi, dari Rp14...."
AyanggaHK,Bbm,PRODUCT,"harga BBM non subsidi naik ges
sumber : detikfinance https://t.co/54GoBQK2vp..."
AyanggaHK,BBM,PRODUCT,"harga BBM non subsidi naik ges
sumber : detikfinance https://t.co/54GoBQK2vp..."
ursunnymorn,Bbm,PRODUCT,"Hari ini BBM non Subsidi resmi naik, shock banget liat Pertamina Dex. Biasanya hanya golongan meneng..."
ursunnymorn,Pertamina,ORGANIZATION,"Hari ini BBM non Subsidi resmi naik, shock banget liat Pertamina Dex. Biasanya hanya golongan meneng..."
ursunnymorn,BBM,PRODUCT,"Hari ini BBM non Subsidi resmi naik, shock banget liat Pertamina Dex. Biasanya hanya golongan meneng..."
MiskinTV_,MBG,ORGANIZATION,"Yang Naik BBM Non Subsidi, tapi gw sangat yakin bakal berimbas ke kenaikan harga barang/jasa yang la..."
umbihombes,Bbm,PRODUCT,"@insidefolkative middle class kebawah hampir ngga ada perubahan signifikan, cuma yang sebelumnya ser..."
Imade_kun,Pertalite,PRODUCT,Pengguna pertalite protes BBM non subsidi naik. Gimana gak goblog SDM nya....
Imade_kun,Bbm,PRODUCT,Pengguna pertalite protes BBM non subsidi naik. Gimana gak goblog SDM nya....
Imade_kun,BBM,PRODUCT,Pengguna pertalite protes BBM non subsidi naik. Gimana gak goblog SDM nya....
Imade_kun,SDM,ORGANIZATION,Pengguna pertalite protes BBM non subsidi naik. Gimana gak goblog SDM nya....
odjie85,Pertamax,PRODUCT,@tatangberkutang @indepenSumatera Mikir gak kalo harga bahan bakunya (minyak mentah) aja udah naik l...
odjie85,Bbm,PRODUCT,@tatangberkutang @indepenSumatera Mikir gak kalo harga bahan bakunya (minyak mentah) aja udah naik l...
odjie85,Minyak Mentah,PRODUCT,@tatangberkutang @indepenSumatera Mikir gak kalo harga bahan bakunya (minyak mentah) aja udah naik l...
odjie85,BBM,PRODUCT,@tatangberkutang @indepenSumatera Mikir gak kalo harga bahan bakunya (minyak mentah) aja udah naik l...
ImminentAdi,Bbm,PRODUCT,@marvelle_danny Lu pikir bbm non subsidi naik trus harga2 gak ikutan naik. Entah naif entah tolol lu...
txtdaritaxpayer,Pertamax,PRODUCT,"Udah bener itu BBM Non Subsidi naik. Karena memang price marketnya tinggi. 

Langkah tepat juga pert..."
txtdaritaxpayer,Pertalite,PRODUCT,"Udah bener itu BBM Non Subsidi naik. Karena memang price marketnya tinggi. 

Langkah tepat juga pert..."
txtdaritaxpayer,Bbm,PRODUCT,"Udah bener itu BBM Non Subsidi naik. Karena memang price marketnya tinggi. 

Langkah tepat juga pert..."
txtdaritaxpayer,BBM,PRODUCT,"Udah bener itu BBM Non Subsidi naik. Karena memang price marketnya tinggi. 

Langkah tepat juga pert..."
SarjanaEksu,Bbm,PRODUCT,"Harga BBM non subsidi naik trus marah.

Ya WAJAR DONG BLOG KLO NAIK NAMANYA JG NON SUBSIDI

SALAHIN ..."
SarjanaEksu,Iran,LOCATION,"Harga BBM non subsidi naik trus marah.

Ya WAJAR DONG BLOG KLO NAIK NAMANYA JG NON SUBSIDI

SALAHIN ..."
SarjanaEksu,BBM,PRODUCT,"Harga BBM non subsidi naik trus marah.

Ya WAJAR DONG BLOG KLO NAIK NAMANYA JG NON SUBSIDI

SALAHIN ..."
SarjanaEksu,WAJAR,ORGANIZATION,"Harga BBM non subsidi naik trus marah.

Ya WAJAR DONG BLOG KLO NAIK NAMANYA JG NON SUBSIDI

SALAHIN ..."
SarjanaEksu,DONG,ORGANIZATION,"Harga BBM non subsidi naik trus marah.

Ya WAJAR DONG BLOG KLO NAIK NAMANYA JG NON SUBSIDI

SALAHIN ..."
SarjanaEksu,BLOG,ORGANIZATION,"Harga BBM non subsidi naik trus marah.

Ya WAJAR DONG BLOG KLO NAIK NAMANYA JG NON SUBSIDI

SALAHIN ..."
SarjanaEksu,KLO,ORGANIZATION,"Harga BBM non subsidi naik trus marah.

Ya WAJAR DONG BLOG KLO NAIK NAMANYA JG NON SUBSIDI

SALAHIN ..."
SarjanaEksu,NAIK,ORGANIZATION,"Harga BBM non subsidi naik trus marah.

Ya WAJAR DONG BLOG KLO NAIK NAMANYA JG NON SUBSIDI

SALAHIN ..."
SarjanaEksu,NAMANYA,ORGANIZATION,"Harga BBM non subsidi naik trus marah.

Ya WAJAR DONG BLOG KLO NAIK NAMANYA JG NON SUBSIDI

SALAHIN ..."
SarjanaEksu,JG,ORGANIZATION,"Harga BBM non subsidi naik trus marah.

Ya WAJAR DONG BLOG KLO NAIK NAMANYA JG NON SUBSIDI

SALAHIN ..."
SarjanaEksu,NON,ORGANIZATION,"Harga BBM non subsidi naik trus marah.

Ya WAJAR DONG BLOG KLO NAIK NAMANYA JG NON SUBSIDI

SALAHIN ..."
SarjanaEksu,SUBSIDI,ORGANIZATION,"Harga BBM non subsidi naik trus marah.

Ya WAJAR DONG BLOG KLO NAIK NAMANYA JG NON SUBSIDI

SALAHIN ..."
SarjanaEksu,SALAHIN,ORGANIZATION,"Harga BBM non subsidi naik trus marah.

Ya WAJAR DONG BLOG KLO NAIK NAMANYA JG NON SUBSIDI

SALAHIN ..."
SarjanaEksu,SETANYAHU,ORGANIZATION,"Harga BBM non subsidi naik trus marah.

Ya WAJAR DONG BLOG KLO NAIK NAMANYA JG NON SUBSIDI

SALAHIN ..."
SarjanaEksu,YANG,ORGANIZATION,"Harga BBM non subsidi naik trus marah.

Ya WAJAR DONG BLOG KLO NAIK NAMANYA JG NON SUBSIDI

SALAHIN ..."
SarjanaEksu,HORNY,ORGANIZATION,"Harga BBM non subsidi naik trus marah.

Ya WAJAR DONG BLOG KLO NAIK NAMANYA JG NON SUBSIDI

SALAHIN ..."
SarjanaEksu,BANGET,ORGANIZATION,"Harga BBM non subsidi naik trus marah.

Ya WAJAR DONG BLOG KLO NAIK NAMANYA JG NON SUBSIDI

SALAHIN ..."
SarjanaEksu,NGAJAK,ORGANIZATION,"Harga BBM non subsidi naik trus marah.

Ya WAJAR DONG BLOG KLO NAIK NAMANYA JG NON SUBSIDI

SALAHIN ..."
SarjanaEksu,IRAN,ORGANIZATION,"Harga BBM non subsidi naik trus marah.

Ya WAJAR DONG BLOG KLO NAIK NAMANYA JG NON SUBSIDI

SALAHIN ..."
SarjanaEksu,PERANG,ORGANIZATION,"Harga BBM non subsidi naik trus marah.

Ya WAJAR DONG BLOG KLO NAIK NAMANYA JG NON SUBSIDI

SALAHIN ..."
restuufk,Rp13.100,MONEY,"Hari ini BBM Non Subsidi naik:
Pertamax Turbo 
dari Rp13.100 jadi Rp19.400
  
Dexlite
dari Rp14.200 ..."
restuufk,Rp19.400,MONEY,"Hari ini BBM Non Subsidi naik:
Pertamax Turbo 
dari Rp13.100 jadi Rp19.400
  
Dexlite
dari Rp14.200 ..."
restuufk,Rp14.200,MONEY,"Hari ini BBM Non Subsidi naik:
Pertamax Turbo 
dari Rp13.100 jadi Rp19.400
  
Dexlite
dari Rp14.200 ..."
restuufk,Rp23.900,MONEY,"Hari ini BBM Non Subsidi naik:
Pertamax Turbo 
dari Rp13.100 jadi Rp19.400
  
Dexlite
dari Rp14.200 ..."
restuufk,Rp,LOCATION,"Hari ini BBM Non Subsidi naik:
Pertamax Turbo 
dari Rp13.100 jadi Rp19.400
  
Dexlite
dari Rp14.200 ..."
restuufk,Pertamax,PRODUCT,"Hari ini BBM Non Subsidi naik:
Pertamax Turbo 
dari Rp13.100 jadi Rp19.400
  
Dexlite
dari Rp14.200 ..."
restuufk,Pertalite,PRODUCT,"Hari ini BBM Non Subsidi naik:
Pertamax Turbo 
dari Rp13.100 jadi Rp19.400
  
Dexlite
dari Rp14.200 ..."
restuufk,Dexlite,PRODUCT,"Hari ini BBM Non Subsidi naik:
Pertamax Turbo 
dari Rp13.100 jadi Rp19.400
  
Dexlite
dari Rp14.200 ..."
restuufk,Pertamax Turbo,PRODUCT,"Hari ini BBM Non Subsidi naik:
Pertamax Turbo 
dari Rp13.100 jadi Rp19.400
  
Dexlite
dari Rp14.200 ..."
sharpandshark,Rp13.100,MONEY,"Pertamina menaikan harga BBM non Subsidi.

Pertamax Turbo (Ron 98) - naik⬆️
Rp 13.100 jadi Rp 19.400..."
sharpandshark,Rp19.400,MONEY,"Pertamina menaikan harga BBM non Subsidi.

Pertamax Turbo (Ron 98) - naik⬆️
Rp 13.100 jadi Rp 19.400..."
sharpandshark,Rp14.200,MONEY,"Pertamina menaikan harga BBM non Subsidi.

Pertamax Turbo (Ron 98) - naik⬆️
Rp 13.100 jadi Rp 19.400..."
sharpandshark,Rp23.600,MONEY,"Pertamina menaikan harga BBM non Subsidi.

Pertamax Turbo (Ron 98) - naik⬆️
Rp 13.100 jadi Rp 19.400..."
sharpandshark,Rp14.500,MONEY,"Pertamina menaikan harga BBM non Subsidi.

Pertamax Turbo (Ron 98) - naik⬆️
Rp 13.100 jadi Rp 19.400..."
sharpandshark,Rp23.900,MONEY,"Pertamina menaikan harga BBM non Subsidi.

Pertamax Turbo (Ron 98) - naik⬆️
Rp 13.100 jadi Rp 19.400..."
sharpandshark,Rp10.000,MONEY,"Pertamina menaikan harga BBM non Subsidi.

Pertamax Turbo (Ron 98) - naik⬆️
Rp 13.100 jadi Rp 19.400..."
sharpandshark,Pertalite,PRODUCT,"Pertamina menaikan harga BBM non Subsidi.

Pertamax Turbo (Ron 98) - naik⬆️
Rp 13.100 jadi Rp 19.400..."
sharpandshark,Pertamax Turbo,PRODUCT,"Pertamina menaikan harga BBM non Subsidi.

Pertamax Turbo (Ron 98) - naik⬆️
Rp 13.100 jadi Rp 19.400..."
pilubos,Lumajang,LOCATION,"BBM non subsidi naik gila-gilaan dibarengi erupsi gunung Semeru. 

Industri di Lumajang-Malang sedan..."
pilubos,Bbm,PRODUCT,"BBM non subsidi naik gila-gilaan dibarengi erupsi gunung Semeru. 

Industri di Lumajang-Malang sedan..."
pilubos,BBM,PRODUCT,"BBM non subsidi naik gila-gilaan dibarengi erupsi gunung Semeru. 

Industri di Lumajang-Malang sedan..."
pilubos,WNI,ORGANIZATION,"BBM non subsidi naik gila-gilaan dibarengi erupsi gunung Semeru. 

Industri di Lumajang-Malang sedan..."
bennyhawe,Rp13.100,MONEY,Pertamina baru aja naikin harga beberapa BBM non-subsidi secara cukup tajam. Pertamax Turbo langsung...
bennyhawe,Rp19.400,MONEY,Pertamina baru aja naikin harga beberapa BBM non-subsidi secara cukup tajam. Pertamax Turbo langsung...
bennyhawe,Rp14.200,MONEY,Pertamina baru aja naikin harga beberapa BBM non-subsidi secara cukup tajam. Pertamax Turbo langsung...
bennyhawe,"Rp23.600,",MONEY,Pertamina baru aja naikin harga beberapa BBM non-subsidi secara cukup tajam. Pertamax Turbo langsung...
bennyhawe,Rp14.500,MONEY,Pertamina baru aja naikin harga beberapa BBM non-subsidi secara cukup tajam. Pertamax Turbo langsung...
bennyhawe,Rp23.900.,MONEY,Pertamina baru aja naikin harga beberapa BBM non-subsidi secara cukup tajam. Pertamax Turbo langsung...
bennyhawe,Rp,LOCATION,Pertamina baru aja naikin harga beberapa BBM non-subsidi secara cukup tajam. Pertamax Turbo langsung...
bennyhawe,Pertamax,PRODUCT,Pertamina baru aja naikin harga beberapa BBM non-subsidi secara cukup tajam. Pertamax Turbo langsung...
bennyhawe,Pertalite,PRODUCT,Pertamina baru aja naikin harga beberapa BBM non-subsidi secara cukup tajam. Pertamax Turbo langsung...
bennyhawe,Dexlite,PRODUCT,Pertamina baru aja naikin harga beberapa BBM non-subsidi secara cukup tajam. Pertamax Turbo langsung...
bennyhawe,Pertamax Turbo,PRODUCT,Pertamina baru aja naikin harga beberapa BBM non-subsidi secara cukup tajam. Pertamax Turbo langsung...
bennyhawe,Bbm,PRODUCT,Pertamina baru aja naikin harga beberapa BBM non-subsidi secara cukup tajam. Pertamax Turbo langsung...
bennyhawe,Pertamina,ORGANIZATION,Pertamina baru aja naikin harga beberapa BBM non-subsidi secara cukup tajam. Pertamax Turbo langsung...
bennyhawe,BBM,PRODUCT,Pertamina baru aja naikin harga beberapa BBM non-subsidi secara cukup tajam. Pertamax Turbo langsung...
Milantoon,Bbm,PRODUCT,"orang² yang ngakunya intelektual di X [citation needed] marah² ketika bbm non-subsidi naik, mereka m..."
Milantoon,Apbn,ORGANIZATION,"orang² yang ngakunya intelektual di X [citation needed] marah² ketika bbm non-subsidi naik, mereka m..."
Milantoon,APBN,ORGANIZATION,"orang² yang ngakunya intelektual di X [citation needed] marah² ketika bbm non-subsidi naik, mereka m..."
nova_dharma_pm,Bbm,PRODUCT,"@nozelism Menurut gue, mengingat ada beberapa kendaraan yang sebenarnya bisa pake BBM subsidi tapi k..."
nova_dharma_pm,BBM,PRODUCT,"@nozelism Menurut gue, mengingat ada beberapa kendaraan yang sebenarnya bisa pake BBM subsidi tapi k..."
OverseasIndomie,Solar,PRODUCT,"@unmagnetism yg lucu tuh yg naik BBM non subsidi, tapi barang barang ikutan naik dengan alasan Logis..."
OverseasIndomie,Bbm,PRODUCT,"@unmagnetism yg lucu tuh yg naik BBM non subsidi, tapi barang barang ikutan naik dengan alasan Logis..."
OverseasIndomie,BBM,PRODUCT,"@unmagnetism yg lucu tuh yg naik BBM non subsidi, tapi barang barang ikutan naik dengan alasan Logis..."
nozelism,Bbm,PRODUCT,"“yaelah bbm non subsidi doang yg naik, ga ngaruh ke gw”

Yang naik emg bkn subsidi, tp bbm non subsi..."
txtdrbekasi,Bbm,PRODUCT,"BBM Subsidi gak naik, sedangkan yang non-subsidi naik gila gilaan.

Kira kira, apa ya yang dikorbank..."
txtdrbekasi,BBM,PRODUCT,"BBM Subsidi gak naik, sedangkan yang non-subsidi naik gila gilaan.

Kira kira, apa ya yang dikorbank..."
_ahmdrafli_,Bbm,PRODUCT,"pak bahlil blg bbm tidak akan naik, nyatanya bbm non subsidi naik perhari ini

kalo bos saya kebalik..."
_ahmdrafli_,Bahlil,PERSON,"pak bahlil blg bbm tidak akan naik, nyatanya bbm non subsidi naik perhari ini

kalo bos saya kebalik..."
diovergen,Bbm,PRODUCT,"@Teramat_ @ezash @lovamarciano Jangan berfikir bahwa bbm non subsidi gk naik, gak akan mempengaruhi ..."
fat_bry,Bbm,PRODUCT,"@hrdbacot Ciyeee biar inget terus ma ultah Bunted, senegara dikasih harga bbm non subsidi naik

Haha..."
Duniawni,Bbm,PRODUCT,"Gesss di catat yaaa yang naik BBM non-subsidi, jangan mau di adu domba yakkk https://t.co/KdHYOBkwBz..."
Duniawni,BBM,PRODUCT,"Gesss di catat yaaa yang naik BBM non-subsidi, jangan mau di adu domba yakkk https://t.co/KdHYOBkwBz..."
MasQomaru,Bbm Non,LOCATION,"@bigdigjohnny Kok Tolol kau @bigdigjohnny 

BBM yg mahal kan non subsidi, wajar ikut harga dunia. Ju..."
MasQomaru,Pertamax,PRODUCT,"@bigdigjohnny Kok Tolol kau @bigdigjohnny 

BBM yg mahal kan non subsidi, wajar ikut harga dunia. Ju..."
MasQomaru,Bbm,PRODUCT,"@bigdigjohnny Kok Tolol kau @bigdigjohnny 

BBM yg mahal kan non subsidi, wajar ikut harga dunia. Ju..."
MasQomaru,Pertamina,ORGANIZATION,"@bigdigjohnny Kok Tolol kau @bigdigjohnny 

BBM yg mahal kan non subsidi, wajar ikut harga dunia. Ju..."
MasQomaru,BBM,PRODUCT,"@bigdigjohnny Kok Tolol kau @bigdigjohnny 

BBM yg mahal kan non subsidi, wajar ikut harga dunia. Ju..."
MasQomaru,PERTAMAX,ORGANIZATION,"@bigdigjohnny Kok Tolol kau @bigdigjohnny 

BBM yg mahal kan non subsidi, wajar ikut harga dunia. Ju..."
MasQomaru,DEX,ORGANIZATION,"@bigdigjohnny Kok Tolol kau @bigdigjohnny 

BBM yg mahal kan non subsidi, wajar ikut harga dunia. Ju..."
kalistohenituse,Pertamina Turbo,LOCATION,"Resmi per 18 April 2026 harga BBM Non Subsidi Pertamina Turbo, Dex dan Dexlite naik 😳😱 Sedangkan Per..."
kalistohenituse,Pertamax,PRODUCT,"Resmi per 18 April 2026 harga BBM Non Subsidi Pertamina Turbo, Dex dan Dexlite naik 😳😱 Sedangkan Per..."
kalistohenituse,Dexlite,PRODUCT,"Resmi per 18 April 2026 harga BBM Non Subsidi Pertamina Turbo, Dex dan Dexlite naik 😳😱 Sedangkan Per..."
kalistohenituse,Bbm,PRODUCT,"Resmi per 18 April 2026 harga BBM Non Subsidi Pertamina Turbo, Dex dan Dexlite naik 😳😱 Sedangkan Per..."
kalistohenituse,Pertamina,ORGANIZATION,"Resmi per 18 April 2026 harga BBM Non Subsidi Pertamina Turbo, Dex dan Dexlite naik 😳😱 Sedangkan Per..."
kalistohenituse,BBM,PRODUCT,"Resmi per 18 April 2026 harga BBM Non Subsidi Pertamina Turbo, Dex dan Dexlite naik 😳😱 Sedangkan Per..."
notfound7_,Pertamax,PRODUCT,"✅ RESMI : Harga 3 jenis BBM non subsidi naik drastis per hari ini. 

Pertamax 12.300 &gt; 12.300
Per..."
notfound7_,Dexlite,PRODUCT,"✅ RESMI : Harga 3 jenis BBM non subsidi naik drastis per hari ini. 

Pertamax 12.300 &gt; 12.300
Per..."
notfound7_,Pertamax Green,PRODUCT,"✅ RESMI : Harga 3 jenis BBM non subsidi naik drastis per hari ini. 

Pertamax 12.300 &gt; 12.300
Per..."
notfound7_,Pertamax Turbo,PRODUCT,"✅ RESMI : Harga 3 jenis BBM non subsidi naik drastis per hari ini. 

Pertamax 12.300 &gt; 12.300
Per..."
notfound7_,Bbm,PRODUCT,"✅ RESMI : Harga 3 jenis BBM non subsidi naik drastis per hari ini. 

Pertamax 12.300 &gt; 12.300
Per..."
notfound7_,Pertamina,ORGANIZATION,"✅ RESMI : Harga 3 jenis BBM non subsidi naik drastis per hari ini. 

Pertamax 12.300 &gt; 12.300
Per..."
notfound7_,RESMI,ORGANIZATION,"✅ RESMI : Harga 3 jenis BBM non subsidi naik drastis per hari ini. 

Pertamax 12.300 &gt; 12.300
Per..."
notfound7_,BBM,PRODUCT,"✅ RESMI : Harga 3 jenis BBM non subsidi naik drastis per hari ini. 

Pertamax 12.300 &gt; 12.300
Per..."
MardaniAliSera,Pertalite,PRODUCT,Pasti berat bagi pemerintah manaikkan BBM non subsidi. Tapi apresiasi karena pertalite dan partamax ...
MardaniAliSera,Bbm,PRODUCT,Pasti berat bagi pemerintah manaikkan BBM non subsidi. Tapi apresiasi karena pertalite dan partamax ...
MardaniAliSera,BBM,PRODUCT,Pasti berat bagi pemerintah manaikkan BBM non subsidi. Tapi apresiasi karena pertalite dan partamax ...
infomalang,Pertamax,PRODUCT,"Harga BBM non subsidi: Pertamax Turbo, Dex dan Dexlite naik per hari ini. 

Pertamax Turbo: 13.100 &..."
infomalang,Pertalite,PRODUCT,"Harga BBM non subsidi: Pertamax Turbo, Dex dan Dexlite naik per hari ini. 

Pertamax Turbo: 13.100 &..."
infomalang,Dexlite,PRODUCT,"Harga BBM non subsidi: Pertamax Turbo, Dex dan Dexlite naik per hari ini. 

Pertamax Turbo: 13.100 &..."
infomalang,Pertamax Turbo,PRODUCT,"Harga BBM non subsidi: Pertamax Turbo, Dex dan Dexlite naik per hari ini. 

Pertamax Turbo: 13.100 &..."
infomalang,Bbm,PRODUCT,"Harga BBM non subsidi: Pertamax Turbo, Dex dan Dexlite naik per hari ini. 

Pertamax Turbo: 13.100 &..."
infomalang,BBM,PRODUCT,"Harga BBM non subsidi: Pertamax Turbo, Dex dan Dexlite naik per hari ini. 

Pertamax Turbo: 13.100 &..."
bbluueeyy,Bbm,PRODUCT,Karena pabrik2 mesin semua industri rata rata gapake bbm non subsidi.. ini berdampak ke banyak hal. ...
TxtdariHI,Bbm,PRODUCT,@ezash @hrdbacot BBM non subsidi naik hampir bersamaan dengan Selat Hormuz dibuka. Bukan ahli ekonom...
TxtdariHI,BBM,PRODUCT,@ezash @hrdbacot BBM non subsidi naik hampir bersamaan dengan Selat Hormuz dibuka. Bukan ahli ekonom...
idextratime,Pertamax,PRODUCT,"✅ RESMI : Harga 3 jenis BBM non subsidi naik drastis per hari ini. 

Pertamax 12.300 &gt; 12.300
Per..."
idextratime,Dexlite,PRODUCT,"✅ RESMI : Harga 3 jenis BBM non subsidi naik drastis per hari ini. 

Pertamax 12.300 &gt; 12.300
Per..."
idextratime,Pertamax Green,PRODUCT,"✅ RESMI : Harga 3 jenis BBM non subsidi naik drastis per hari ini. 

Pertamax 12.300 &gt; 12.300
Per..."
idextratime,Pertamax Turbo,PRODUCT,"✅ RESMI : Harga 3 jenis BBM non subsidi naik drastis per hari ini. 

Pertamax 12.300 &gt; 12.300
Per..."
idextratime,Bbm,PRODUCT,"✅ RESMI : Harga 3 jenis BBM non subsidi naik drastis per hari ini. 

Pertamax 12.300 &gt; 12.300
Per..."
idextratime,Pertamina,ORGANIZATION,"✅ RESMI : Harga 3 jenis BBM non subsidi naik drastis per hari ini. 

Pertamax 12.300 &gt; 12.300
Per..."
idextratime,RESMI,ORGANIZATION,"✅ RESMI : Harga 3 jenis BBM non subsidi naik drastis per hari ini. 

Pertamax 12.300 &gt; 12.300
Per..."
idextratime,BBM,PRODUCT,"✅ RESMI : Harga 3 jenis BBM non subsidi naik drastis per hari ini. 

Pertamax 12.300 &gt; 12.300
Per..."
hguyandi,Bbm,PRODUCT,@MiskinTV_ Non subsidi mengikuti harga minyak dunia. Jadi sangat wajar harga BBM non subsidi naik. M...
hguyandi,BBM,PRODUCT,@MiskinTV_ Non subsidi mengikuti harga minyak dunia. Jadi sangat wajar harga BBM non subsidi naik. M...
trunkszoldyck,Bbm,PRODUCT,"Bbm subsidi gak naik, bbm non subsidi naik dratis🔥 https://t.co/PCkPqCyvEc..."
Jakartalk,Pertalite,PRODUCT,Cerdas! Strategi pemerintah menahan subsidi pertalite supaya harga jual ke masyarakat “miskin” tetap...
Jakartalk,Bbm,PRODUCT,Cerdas! Strategi pemerintah menahan subsidi pertalite supaya harga jual ke masyarakat “miskin” tetap...
Jakartalk,BBM,PRODUCT,Cerdas! Strategi pemerintah menahan subsidi pertalite supaya harga jual ke masyarakat “miskin” tetap...
eviy86,Bbm,PRODUCT,@habolabo Harga bbm non subsidi  naik bang😊🙏...
merdekadotcom,Rp23.900,MONEY,BBM non-subsidi Pertamina resmi naik mulai hari ini — Pertamina Dex meroket jadi Rp 23.900 per liter...
merdekadotcom,Pertamina,LOCATION,BBM non-subsidi Pertamina resmi naik mulai hari ini — Pertamina Dex meroket jadi Rp 23.900 per liter...
merdekadotcom,Rp,LOCATION,BBM non-subsidi Pertamina resmi naik mulai hari ini — Pertamina Dex meroket jadi Rp 23.900 per liter...
merdekadotcom,Bbm,PRODUCT,BBM non-subsidi Pertamina resmi naik mulai hari ini — Pertamina Dex meroket jadi Rp 23.900 per liter...
merdekadotcom,Pertamina,ORGANIZATION,BBM non-subsidi Pertamina resmi naik mulai hari ini — Pertamina Dex meroket jadi Rp 23.900 per liter...
merdekadotcom,BBM,PRODUCT,BBM non-subsidi Pertamina resmi naik mulai hari ini — Pertamina Dex meroket jadi Rp 23.900 per liter...
SerieA_Lawas,Pertamax,LOCATION,"Update harga BBM Non subsidi

Pertamax naik dikit. 
Pertamina Dex naik hampir 2x lipat. https://t.co..."
rsngprad,Bbm,PRODUCT,"Ini BBM Non Subsidi kan naik nih, kira-kira bakal berdampak ga ke kalian?

Baik secara langsung atau..."
rsngprad,BBM,PRODUCT,"Ini BBM Non Subsidi kan naik nih, kira-kira bakal berdampak ga ke kalian?

Baik secara langsung atau..."
unmagnetism,Bbm,PRODUCT,"harga bbm non subsidi naik 
tebak apa yg ikutan naik juga?..."
hnldbus,Yang,LOCATION,"Gila narasinya, kan yang naik non subsidi BBM orang kaya.

Kemarin suruh naik sekarang naik protes n..."
satyaXBT,Dexlite,PRODUCT,"Buset dah.. harga minyak dunia pelan-pelan udah turun karena war mulai reda, ini malah naikin harga ..."
satyaXBT,Bbm,PRODUCT,"Buset dah.. harga minyak dunia pelan-pelan udah turun karena war mulai reda, ini malah naikin harga ..."
satyaXBT,BBM,PRODUCT,"Buset dah.. harga minyak dunia pelan-pelan udah turun karena war mulai reda, ini malah naikin harga ..."
liputan6dotcom,Bbm,PRODUCT,"Harga 3 jenis BBM Pertamina resmi naik mulai hari ini. BBM subsidi tidak ikut naik, tapi varian non-..."
liputan6dotcom,Pertamina,ORGANIZATION,"Harga 3 jenis BBM Pertamina resmi naik mulai hari ini. BBM subsidi tidak ikut naik, tapi varian non-..."
liputan6dotcom,BBM,PRODUCT,"Harga 3 jenis BBM Pertamina resmi naik mulai hari ini. BBM subsidi tidak ikut naik, tapi varian non-..."
liputan6dotcom,SPBU,PRODUCT,"Harga 3 jenis BBM Pertamina resmi naik mulai hari ini. BBM subsidi tidak ikut naik, tapi varian non-..."
iniabangbaik,Bbm,PRODUCT,"Kenapa naiknya sangat tinggi sekali??

Selain faktor utama harga minyak dunia yang lagi naik, faktor..."
iniabangbaik,BBM,PRODUCT,"Kenapa naiknya sangat tinggi sekali??

Selain faktor utama harga minyak dunia yang lagi naik, faktor..."
geloraco,Rp24,MONEY,"Harga BBM Non Subsidi Naik, Pertamax Turbo dan Dexlite Nyaris Rp24 Ribu per Liter
https://t.co/FqlGH..."
geloraco,Naik,LOCATION,"Harga BBM Non Subsidi Naik, Pertamax Turbo dan Dexlite Nyaris Rp24 Ribu per Liter
https://t.co/FqlGH..."
geloraco,Pertamax,PRODUCT,"Harga BBM Non Subsidi Naik, Pertamax Turbo dan Dexlite Nyaris Rp24 Ribu per Liter
https://t.co/FqlGH..."
geloraco,Dexlite,PRODUCT,"Harga BBM Non Subsidi Naik, Pertamax Turbo dan Dexlite Nyaris Rp24 Ribu per Liter
https://t.co/FqlGH..."
geloraco,Pertamax Turbo,PRODUCT,"Harga BBM Non Subsidi Naik, Pertamax Turbo dan Dexlite Nyaris Rp24 Ribu per Liter
https://t.co/FqlGH..."
geloraco,Bbm,PRODUCT,"Harga BBM Non Subsidi Naik, Pertamax Turbo dan Dexlite Nyaris Rp24 Ribu per Liter
https://t.co/FqlGH..."
geloraco,BBM,PRODUCT,"Harga BBM Non Subsidi Naik, Pertamax Turbo dan Dexlite Nyaris Rp24 Ribu per Liter
https://t.co/FqlGH..."
amelamalia2088,Rp19.400,MONEY,BBM Non-Subsidi Naik Gila-Gilaan! Pertamax Turbo Tembus Rp19.400 per Liter https://t.co/ILlfOUPYyT l...
amelamalia2088,Naik Gila,LOCATION,BBM Non-Subsidi Naik Gila-Gilaan! Pertamax Turbo Tembus Rp19.400 per Liter https://t.co/ILlfOUPYyT l...
amelamalia2088,Pertamax,PRODUCT,BBM Non-Subsidi Naik Gila-Gilaan! Pertamax Turbo Tembus Rp19.400 per Liter https://t.co/ILlfOUPYyT l...
amelamalia2088,Pertamax Turbo,PRODUCT,BBM Non-Subsidi Naik Gila-Gilaan! Pertamax Turbo Tembus Rp19.400 per Liter https://t.co/ILlfOUPYyT l...
amelamalia2088,Bbm,PRODUCT,BBM Non-Subsidi Naik Gila-Gilaan! Pertamax Turbo Tembus Rp19.400 per Liter https://t.co/ILlfOUPYyT l...
amelamalia2088,BBM,PRODUCT,BBM Non-Subsidi Naik Gila-Gilaan! Pertamax Turbo Tembus Rp19.400 per Liter https://t.co/ILlfOUPYyT l...
KangSemproel,Bahlil,PERSON,"Alhamdulillah
Berkat kepiawaian bahlil. Maka harga BBM bersubsudi tdk naik.

Klo ada yg ngegas bilan..."
KangSemproel,SPBU,PRODUCT,"Alhamdulillah
Berkat kepiawaian bahlil. Maka harga BBM bersubsudi tdk naik.

Klo ada yg ngegas bilan..."
Jateng_Twit,Naik,LOCATION,Harga BBM Non Subsidi Naik per 18 April 2026 https://t.co/v9XSR4BOVz...
SeekHustle,Bbm,PRODUCT,"@myron_pi Kemarin kan dia ngomong, harga BBM subsidi tidak akan naik. Yg dinaikin yg non subsidi 😅..."
SeekHustle,BBM,PRODUCT,"@myron_pi Kemarin kan dia ngomong, harga BBM subsidi tidak akan naik. Yg dinaikin yg non subsidi 😅..."
sigitwid,Pertalite,PRODUCT,"Angkat topi untuk pemerintahan Prabowo-Gibran yang tetap menjaga harga Bio Solar, Pertalite, dan BBM..."
sigitwid,Solar,PRODUCT,"Angkat topi untuk pemerintahan Prabowo-Gibran yang tetap menjaga harga Bio Solar, Pertalite, dan BBM..."
sigitwid,Bbm,PRODUCT,"Angkat topi untuk pemerintahan Prabowo-Gibran yang tetap menjaga harga Bio Solar, Pertalite, dan BBM..."
sigitwid,Prabowo,PERSON,"Angkat topi untuk pemerintahan Prabowo-Gibran yang tetap menjaga harga Bio Solar, Pertalite, dan BBM..."
sigitwid,BBM,PRODUCT,"Angkat topi untuk pemerintahan Prabowo-Gibran yang tetap menjaga harga Bio Solar, Pertalite, dan BBM..."
sigitwid,RON,ORGANIZATION,"Angkat topi untuk pemerintahan Prabowo-Gibran yang tetap menjaga harga Bio Solar, Pertalite, dan BBM..."
MiskinTV_,Pertalite,PRODUCT,"Dampak kenaikan BBM non Subsidi yang menurut gw kenaikannya cukup drastis:
- Beberapa pengguna akan ..."
LambeSahamjja,Pertamax,PRODUCT,"Resmi nih per 18 April 2026, harga BBM non-subsidi naik
Yang naik itu Pertamina Turbo, Dex, sama Dex..."
LambeSahamjja,Dexlite,PRODUCT,"Resmi nih per 18 April 2026, harga BBM non-subsidi naik
Yang naik itu Pertamina Turbo, Dex, sama Dex..."
LambeSahamjja,Pertamina,ORGANIZATION,"Resmi nih per 18 April 2026, harga BBM non-subsidi naik
Yang naik itu Pertamina Turbo, Dex, sama Dex..."
Catatan_ali7,Bbm,PRODUCT,"Beberapa Minggu lalu Bisa nahan Harga BBM 

sempat dijadikan BAHAN COLI manusia  Hina Buzzer rupiah ..."
Catatan_ali7,BBM,PRODUCT,"Beberapa Minggu lalu Bisa nahan Harga BBM 

sempat dijadikan BAHAN COLI manusia  Hina Buzzer rupiah ..."
Catatan_ali7,BAHAN,ORGANIZATION,"Beberapa Minggu lalu Bisa nahan Harga BBM 

sempat dijadikan BAHAN COLI manusia  Hina Buzzer rupiah ..."
Catatan_ali7,COLI,ORGANIZATION,"Beberapa Minggu lalu Bisa nahan Harga BBM 

sempat dijadikan BAHAN COLI manusia  Hina Buzzer rupiah ..."
Catatan_ali7,NON,ORGANIZATION,"Beberapa Minggu lalu Bisa nahan Harga BBM 

sempat dijadikan BAHAN COLI manusia  Hina Buzzer rupiah ..."
Catatan_ali7,SUBSIDI,ORGANIZATION,"Beberapa Minggu lalu Bisa nahan Harga BBM 

sempat dijadikan BAHAN COLI manusia  Hina Buzzer rupiah ..."
Catatan_ali7,NAIK,ORGANIZATION,"Beberapa Minggu lalu Bisa nahan Harga BBM 

sempat dijadikan BAHAN COLI manusia  Hina Buzzer rupiah ..."
SmwGwOto,Bbm,PRODUCT,"RON 92 kebawah harganya tetap, diatas RON 92 naik.

BBM diesel non subsidi naik semua. https://t.co/..."
SmwGwOto,RON,ORGANIZATION,"RON 92 kebawah harganya tetap, diatas RON 92 naik.

BBM diesel non subsidi naik semua. https://t.co/..."
SmwGwOto,BBM,PRODUCT,"RON 92 kebawah harganya tetap, diatas RON 92 naik.

BBM diesel non subsidi naik semua. https://t.co/..."
_katakita08,Bbm,PRODUCT,"BBM non Subsidi sudah naik gaeeeeesss! Berkat Baginda Bahlil. 

BBM = Bahan Bakar Mahal
BBB = Berkat..."
_katakita08,Bahlil,PERSON,"BBM non Subsidi sudah naik gaeeeeesss! Berkat Baginda Bahlil. 

BBM = Bahan Bakar Mahal
BBB = Berkat..."
_katakita08,BBM,PRODUCT,"BBM non Subsidi sudah naik gaeeeeesss! Berkat Baginda Bahlil. 

BBM = Bahan Bakar Mahal
BBB = Berkat..."
_katakita08,BBB,ORGANIZATION,"BBM non Subsidi sudah naik gaeeeeesss! Berkat Baginda Bahlil. 

BBM = Bahan Bakar Mahal
BBB = Berkat..."
LambeResing,Rp13.100,MONEY,"🚨 NAIK DRASTIS! Per 18 April 2026, harga bensin non-subsidi melonjak lebih dari 50%, mengikuti harga..."
LambeResing,Rp19.400,MONEY,"🚨 NAIK DRASTIS! Per 18 April 2026, harga bensin non-subsidi melonjak lebih dari 50%, mengikuti harga..."
LambeResing,Rp14.200,MONEY,"🚨 NAIK DRASTIS! Per 18 April 2026, harga bensin non-subsidi melonjak lebih dari 50%, mengikuti harga..."
LambeResing,Rp23.600,MONEY,"🚨 NAIK DRASTIS! Per 18 April 2026, harga bensin non-subsidi melonjak lebih dari 50%, mengikuti harga..."
LambeResing,Rp14.500,MONEY,"🚨 NAIK DRASTIS! Per 18 April 2026, harga bensin non-subsidi melonjak lebih dari 50%, mengikuti harga..."
LambeResing,Pertamina,LOCATION,"🚨 NAIK DRASTIS! Per 18 April 2026, harga bensin non-subsidi melonjak lebih dari 50%, mengikuti harga..."
LambeResing,Pertamax,PRODUCT,"🚨 NAIK DRASTIS! Per 18 April 2026, harga bensin non-subsidi melonjak lebih dari 50%, mengikuti harga..."
LambeResing,Dexlite,PRODUCT,"🚨 NAIK DRASTIS! Per 18 April 2026, harga bensin non-subsidi melonjak lebih dari 50%, mengikuti harga..."
LambeResing,Pertamax Turbo,PRODUCT,"🚨 NAIK DRASTIS! Per 18 April 2026, harga bensin non-subsidi melonjak lebih dari 50%, mengikuti harga..."
LambeResing,Bbm,PRODUCT,"🚨 NAIK DRASTIS! Per 18 April 2026, harga bensin non-subsidi melonjak lebih dari 50%, mengikuti harga..."
LambeResing,Bensin,PRODUCT,"🚨 NAIK DRASTIS! Per 18 April 2026, harga bensin non-subsidi melonjak lebih dari 50%, mengikuti harga..."
LambeResing,Pertamina,ORGANIZATION,"🚨 NAIK DRASTIS! Per 18 April 2026, harga bensin non-subsidi melonjak lebih dari 50%, mengikuti harga..."
LambeResing,NAIK,ORGANIZATION,"🚨 NAIK DRASTIS! Per 18 April 2026, harga bensin non-subsidi melonjak lebih dari 50%, mengikuti harga..."
LambeResing,DRASTIS,ORGANIZATION,"🚨 NAIK DRASTIS! Per 18 April 2026, harga bensin non-subsidi melonjak lebih dari 50%, mengikuti harga..."
LambeResing,BBM,PRODUCT,"🚨 NAIK DRASTIS! Per 18 April 2026, harga bensin non-subsidi melonjak lebih dari 50%, mengikuti harga..."
SeekHustle,Rp13.100,MONEY,"🚨 BREAKING 🚨

HARGA BBM NON SUBSIDI RESMI NAIK.

Pertamax Turbo:
Rp13.100  → Rp19.400 (48,1%)
Dexlit..."
SeekHustle,Rp19.400,MONEY,"🚨 BREAKING 🚨

HARGA BBM NON SUBSIDI RESMI NAIK.

Pertamax Turbo:
Rp13.100  → Rp19.400 (48,1%)
Dexlit..."
SeekHustle,Rp14.200,MONEY,"🚨 BREAKING 🚨

HARGA BBM NON SUBSIDI RESMI NAIK.

Pertamax Turbo:
Rp13.100  → Rp19.400 (48,1%)
Dexlit..."
SeekHustle,Rp23.600,MONEY,"🚨 BREAKING 🚨

HARGA BBM NON SUBSIDI RESMI NAIK.

Pertamax Turbo:
Rp13.100  → Rp19.400 (48,1%)
Dexlit..."
SeekHustle,Rp14.500,MONEY,"🚨 BREAKING 🚨

HARGA BBM NON SUBSIDI RESMI NAIK.

Pertamax Turbo:
Rp13.100  → Rp19.400 (48,1%)
Dexlit..."
SeekHustle,Rp23.900,MONEY,"🚨 BREAKING 🚨

HARGA BBM NON SUBSIDI RESMI NAIK.

Pertamax Turbo:
Rp13.100  → Rp19.400 (48,1%)
Dexlit..."
SeekHustle,Pertamax,PRODUCT,"🚨 BREAKING 🚨

HARGA BBM NON SUBSIDI RESMI NAIK.

Pertamax Turbo:
Rp13.100  → Rp19.400 (48,1%)
Dexlit..."
SeekHustle,Dexlite,PRODUCT,"🚨 BREAKING 🚨

HARGA BBM NON SUBSIDI RESMI NAIK.

Pertamax Turbo:
Rp13.100  → Rp19.400 (48,1%)
Dexlit..."
SeekHustle,Pertamax Turbo,PRODUCT,"🚨 BREAKING 🚨

HARGA BBM NON SUBSIDI RESMI NAIK.

Pertamax Turbo:
Rp13.100  → Rp19.400 (48,1%)
Dexlit..."
SeekHustle,Pertamina,ORGANIZATION,"🚨 BREAKING 🚨

HARGA BBM NON SUBSIDI RESMI NAIK.

Pertamax Turbo:
Rp13.100  → Rp19.400 (48,1%)
Dexlit..."
SeekHustle,BREAKING,ORGANIZATION,"🚨 BREAKING 🚨

HARGA BBM NON SUBSIDI RESMI NAIK.

Pertamax Turbo:
Rp13.100  → Rp19.400 (48,1%)
Dexlit..."
SeekHustle,HARGA,ORGANIZATION,"🚨 BREAKING 🚨

HARGA BBM NON SUBSIDI RESMI NAIK.

Pertamax Turbo:
Rp13.100  → Rp19.400 (48,1%)
Dexlit..."
SeekHustle,NON,ORGANIZATION,"🚨 BREAKING 🚨

HARGA BBM NON SUBSIDI RESMI NAIK.

Pertamax Turbo:
Rp13.100  → Rp19.400 (48,1%)
Dexlit..."
SeekHustle,SUBSIDI,ORGANIZATION,"🚨 BREAKING 🚨

HARGA BBM NON SUBSIDI RESMI NAIK.

Pertamax Turbo:
Rp13.100  → Rp19.400 (48,1%)
Dexlit..."
SeekHustle,RESMI,ORGANIZATION,"🚨 BREAKING 🚨

HARGA BBM NON SUBSIDI RESMI NAIK.

Pertamax Turbo:
Rp13.100  → Rp19.400 (48,1%)
Dexlit..."
SeekHustle,NAIK,ORGANIZATION,"🚨 BREAKING 🚨

HARGA BBM NON SUBSIDI RESMI NAIK.

Pertamax Turbo:
Rp13.100  → Rp19.400 (48,1%)
Dexlit..."
SobatBandar,Pertamina,LOCATION,"❗BBM non-subsidi Pertamina naik ❗

Diam-diam, Pertamina menaikkan harga Pertamax Turbo jadi 19.400 (..."
SobatBandar,Pertamax,PRODUCT,"❗BBM non-subsidi Pertamina naik ❗

Diam-diam, Pertamina menaikkan harga Pertamax Turbo jadi 19.400 (..."
SobatBandar,Dexlite,PRODUCT,"❗BBM non-subsidi Pertamina naik ❗

Diam-diam, Pertamina menaikkan harga Pertamax Turbo jadi 19.400 (..."
SobatBandar,Pertamax Turbo,PRODUCT,"❗BBM non-subsidi Pertamina naik ❗

Diam-diam, Pertamina menaikkan harga Pertamax Turbo jadi 19.400 (..."
SobatBandar,Bbm,PRODUCT,"❗BBM non-subsidi Pertamina naik ❗

Diam-diam, Pertamina menaikkan harga Pertamax Turbo jadi 19.400 (..."
SobatBandar,Iran,LOCATION,"❗BBM non-subsidi Pertamina naik ❗

Diam-diam, Pertamina menaikkan harga Pertamax Turbo jadi 19.400 (..."
SobatBandar,Pertamina,ORGANIZATION,"❗BBM non-subsidi Pertamina naik ❗

Diam-diam, Pertamina menaikkan harga Pertamax Turbo jadi 19.400 (..."
SobatBandar,BBM,PRODUCT,"❗BBM non-subsidi Pertamina naik ❗

Diam-diam, Pertamina menaikkan harga Pertamax Turbo jadi 19.400 (..."
SobatBandar,USOIL,ORGANIZATION,"❗BBM non-subsidi Pertamina naik ❗

Diam-diam, Pertamina menaikkan harga Pertamax Turbo jadi 19.400 (..."
Kingskayl,Bbm,PRODUCT,"Cuma di konoha BBM non subsidi naik, ketika selat hormuz di buka kembali, dan harga minyak dunia sed..."
Kingskayl,BBM,PRODUCT,"Cuma di konoha BBM non subsidi naik, ketika selat hormuz di buka kembali, dan harga minyak dunia sed..."
yusufgunawan,Bbm,PRODUCT,"Harga BBM non subsidi naik per 18 April 2026. 
Ini mah bukan naik tapi ganti harga 😁😁

Bukannya kapa..."
yusufgunawan,BBM,PRODUCT,"Harga BBM non subsidi naik per 18 April 2026. 
Ini mah bukan naik tapi ganti harga 😁😁

Bukannya kapa..."
rgoestama,Pertalite,LOCATION,"Sesuai dugaan, bbm non subsidi akhirnya naik harganya. Pertamax naik tp gak se tinggi kenaikan si Tu..."
rgoestama,Pertamax,PRODUCT,"Sesuai dugaan, bbm non subsidi akhirnya naik harganya. Pertamax naik tp gak se tinggi kenaikan si Tu..."
rgoestama,Pertalite,PRODUCT,"Sesuai dugaan, bbm non subsidi akhirnya naik harganya. Pertamax naik tp gak se tinggi kenaikan si Tu..."
usercyclop,Pertamax,PRODUCT,Ini serius bbm non subsidi pertamax turbo naiknya sampai 19.400 😭 tiba tiba bgt perasaan kmaren blm ...
usercyclop,Pertamax Turbo,PRODUCT,Ini serius bbm non subsidi pertamax turbo naiknya sampai 19.400 😭 tiba tiba bgt perasaan kmaren blm ...
usercyclop,Bbm,PRODUCT,Ini serius bbm non subsidi pertamax turbo naiknya sampai 19.400 😭 tiba tiba bgt perasaan kmaren blm ...
liputan6dotcom,Pertamax,PRODUCT,BBM subsidi dijamin tidak naik — tapi bagaimana dengan harga Pertamax dan BBM non-subsidi lainnya? J...
Ndons_Back,Pertamax,PRODUCT,@Jordameds @are_inismyname @prabowo @gibran_tweet @99propaganda @BANGSAygSUJUD @FDonghun @florielici...
Ndons_Back,Dexlite,PRODUCT,@Jordameds @are_inismyname @prabowo @gibran_tweet @99propaganda @BANGSAygSUJUD @FDonghun @florielici...
Ndons_Back,Pertamax Green,PRODUCT,@Jordameds @are_inismyname @prabowo @gibran_tweet @99propaganda @BANGSAygSUJUD @FDonghun @florielici...
Ndons_Back,Pertamax Turbo,PRODUCT,@Jordameds @are_inismyname @prabowo @gibran_tweet @99propaganda @BANGSAygSUJUD @FDonghun @florielici...
Ndons_Back,Pertamina,ORGANIZATION,@Jordameds @are_inismyname @prabowo @gibran_tweet @99propaganda @BANGSAygSUJUD @FDonghun @florielici...
Ndons_Back,Prabowo,PERSON,@Jordameds @are_inismyname @prabowo @gibran_tweet @99propaganda @BANGSAygSUJUD @FDonghun @florielici...
tomatskillo,Bbm,PRODUCT,"Aneh kalo banyak komentator musiman, pengamat musiman bikin narasi Indonesia chaos, inflasi tinggi,h..."
tomatskillo,Indonesia,LOCATION,"Aneh kalo banyak komentator musiman, pengamat musiman bikin narasi Indonesia chaos, inflasi tinggi,h..."
tomatskillo,BBM,PRODUCT,"Aneh kalo banyak komentator musiman, pengamat musiman bikin narasi Indonesia chaos, inflasi tinggi,h..."
idx_channel,Energi,PERSON,"Menteri Energi dan Sumber Daya Mineral (ESDM) Bahlil Lahadalia mengatakan, rencana kenaikan BBM nons..."
idx_channel,Bbm,PRODUCT,"Menteri Energi dan Sumber Daya Mineral (ESDM) Bahlil Lahadalia mengatakan, rencana kenaikan BBM nons..."
idx_channel,Bahlil,PERSON,"Menteri Energi dan Sumber Daya Mineral (ESDM) Bahlil Lahadalia mengatakan, rencana kenaikan BBM nons..."
idx_channel,ESDM,ORGANIZATION,"Menteri Energi dan Sumber Daya Mineral (ESDM) Bahlil Lahadalia mengatakan, rencana kenaikan BBM nons..."
idx_channel,BBM,PRODUCT,"Menteri Energi dan Sumber Daya Mineral (ESDM) Bahlil Lahadalia mengatakan, rencana kenaikan BBM nons..."
miqbalhm1,Semarang,LOCATION,"Kalian ngerasa juga kah, makin ke sini, pertalite sering gak tersedia dia SPBU? Yang sering tersedia..."
miqbalhm1,Pertamax,PRODUCT,"Kalian ngerasa juga kah, makin ke sini, pertalite sering gak tersedia dia SPBU? Yang sering tersedia..."
miqbalhm1,Pertalite,PRODUCT,"Kalian ngerasa juga kah, makin ke sini, pertalite sering gak tersedia dia SPBU? Yang sering tersedia..."
miqbalhm1,SPBU,PRODUCT,"Kalian ngerasa juga kah, makin ke sini, pertalite sering gak tersedia dia SPBU? Yang sering tersedia..."
IESR,Apbn,ORGANIZATION,"Dear Pak @prabowo 

Mau mengingatkan saja nih kalau #APBN adalah uang pajak rakyat. Jika defisit mel..."
IESR,Prabowo,PERSON,"Dear Pak @prabowo 

Mau mengingatkan saja nih kalau #APBN adalah uang pajak rakyat. Jika defisit mel..."
IESR,APBN,ORGANIZATION,"Dear Pak @prabowo 

Mau mengingatkan saja nih kalau #APBN adalah uang pajak rakyat. Jika defisit mel..."
gen_Z_speak,Bbm,PRODUCT,@angga_fzn Bbm non subsidi itu gk naik y karena bumn waktu minyak dunia harganya anjlok bumn gk nuru...
BoloneWilliam,Bbm,PRODUCT,@frdzlhkmm @Yulcandothis @KkkMirul0441 @indepenSumatera mlydesh jg kena tipu anwar. Pertamina ada sk...
BoloneWilliam,Pertamina,ORGANIZATION,@frdzlhkmm @Yulcandothis @KkkMirul0441 @indepenSumatera mlydesh jg kena tipu anwar. Pertamina ada sk...
BoloneWilliam,GOBLOK,ORGANIZATION,@frdzlhkmm @Yulcandothis @KkkMirul0441 @indepenSumatera mlydesh jg kena tipu anwar. Pertamina ada sk...
inisayasendiril,Bbm,PRODUCT,@b0nnysidharta Ya emang tugas pemerintah itu ngakalin BBM bersubsidi biar gak naik cil ataupun kalo ...
inisayasendiril,BBM,PRODUCT,@b0nnysidharta Ya emang tugas pemerintah itu ngakalin BBM bersubsidi biar gak naik cil ataupun kalo ...
reversiblefigs,Bbm,PRODUCT,@_n0t4lfiaccount Kalau BBM subsidi semakin dibatasi &amp; harga non subsidi naik (apalagi kalau lang...
reversiblefigs,Bensin,PRODUCT,@_n0t4lfiaccount Kalau BBM subsidi semakin dibatasi &amp; harga non subsidi naik (apalagi kalau lang...
reversiblefigs,BBM,PRODUCT,@_n0t4lfiaccount Kalau BBM subsidi semakin dibatasi &amp; harga non subsidi naik (apalagi kalau lang...
mesatu_,Pertamax,PRODUCT,"@flowerbean_I Betul, BBM non-subsidi bakal ikut fluktuasi harga minyak dunia. Mei 2026 kemungkinan b..."
mesatu_,Apbn,ORGANIZATION,"@flowerbean_I Betul, BBM non-subsidi bakal ikut fluktuasi harga minyak dunia. Mei 2026 kemungkinan b..."
mesatu_,APBN,ORGANIZATION,"@flowerbean_I Betul, BBM non-subsidi bakal ikut fluktuasi harga minyak dunia. Mei 2026 kemungkinan b..."
NenkMonica,Keuangan,PERSON,"BBM SUBSIDI TIDAK AKAN NAIK SAMPAI AKHIR TAHUN 2026.

Menteri Keuangan (Menkeu) Purbaya Yudhi Sadewa..."
NenkMonica,Bbm,PRODUCT,"BBM SUBSIDI TIDAK AKAN NAIK SAMPAI AKHIR TAHUN 2026.

Menteri Keuangan (Menkeu) Purbaya Yudhi Sadewa..."
NenkMonica,Purbaya,PERSON,"BBM SUBSIDI TIDAK AKAN NAIK SAMPAI AKHIR TAHUN 2026.

Menteri Keuangan (Menkeu) Purbaya Yudhi Sadewa..."
NenkMonica,BBM,PRODUCT,"BBM SUBSIDI TIDAK AKAN NAIK SAMPAI AKHIR TAHUN 2026.

Menteri Keuangan (Menkeu) Purbaya Yudhi Sadewa..."
NenkMonica,SUBSIDI,ORGANIZATION,"BBM SUBSIDI TIDAK AKAN NAIK SAMPAI AKHIR TAHUN 2026.

Menteri Keuangan (Menkeu) Purbaya Yudhi Sadewa..."
NenkMonica,TIDAK,ORGANIZATION,"BBM SUBSIDI TIDAK AKAN NAIK SAMPAI AKHIR TAHUN 2026.

Menteri Keuangan (Menkeu) Purbaya Yudhi Sadewa..."
NenkMonica,AKAN,ORGANIZATION,"BBM SUBSIDI TIDAK AKAN NAIK SAMPAI AKHIR TAHUN 2026.

Menteri Keuangan (Menkeu) Purbaya Yudhi Sadewa..."
NenkMonica,NAIK,ORGANIZATION,"BBM SUBSIDI TIDAK AKAN NAIK SAMPAI AKHIR TAHUN 2026.

Menteri Keuangan (Menkeu) Purbaya Yudhi Sadewa..."
NenkMonica,SAMPAI,ORGANIZATION,"BBM SUBSIDI TIDAK AKAN NAIK SAMPAI AKHIR TAHUN 2026.

Menteri Keuangan (Menkeu) Purbaya Yudhi Sadewa..."
NenkMonica,AKHIR,ORGANIZATION,"BBM SUBSIDI TIDAK AKAN NAIK SAMPAI AKHIR TAHUN 2026.

Menteri Keuangan (Menkeu) Purbaya Yudhi Sadewa..."
NenkMonica,TAHUN,ORGANIZATION,"BBM SUBSIDI TIDAK AKAN NAIK SAMPAI AKHIR TAHUN 2026.

Menteri Keuangan (Menkeu) Purbaya Yudhi Sadewa..."
yanzero_,Bbm,PRODUCT,1. BBM subsidi tidak naik sampai Desember. Artinya BBM non-subsidi akan mengikuti harga pasar alias ...
yanzero_,BBM,PRODUCT,1. BBM subsidi tidak naik sampai Desember. Artinya BBM non-subsidi akan mengikuti harga pasar alias ...
tribunnews,Purbaya,PERSON,Purbaya menegaskan bahwa pemerintah siap menjaga harga BBM subsidi tidak naik hingga akhir tahun. Ha...
RadioElshinta,Keuangan,PERSON,Menteri Keuangan (Menkeu) Purbaya Yudhi Sadewa memastikan harga Bahan Bakar Minyak (BBM) bersubsidi ...
RadioElshinta,Iran,LOCATION,Menteri Keuangan (Menkeu) Purbaya Yudhi Sadewa memastikan harga Bahan Bakar Minyak (BBM) bersubsidi ...
RadioElshinta,Dpr,ORGANIZATION,Menteri Keuangan (Menkeu) Purbaya Yudhi Sadewa memastikan harga Bahan Bakar Minyak (BBM) bersubsidi ...
RadioElshinta,Purbaya,PERSON,Menteri Keuangan (Menkeu) Purbaya Yudhi Sadewa memastikan harga Bahan Bakar Minyak (BBM) bersubsidi ...
RadioElshinta,AS,ORGANIZATION,Menteri Keuangan (Menkeu) Purbaya Yudhi Sadewa memastikan harga Bahan Bakar Minyak (BBM) bersubsidi ...
RadioElshinta,DPR,ORGANIZATION,Menteri Keuangan (Menkeu) Purbaya Yudhi Sadewa memastikan harga Bahan Bakar Minyak (BBM) bersubsidi ...
Metro_TV,Energi,PERSON,"Menteri Energi dan Sumber Daya Mineral (ESDM), Bahlil Lahadalia, secara resmi mengumumkan bahwa peme..."
Metro_TV,Seoul,LOCATION,"Menteri Energi dan Sumber Daya Mineral (ESDM), Bahlil Lahadalia, secara resmi mengumumkan bahwa peme..."
Metro_TV,Bbm,PRODUCT,"Menteri Energi dan Sumber Daya Mineral (ESDM), Bahlil Lahadalia, secara resmi mengumumkan bahwa peme..."
Metro_TV,Bahlil,PERSON,"Menteri Energi dan Sumber Daya Mineral (ESDM), Bahlil Lahadalia, secara resmi mengumumkan bahwa peme..."
Metro_TV,ESDM,ORGANIZATION,"Menteri Energi dan Sumber Daya Mineral (ESDM), Bahlil Lahadalia, secara resmi mengumumkan bahwa peme..."
Metro_TV,BBM,PRODUCT,"Menteri Energi dan Sumber Daya Mineral (ESDM), Bahlil Lahadalia, secara resmi mengumumkan bahwa peme..."
arisw89,Rp17,MONEY,@txtfromkeuangan Bbm non subsidi naik jd Rp 17rb per liter info darimana nih? Bisa dicantumkan sumbe...
arisw89,Bbm,PRODUCT,@txtfromkeuangan Bbm non subsidi naik jd Rp 17rb per liter info darimana nih? Bisa dicantumkan sumbe...
oreocheese99,Bbm,PRODUCT,"pom bensin antri semua ges gila emang, di lebak bulus udh ada announcement yg naik bbm non subsidi😔..."
oreocheese99,Bensin,PRODUCT,"pom bensin antri semua ges gila emang, di lebak bulus udh ada announcement yg naik bbm non subsidi😔..."
ArdiMardita,Pertamax,PRODUCT,"Kalau bbm non subsidi jadi naik setinggi itu, apa kalian masih kuat isi pertamax?..."
ArdiMardita,Bbm,PRODUCT,"Kalau bbm non subsidi jadi naik setinggi itu, apa kalian masih kuat isi pertamax?..."
ArvinHonami,Bbm,PRODUCT,"Hasil Konferensi Pers Pemerintah:
- BBM Non Subsidi dipastikan tidak naik
- BBM Subsidi akan dikaji ..."
ArvinHonami,BBM,PRODUCT,"Hasil Konferensi Pers Pemerintah:
- BBM Non Subsidi dipastikan tidak naik
- BBM Subsidi akan dikaji ..."
ArvinHonami,PNS,ORGANIZATION,"Hasil Konferensi Pers Pemerintah:
- BBM Non Subsidi dipastikan tidak naik
- BBM Subsidi akan dikaji ..."
ArvinHonami,WFH,ORGANIZATION,"Hasil Konferensi Pers Pemerintah:
- BBM Non Subsidi dipastikan tidak naik
- BBM Subsidi akan dikaji ..."
Roari_ARB,Bbm,PRODUCT,@LambeSahamjja BBM non-subsidi naik‑turun itu wajar karena ikut harga pasar. Yang jadi deg-degan jus...
Roari_ARB,BBM,PRODUCT,@LambeSahamjja BBM non-subsidi naik‑turun itu wajar karena ikut harga pasar. Yang jadi deg-degan jus...
BigAlphaID,Solar,PRODUCT,"Hasil konferensi pers Pemerintah mengenai harga BBM nasional.
- Pemerintah menjamin semua stok aman ..."
BigAlphaID,Bbm,PRODUCT,"Hasil konferensi pers Pemerintah mengenai harga BBM nasional.
- Pemerintah menjamin semua stok aman ..."
BigAlphaID,Bensin,PRODUCT,"Hasil konferensi pers Pemerintah mengenai harga BBM nasional.
- Pemerintah menjamin semua stok aman ..."
BigAlphaID,BBM,PRODUCT,"Hasil konferensi pers Pemerintah mengenai harga BBM nasional.
- Pemerintah menjamin semua stok aman ..."
LinggisSabit,Rakyat Kecil,LOCATION,"@LambeSahamjja Masyarakat hrs Mikir
➡️ BBM NON SUBSIDI = HARGA NAIK SESUAI PASAR = ~ 30K/liter
➡️ BB..."
LinggisSabit,Bbm,PRODUCT,"@LambeSahamjja Masyarakat hrs Mikir
➡️ BBM NON SUBSIDI = HARGA NAIK SESUAI PASAR = ~ 30K/liter
➡️ BB..."
LinggisSabit,Apbn,ORGANIZATION,"@LambeSahamjja Masyarakat hrs Mikir
➡️ BBM NON SUBSIDI = HARGA NAIK SESUAI PASAR = ~ 30K/liter
➡️ BB..."
LinggisSabit,BBM,PRODUCT,"@LambeSahamjja Masyarakat hrs Mikir
➡️ BBM NON SUBSIDI = HARGA NAIK SESUAI PASAR = ~ 30K/liter
➡️ BB..."
LinggisSabit,NON,ORGANIZATION,"@LambeSahamjja Masyarakat hrs Mikir
➡️ BBM NON SUBSIDI = HARGA NAIK SESUAI PASAR = ~ 30K/liter
➡️ BB..."
LinggisSabit,SUBSIDI,ORGANIZATION,"@LambeSahamjja Masyarakat hrs Mikir
➡️ BBM NON SUBSIDI = HARGA NAIK SESUAI PASAR = ~ 30K/liter
➡️ BB..."
LinggisSabit,HARGA,ORGANIZATION,"@LambeSahamjja Masyarakat hrs Mikir
➡️ BBM NON SUBSIDI = HARGA NAIK SESUAI PASAR = ~ 30K/liter
➡️ BB..."
LinggisSabit,NAIK,ORGANIZATION,"@LambeSahamjja Masyarakat hrs Mikir
➡️ BBM NON SUBSIDI = HARGA NAIK SESUAI PASAR = ~ 30K/liter
➡️ BB..."
LinggisSabit,SESUAI,ORGANIZATION,"@LambeSahamjja Masyarakat hrs Mikir
➡️ BBM NON SUBSIDI = HARGA NAIK SESUAI PASAR = ~ 30K/liter
➡️ BB..."
LinggisSabit,PASAR,ORGANIZATION,"@LambeSahamjja Masyarakat hrs Mikir
➡️ BBM NON SUBSIDI = HARGA NAIK SESUAI PASAR = ~ 30K/liter
➡️ BB..."
LinggisSabit,DIBATASI,ORGANIZATION,"@LambeSahamjja Masyarakat hrs Mikir
➡️ BBM NON SUBSIDI = HARGA NAIK SESUAI PASAR = ~ 30K/liter
➡️ BB..."
LinggisSabit,PEMBELIANNYA,ORGANIZATION,"@LambeSahamjja Masyarakat hrs Mikir
➡️ BBM NON SUBSIDI = HARGA NAIK SESUAI PASAR = ~ 30K/liter
➡️ BB..."
LinggisSabit,JENIS,ORGANIZATION,"@LambeSahamjja Masyarakat hrs Mikir
➡️ BBM NON SUBSIDI = HARGA NAIK SESUAI PASAR = ~ 30K/liter
➡️ BB..."
LinggisSabit,KENDARAAN,ORGANIZATION,"@LambeSahamjja Masyarakat hrs Mikir
➡️ BBM NON SUBSIDI = HARGA NAIK SESUAI PASAR = ~ 30K/liter
➡️ BB..."
LinggisSabit,BATAS,ORGANIZATION,"@LambeSahamjja Masyarakat hrs Mikir
➡️ BBM NON SUBSIDI = HARGA NAIK SESUAI PASAR = ~ 30K/liter
➡️ BB..."
LinggisSabit,DEFISIT,ORGANIZATION,"@LambeSahamjja Masyarakat hrs Mikir
➡️ BBM NON SUBSIDI = HARGA NAIK SESUAI PASAR = ~ 30K/liter
➡️ BB..."
LinggisSabit,APBN,ORGANIZATION,"@LambeSahamjja Masyarakat hrs Mikir
➡️ BBM NON SUBSIDI = HARGA NAIK SESUAI PASAR = ~ 30K/liter
➡️ BB..."
LinggisSabit,HAPUS,ORGANIZATION,"@LambeSahamjja Masyarakat hrs Mikir
➡️ BBM NON SUBSIDI = HARGA NAIK SESUAI PASAR = ~ 30K/liter
➡️ BB..."
LinggisSabit,MBG,ORGANIZATION,"@LambeSahamjja Masyarakat hrs Mikir
➡️ BBM NON SUBSIDI = HARGA NAIK SESUAI PASAR = ~ 30K/liter
➡️ BB..."
dewdewdwi,Bbm,PRODUCT,"@LambeSahamjja Masalahnya kalo gap nya terlalu besar, penggunaan bbm subsidi akan naik drastis, pd a..."
aji_mahatma,Bbm,PRODUCT,"@urya_suryana @LambeSahamjja yak betul, setuju dengan statemen ini. Bagi sebagian orang pasti akan b..."
aji_mahatma,BBM,PRODUCT,"@urya_suryana @LambeSahamjja yak betul, setuju dengan statemen ini. Bagi sebagian orang pasti akan b..."
AD1T_RG,Pertamax,PRODUCT,"@LambeSahamjja Antara ucapan Bahlil sm Mensekneg beda, Bahlil blg non subsidi naik tdk ada mslh krn ..."
AD1T_RG,Bbm,PRODUCT,"@LambeSahamjja Antara ucapan Bahlil sm Mensekneg beda, Bahlil blg non subsidi naik tdk ada mslh krn ..."
AD1T_RG,Bahlil,PERSON,"@LambeSahamjja Antara ucapan Bahlil sm Mensekneg beda, Bahlil blg non subsidi naik tdk ada mslh krn ..."
AD1T_RG,BBM,PRODUCT,"@LambeSahamjja Antara ucapan Bahlil sm Mensekneg beda, Bahlil blg non subsidi naik tdk ada mslh krn ..."
urya_suryana,Bbm,PRODUCT,@LambeSahamjja Dari dulu BBM non subsidi di serahkan pada mekansime pasar. Bahkan naik atau turun ta...
urya_suryana,BBM,PRODUCT,@LambeSahamjja Dari dulu BBM non subsidi di serahkan pada mekansime pasar. Bahkan naik atau turun ta...
LambeSahamjja,Bahlil,PERSON,"Guys, Bahlil Lahadalia akhirnya buka suara soal BBM, dan intinya cukup nyelekit.

Dia bilang, BBM no..."
HunterRevi,"Tak Naik Besok

Sc",LOCATION,"Breaking News: Harga BBM Subsidi-Non Subsidi Tak Naik Besok

Sc: CNBC Indonesia https://t.co/yMXNMZG..."
HunterRevi,Bbm,PRODUCT,"Breaking News: Harga BBM Subsidi-Non Subsidi Tak Naik Besok

Sc: CNBC Indonesia https://t.co/yMXNMZG..."
HunterRevi,Indonesia,LOCATION,"Breaking News: Harga BBM Subsidi-Non Subsidi Tak Naik Besok

Sc: CNBC Indonesia https://t.co/yMXNMZG..."
HunterRevi,BBM,PRODUCT,"Breaking News: Harga BBM Subsidi-Non Subsidi Tak Naik Besok

Sc: CNBC Indonesia https://t.co/yMXNMZG..."
HunterRevi,CNBC,ORGANIZATION,"Breaking News: Harga BBM Subsidi-Non Subsidi Tak Naik Besok

Sc: CNBC Indonesia https://t.co/yMXNMZG..."
neVerAl0nely___,Sekretaris Negara Prasetyo Hadi,PERSON,Menteri Sekretaris Negara Prasetyo Hadi memastikan harga bahan bakar minyak (BBM) subsidi dan non-su...
neVerAl0nely___,Bbm,PRODUCT,Menteri Sekretaris Negara Prasetyo Hadi memastikan harga bahan bakar minyak (BBM) subsidi dan non-su...
neVerAl0nely___,Minyak Mentah,PRODUCT,Menteri Sekretaris Negara Prasetyo Hadi memastikan harga bahan bakar minyak (BBM) subsidi dan non-su...
neVerAl0nely___,Pertamina,ORGANIZATION,Menteri Sekretaris Negara Prasetyo Hadi memastikan harga bahan bakar minyak (BBM) subsidi dan non-su...
neVerAl0nely___,BBM,PRODUCT,Menteri Sekretaris Negara Prasetyo Hadi memastikan harga bahan bakar minyak (BBM) subsidi dan non-su...
Melihat_Indo,Pengatur Hilir Minyak dan Gas Bumi,ORGANIZATION,"SK Pembatasan BBM Bocor, Mulai 1 April Pertalite-Solar Dibatasi

Kebijakan baru terkait pengendalian..."
Melihat_Indo,Pertalite,PRODUCT,"SK Pembatasan BBM Bocor, Mulai 1 April Pertalite-Solar Dibatasi

Kebijakan baru terkait pengendalian..."
Melihat_Indo,Solar,PRODUCT,"SK Pembatasan BBM Bocor, Mulai 1 April Pertalite-Solar Dibatasi

Kebijakan baru terkait pengendalian..."
Melihat_Indo,Bbm,PRODUCT,"SK Pembatasan BBM Bocor, Mulai 1 April Pertalite-Solar Dibatasi

Kebijakan baru terkait pengendalian..."
Melihat_Indo,SK,ORGANIZATION,"SK Pembatasan BBM Bocor, Mulai 1 April Pertalite-Solar Dibatasi

Kebijakan baru terkait pengendalian..."
Melihat_Indo,BBM,PRODUCT,"SK Pembatasan BBM Bocor, Mulai 1 April Pertalite-Solar Dibatasi

Kebijakan baru terkait pengendalian..."
Melihat_Indo,BPH,ORGANIZATION,"SK Pembatasan BBM Bocor, Mulai 1 April Pertalite-Solar Dibatasi

Kebijakan baru terkait pengendalian..."
gimbot75,Ketua,PERSON,"Tidak ada kenaikan harga BBM‼️
Pertalite dan lainnya harga tetap.
Jan ngantri di SPBU 

Wakil Ketua ..."
gimbot75,Pertalite,PRODUCT,"Tidak ada kenaikan harga BBM‼️
Pertalite dan lainnya harga tetap.
Jan ngantri di SPBU 

Wakil Ketua ..."
gimbot75,Bbm,PRODUCT,"Tidak ada kenaikan harga BBM‼️
Pertalite dan lainnya harga tetap.
Jan ngantri di SPBU 

Wakil Ketua ..."
gimbot75,Dpr,ORGANIZATION,"Tidak ada kenaikan harga BBM‼️
Pertalite dan lainnya harga tetap.
Jan ngantri di SPBU 

Wakil Ketua ..."
gimbot75,BBM,PRODUCT,"Tidak ada kenaikan harga BBM‼️
Pertalite dan lainnya harga tetap.
Jan ngantri di SPBU 

Wakil Ketua ..."
gimbot75,SPBU,PRODUCT,"Tidak ada kenaikan harga BBM‼️
Pertalite dan lainnya harga tetap.
Jan ngantri di SPBU 

Wakil Ketua ..."
gimbot75,DPR,ORGANIZATION,"Tidak ada kenaikan harga BBM‼️
Pertalite dan lainnya harga tetap.
Jan ngantri di SPBU 

Wakil Ketua ..."
NDASHmuuu,Bbm,PRODUCT,"@kompascom Yg sudah² per tanggal 1 selalu ada perubahan harga BBM non subsidi.
Apalagi dgn kondisi s..."
NDASHmuuu,BBM,PRODUCT,"@kompascom Yg sudah² per tanggal 1 selalu ada perubahan harga BBM non subsidi.
Apalagi dgn kondisi s..."
hasyimmah,Bahlil,LOCATION,"Seingat saya, saya nggak pernah memuji Bahlil di twit saya selama ini.

Tapi kalau benar besok (1/4)..."
hasyimmah,Bbm,PRODUCT,"Seingat saya, saya nggak pernah memuji Bahlil di twit saya selama ini.

Tapi kalau benar besok (1/4)..."
hasyimmah,Bahlil,PERSON,"Seingat saya, saya nggak pernah memuji Bahlil di twit saya selama ini.

Tapi kalau benar besok (1/4)..."
hasyimmah,BBM,PRODUCT,"Seingat saya, saya nggak pernah memuji Bahlil di twit saya selama ini.

Tapi kalau benar besok (1/4)..."
hasyimmah,HEBAT,ORGANIZATION,"Seingat saya, saya nggak pernah memuji Bahlil di twit saya selama ini.

Tapi kalau benar besok (1/4)..."
potrzayed,Bbm,PRODUCT,"BBM Non subsidi belum naik ramainya udah gaduh duluan, negara belum memberikan keterangan resmi udah..."
potrzayed,BBM,PRODUCT,"BBM Non subsidi belum naik ramainya udah gaduh duluan, negara belum memberikan keterangan resmi udah..."
potrzayed,SUBSIDI,ORGANIZATION,"BBM Non subsidi belum naik ramainya udah gaduh duluan, negara belum memberikan keterangan resmi udah..."
Rie50238,April,LOCATION,"@yaniarsim @msaid_didu Masuk akal, subsidi listrik hanya dipertahankan dari April sampai Juni saja, ..."
Rie50238,Bbm,PRODUCT,"@yaniarsim @msaid_didu Masuk akal, subsidi listrik hanya dipertahankan dari April sampai Juni saja, ..."
Rie50238,BBM,PRODUCT,"@yaniarsim @msaid_didu Masuk akal, subsidi listrik hanya dipertahankan dari April sampai Juni saja, ..."
jawapos,Rp17.850,MONEY,"Antrean panjang terjadi di salah satu SPBU di Kabupaten Enrekang pada Minggu, 29 Maret 2026, diduga ..."
jawapos,Kabupaten Enrekang,LOCATION,"Antrean panjang terjadi di salah satu SPBU di Kabupaten Enrekang pada Minggu, 29 Maret 2026, diduga ..."
jawapos,SPBU,PRODUCT,"Antrean panjang terjadi di salah satu SPBU di Kabupaten Enrekang pada Minggu, 29 Maret 2026, diduga ..."
SiPalingDepok,Kota Depok,LOCATION,"Walau Pertalite tidak naik harga, terjadi antrean di sejumlah SPBU di Kota Depok. ⛽️

Ini dipicu ren..."
SiPalingDepok,Pertalite,PRODUCT,"Walau Pertalite tidak naik harga, terjadi antrean di sejumlah SPBU di Kota Depok. ⛽️

Ini dipicu ren..."
SiPalingDepok,SPBU,PRODUCT,"Walau Pertalite tidak naik harga, terjadi antrean di sejumlah SPBU di Kota Depok. ⛽️

Ini dipicu ren..."
SiPalingDepok,VCS,ORGANIZATION,"Walau Pertalite tidak naik harga, terjadi antrean di sejumlah SPBU di Kota Depok. ⛽️

Ini dipicu ren..."
Tguh_Em,Bbm,PRODUCT,"📢📢📢 Benar terjadi seperti prediksi.

BBM Non Subsidi naik perkiraan mencapai 10% mulai 1 April, seme..."
Tguh_Em,BBM,PRODUCT,"📢📢📢 Benar terjadi seperti prediksi.

BBM Non Subsidi naik perkiraan mencapai 10% mulai 1 April, seme..."
solowae1,Bbm,PRODUCT,beneran ga sih harga BBM baik subsidi or non subsidi besok naik? semoga aja April Mop https://t.co/N...
solowae1,BBM,PRODUCT,beneran ga sih harga BBM baik subsidi or non subsidi besok naik? semoga aja April Mop https://t.co/N...
cnbcindonesia,Pertamax Cs Bakal Naik,LOCATION,"Harga BBM Non Subsidi Pertamax Cs Bakal Naik 1 April? Ini Kata Bahlil

https://t.co/FIcF7xPAiJ..."
cnbcindonesia,Pertamax,PRODUCT,"Harga BBM Non Subsidi Pertamax Cs Bakal Naik 1 April? Ini Kata Bahlil

https://t.co/FIcF7xPAiJ..."
AgilTriatm64429,Pertamax,PRODUCT,Karena kemungkinan BBM subsidi tidak naik sedangkan BBM non subsidi kemungkinan naik maka ada bebera...
AgilTriatm64429,Bbm,PRODUCT,Karena kemungkinan BBM subsidi tidak naik sedangkan BBM non subsidi kemungkinan naik maka ada bebera...
AgilTriatm64429,BBM,PRODUCT,Karena kemungkinan BBM subsidi tidak naik sedangkan BBM non subsidi kemungkinan naik maka ada bebera...
pak_erte92,Bbm,PRODUCT,"1. Iya tidak akan naik, tapi biasanya quotanya dibatasi. Jangan heran kalo nanti terjadi kelangkaan ..."
pak_erte92,Jawa,LOCATION,"1. Iya tidak akan naik, tapi biasanya quotanya dibatasi. Jangan heran kalo nanti terjadi kelangkaan ..."
pak_erte92,BBM,PRODUCT,"1. Iya tidak akan naik, tapi biasanya quotanya dibatasi. Jangan heran kalo nanti terjadi kelangkaan ..."
Jonyrmi,Pertalite,PRODUCT,"@kompascom Kalo bbm non subsidi naik tinggi, apakah orang orang bakalan banyak yg pindah ke pertalit..."
Jonyrmi,Bbm,PRODUCT,"@kompascom Kalo bbm non subsidi naik tinggi, apakah orang orang bakalan banyak yg pindah ke pertalit..."
yakobXBT,Bbm,PRODUCT,"Besok BBM Non Subsidi diprediksi Naik, $BTC ikut naik juga gak ya karena malem ini ada pengumuman S&..."
yakobXBT,BBM,PRODUCT,"Besok BBM Non Subsidi diprediksi Naik, $BTC ikut naik juga gak ya karena malem ini ada pengumuman S&..."
yakobXBT,BTC,ORGANIZATION,"Besok BBM Non Subsidi diprediksi Naik, $BTC ikut naik juga gak ya karena malem ini ada pengumuman S&..."
yakobXBT,US,ORGANIZATION,"Besok BBM Non Subsidi diprediksi Naik, $BTC ikut naik juga gak ya karena malem ini ada pengumuman S&..."
yakobXBT,PMI,ORGANIZATION,"Besok BBM Non Subsidi diprediksi Naik, $BTC ikut naik juga gak ya karena malem ini ada pengumuman S&..."
tribunnews,Rp2.000,MONEY,"Harga BBM Non-subsidi Berpotensi Naik, Ekonom: Kalau Bisa Naiknya Jangan Lebih dari Rp 2.000/Liter

..."
tribunnews,Berpotensi Naik,LOCATION,"Harga BBM Non-subsidi Berpotensi Naik, Ekonom: Kalau Bisa Naiknya Jangan Lebih dari Rp 2.000/Liter

..."
XPwinzz31,Bbm,PRODUCT,"3. 🇮🇩 Indonesia Masih Impor Minyak
Indonesia belum sepenuhnya mandiri energi dan masih mengimpor min..."
XPwinzz31,Indonesia,LOCATION,"3. 🇮🇩 Indonesia Masih Impor Minyak
Indonesia belum sepenuhnya mandiri energi dan masih mengimpor min..."
XPwinzz31,BBM,PRODUCT,"3. 🇮🇩 Indonesia Masih Impor Minyak
Indonesia belum sepenuhnya mandiri energi dan masih mengimpor min..."
ilhamwsp,Pertalite,PRODUCT,"BBM subsidi ( Pertalite dan solar ) memang tidak naik tapi di batasi

“ sama aja goblok “ akhir nya ..."
ilhamwsp,Solar,PRODUCT,"BBM subsidi ( Pertalite dan solar ) memang tidak naik tapi di batasi

“ sama aja goblok “ akhir nya ..."
ilhamwsp,Bbm,PRODUCT,"BBM subsidi ( Pertalite dan solar ) memang tidak naik tapi di batasi

“ sama aja goblok “ akhir nya ..."
ilhamwsp,BBM,PRODUCT,"BBM subsidi ( Pertalite dan solar ) memang tidak naik tapi di batasi

“ sama aja goblok “ akhir nya ..."
ariiqdneutron,Pertamax,PRODUCT,"@ardianpancaa Sumber dari mana ini?

Dilansir kompass yang naik cuma harga BBM non subsidi (pertamax..."
ariiqdneutron,Pertalite,PRODUCT,"@ardianpancaa Sumber dari mana ini?

Dilansir kompass yang naik cuma harga BBM non subsidi (pertamax..."
ariiqdneutron,Solar,PRODUCT,"@ardianpancaa Sumber dari mana ini?

Dilansir kompass yang naik cuma harga BBM non subsidi (pertamax..."
ariiqdneutron,Bbm,PRODUCT,"@ardianpancaa Sumber dari mana ini?

Dilansir kompass yang naik cuma harga BBM non subsidi (pertamax..."
ariiqdneutron,Pertamina,ORGANIZATION,"@ardianpancaa Sumber dari mana ini?

Dilansir kompass yang naik cuma harga BBM non subsidi (pertamax..."
ariiqdneutron,BBM,PRODUCT,"@ardianpancaa Sumber dari mana ini?

Dilansir kompass yang naik cuma harga BBM non subsidi (pertamax..."
masbudisam,Bbm,PRODUCT,"nge war isi bbm full tank dulu 

kira kira besok harga bbm subsidi dan non subsidi naik gak ya ? 🤔🤔
..."
mhankumiz,Bbm,PRODUCT,"Besok kemungkinan harga BBM Non subsidi naik.

Denger kata Bahlil kemaren? ""Tenang, jangan panic buy..."
mhankumiz,Bahlil,PERSON,"Besok kemungkinan harga BBM Non subsidi naik.

Denger kata Bahlil kemaren? ""Tenang, jangan panic buy..."
mhankumiz,BBM,PRODUCT,"Besok kemungkinan harga BBM Non subsidi naik.

Denger kata Bahlil kemaren? ""Tenang, jangan panic buy..."
SEdit2321840,Bbm,PRODUCT,@idextratime Ya minyak dunia aj naik setinggi itu seharusnya ya bakal naik setinggi itu juga masa BB...
SEdit2321840,BBM,PRODUCT,@idextratime Ya minyak dunia aj naik setinggi itu seharusnya ya bakal naik setinggi itu juga masa BB...
desmondwira,Bbm,PRODUCT,"1. Harga BBM non subsidi naik 
2. Harga barang-barang ikutan naik
3. El nino ekstrim
4. Perang darat..."
desmondwira,Iran,LOCATION,"1. Harga BBM non subsidi naik 
2. Harga barang-barang ikutan naik
3. El nino ekstrim
4. Perang darat..."
desmondwira,BBM,PRODUCT,"1. Harga BBM non subsidi naik 
2. Harga barang-barang ikutan naik
3. El nino ekstrim
4. Perang darat..."
desmondwira,AS,ORGANIZATION,"1. Harga BBM non subsidi naik 
2. Harga barang-barang ikutan naik
3. El nino ekstrim
4. Perang darat..."
Ndons_Back,WIB,ORGANIZATION,"Tidak ada kepastian resmi bahwa harga BBM akan naik pada 1 April 2026 pukul 00.00 WIB, meskipun ada ..."
RadioElshinta,Energi dan Sumber Daya Mineral,ORGANIZATION,Pemerintah melalui Kementerian Energi dan Sumber Daya Mineral (ESDM) memastikan harga Bahan Bakar Mi...
RadioElshinta,Pertalite,PRODUCT,Pemerintah melalui Kementerian Energi dan Sumber Daya Mineral (ESDM) memastikan harga Bahan Bakar Mi...
RadioElshinta,Solar,PRODUCT,Pemerintah melalui Kementerian Energi dan Sumber Daya Mineral (ESDM) memastikan harga Bahan Bakar Mi...
rahkainiskala,Pertamax,PRODUCT,"Udah pada tau kan 1 april kita naik harga bbm non subsidi, yang biasa pakai pertamax kerasa banget n..."
rahkainiskala,Bbm,PRODUCT,"Udah pada tau kan 1 april kita naik harga bbm non subsidi, yang biasa pakai pertamax kerasa banget n..."
abouttng,Timur Tengah,LOCATION,"Harga BBM non-subsidi diperkirakan naik 10 persen mulai 1 April 2026 pukul 00.00 WIB.

Kenaikan harg..."
abouttng,WIB,ORGANIZATION,"Harga BBM non-subsidi diperkirakan naik 10 persen mulai 1 April 2026 pukul 00.00 WIB.

Kenaikan harg..."
eddesign_,Pertalite,LOCATION,"@sekintangd99 IYA benar bro, tapi bbm non-subsidi sudah pasti naik. Kan ikut harga pasar, bisa naik-..."
eddesign_,Pertalite,PRODUCT,"@sekintangd99 IYA benar bro, tapi bbm non-subsidi sudah pasti naik. Kan ikut harga pasar, bisa naik-..."
eddesign_,IYA,ORGANIZATION,"@sekintangd99 IYA benar bro, tapi bbm non-subsidi sudah pasti naik. Kan ikut harga pasar, bisa naik-..."
akuratco,Energi dan Sumber Daya Mineral,ORGANIZATION,Kementerian Energi dan Sumber Daya Mineral (ESDM) buka suara atas kabar kenaikan bahan bakar minyak ...
is_pelssy,Naik,LOCATION,Siap-siap Bulan April BBM non Subsidi Naik https://t.co/zwG5cmAOG1...
is_pelssy,Bbm,PRODUCT,Siap-siap Bulan April BBM non Subsidi Naik https://t.co/zwG5cmAOG1...
is_pelssy,BBM,PRODUCT,Siap-siap Bulan April BBM non Subsidi Naik https://t.co/zwG5cmAOG1...
KontanNews,ESDM Pastikan Harga BBM Subsidi Tak Naik,ORGANIZATION,"Kementerian ESDM Pastikan Harga BBM Subsidi Tak Naik, Non Subsidi Tunggu Pengumuman https://t.co/R5Y..."
KontanNews,Tak Naik,LOCATION,"Kementerian ESDM Pastikan Harga BBM Subsidi Tak Naik, Non Subsidi Tunggu Pengumuman https://t.co/R5Y..."
KontanNews,Tunggu Pengumuman,LOCATION,"Kementerian ESDM Pastikan Harga BBM Subsidi Tak Naik, Non Subsidi Tunggu Pengumuman https://t.co/R5Y..."
KontanNews,Bbm,PRODUCT,"Kementerian ESDM Pastikan Harga BBM Subsidi Tak Naik, Non Subsidi Tunggu Pengumuman https://t.co/R5Y..."
KontanNews,Kementerian Esdm,ORGANIZATION,"Kementerian ESDM Pastikan Harga BBM Subsidi Tak Naik, Non Subsidi Tunggu Pengumuman https://t.co/R5Y..."
KontanNews,ESDM,ORGANIZATION,"Kementerian ESDM Pastikan Harga BBM Subsidi Tak Naik, Non Subsidi Tunggu Pengumuman https://t.co/R5Y..."
KontanNews,BBM,PRODUCT,"Kementerian ESDM Pastikan Harga BBM Subsidi Tak Naik, Non Subsidi Tunggu Pengumuman https://t.co/R5Y..."
jawapos,Naik Drastis April,LOCATION,"Viral Beredar Kabar Harga BBM Non Subsidi Naik Drastis April 2026, Begini Tanggapan Pertamina!
https..."
ruudii_h,Amerika,LOCATION,Apakah BBM Non Subsidi per April jadi naik ditengah harga minyak dunia yang naik efek perang Iran vs...
ruudii_h,Iran,LOCATION,Apakah BBM Non Subsidi per April jadi naik ditengah harga minyak dunia yang naik efek perang Iran vs...
ferizandra,RP17.000,MONEY,"Apakah info dari media Otomotif Pikiran Rakyat ini benar...? 🤔

BOCOR DOKUMEN DIDUGA MILIK PEMERINTA..."
ferizandra,BOCOR,ORGANIZATION,"Apakah info dari media Otomotif Pikiran Rakyat ini benar...? 🤔

BOCOR DOKUMEN DIDUGA MILIK PEMERINTA..."
ferizandra,DOKUMEN,ORGANIZATION,"Apakah info dari media Otomotif Pikiran Rakyat ini benar...? 🤔

BOCOR DOKUMEN DIDUGA MILIK PEMERINTA..."
ferizandra,DIDUGA,ORGANIZATION,"Apakah info dari media Otomotif Pikiran Rakyat ini benar...? 🤔

BOCOR DOKUMEN DIDUGA MILIK PEMERINTA..."
ferizandra,MILIK,ORGANIZATION,"Apakah info dari media Otomotif Pikiran Rakyat ini benar...? 🤔

BOCOR DOKUMEN DIDUGA MILIK PEMERINTA..."
ferizandra,PEMERINTAH,ORGANIZATION,"Apakah info dari media Otomotif Pikiran Rakyat ini benar...? 🤔

BOCOR DOKUMEN DIDUGA MILIK PEMERINTA..."
ferizandra,HARGA,ORGANIZATION,"Apakah info dari media Otomotif Pikiran Rakyat ini benar...? 🤔

BOCOR DOKUMEN DIDUGA MILIK PEMERINTA..."
ferizandra,PERTAMAX,ORGANIZATION,"Apakah info dari media Otomotif Pikiran Rakyat ini benar...? 🤔

BOCOR DOKUMEN DIDUGA MILIK PEMERINTA..."
ferizandra,APRIL,ORGANIZATION,"Apakah info dari media Otomotif Pikiran Rakyat ini benar...? 🤔

BOCOR DOKUMEN DIDUGA MILIK PEMERINTA..."
ferizandra,NAIK,ORGANIZATION,"Apakah info dari media Otomotif Pikiran Rakyat ini benar...? 🤔

BOCOR DOKUMEN DIDUGA MILIK PEMERINTA..."
ferizandra,PER,ORGANIZATION,"Apakah info dari media Otomotif Pikiran Rakyat ini benar...? 🤔

BOCOR DOKUMEN DIDUGA MILIK PEMERINTA..."
ferizandra,LITER,ORGANIZATION,"Apakah info dari media Otomotif Pikiran Rakyat ini benar...? 🤔

BOCOR DOKUMEN DIDUGA MILIK PEMERINTA..."
ferizandra,DARI,ORGANIZATION,"Apakah info dari media Otomotif Pikiran Rakyat ini benar...? 🤔

BOCOR DOKUMEN DIDUGA MILIK PEMERINTA..."
ferizandra,SEBUAH,ORGANIZATION,"Apakah info dari media Otomotif Pikiran Rakyat ini benar...? 🤔

BOCOR DOKUMEN DIDUGA MILIK PEMERINTA..."
ferizandra,YANG,ORGANIZATION,"Apakah info dari media Otomotif Pikiran Rakyat ini benar...? 🤔

BOCOR DOKUMEN DIDUGA MILIK PEMERINTA..."
ferizandra,BEREDAR,ORGANIZATION,"Apakah info dari media Otomotif Pikiran Rakyat ini benar...? 🤔

BOCOR DOKUMEN DIDUGA MILIK PEMERINTA..."
ferizandra,SENIN,ORGANIZATION,"Apakah info dari media Otomotif Pikiran Rakyat ini benar...? 🤔

BOCOR DOKUMEN DIDUGA MILIK PEMERINTA..."
ferizandra,MARET,ORGANIZATION,"Apakah info dari media Otomotif Pikiran Rakyat ini benar...? 🤔

BOCOR DOKUMEN DIDUGA MILIK PEMERINTA..."
ferizandra,DIKABARKAN,ORGANIZATION,"Apakah info dari media Otomotif Pikiran Rakyat ini benar...? 🤔

BOCOR DOKUMEN DIDUGA MILIK PEMERINTA..."
ferizandra,NON,ORGANIZATION,"Apakah info dari media Otomotif Pikiran Rakyat ini benar...? 🤔

BOCOR DOKUMEN DIDUGA MILIK PEMERINTA..."
ferizandra,SUBSIDI,ORGANIZATION,"Apakah info dari media Otomotif Pikiran Rakyat ini benar...? 🤔

BOCOR DOKUMEN DIDUGA MILIK PEMERINTA..."
ferizandra,AKAN,ORGANIZATION,"Apakah info dari media Otomotif Pikiran Rakyat ini benar...? 🤔

BOCOR DOKUMEN DIDUGA MILIK PEMERINTA..."
ferizandra,MENGALAMI,ORGANIZATION,"Apakah info dari media Otomotif Pikiran Rakyat ini benar...? 🤔

BOCOR DOKUMEN DIDUGA MILIK PEMERINTA..."
ferizandra,KENAIKAN,ORGANIZATION,"Apakah info dari media Otomotif Pikiran Rakyat ini benar...? 🤔

BOCOR DOKUMEN DIDUGA MILIK PEMERINTA..."
ferizandra,SIGNIFIKAN,ORGANIZATION,"Apakah info dari media Otomotif Pikiran Rakyat ini benar...? 🤔

BOCOR DOKUMEN DIDUGA MILIK PEMERINTA..."
ferizandra,UNTUK,ORGANIZATION,"Apakah info dari media Otomotif Pikiran Rakyat ini benar...? 🤔

BOCOR DOKUMEN DIDUGA MILIK PEMERINTA..."
yepzXBT,Bbm,PRODUCT,BBM Non subsidi naik ini menurut gw awal pembuka jalan untuk BBM subsidi naik soon. Dengan alasan Pe...
yepzXBT,Apbn,ORGANIZATION,BBM Non subsidi naik ini menurut gw awal pembuka jalan untuk BBM subsidi naik soon. Dengan alasan Pe...
yepzXBT,BBM,PRODUCT,BBM Non subsidi naik ini menurut gw awal pembuka jalan untuk BBM subsidi naik soon. Dengan alasan Pe...
yepzXBT,APBN,ORGANIZATION,BBM Non subsidi naik ini menurut gw awal pembuka jalan untuk BBM subsidi naik soon. Dengan alasan Pe...
LogikaSwing,Bbm,PRODUCT,"(Masih) Dibantah Pertamina 1 April BBM non subsidi naik..

Feeling tetap naik tapi tidak sebanyak po..."
LogikaSwing,Pertamina,ORGANIZATION,"(Masih) Dibantah Pertamina 1 April BBM non subsidi naik..

Feeling tetap naik tapi tidak sebanyak po..."
LogikaSwing,BBM,PRODUCT,"(Masih) Dibantah Pertamina 1 April BBM non subsidi naik..

Feeling tetap naik tapi tidak sebanyak po..."
TwipsX,April,LOCATION,"BBM diperkirakan naik di April 2026 🚨

Kenaikan ini cukup signifikan di hampir semua jenis BBM non-s..."
TwipsX,Pertamax,LOCATION,"BBM diperkirakan naik di April 2026 🚨

Kenaikan ini cukup signifikan di hampir semua jenis BBM non-s..."
TwipsX,Pertamax,PRODUCT,"BBM diperkirakan naik di April 2026 🚨

Kenaikan ini cukup signifikan di hampir semua jenis BBM non-s..."
TwipsX,Bbm,PRODUCT,"BBM diperkirakan naik di April 2026 🚨

Kenaikan ini cukup signifikan di hampir semua jenis BBM non-s..."
TwipsX,BBM,PRODUCT,"BBM diperkirakan naik di April 2026 🚨

Kenaikan ini cukup signifikan di hampir semua jenis BBM non-s..."
ceh_fajar,Bbm,PRODUCT,"Setiap 1 bulan sekali, kita semua diam-diam bayar lebih mahal buat bensin.
Dan anehnya, kita terima ..."
ceh_fajar,Bensin,PRODUCT,"Setiap 1 bulan sekali, kita semua diam-diam bayar lebih mahal buat bensin.
Dan anehnya, kita terima ..."
ceh_fajar,BBM,PRODUCT,"Setiap 1 bulan sekali, kita semua diam-diam bayar lebih mahal buat bensin.
Dan anehnya, kita terima ..."
WOLF_of_IHSG,Pertalite,PRODUCT,"bentar, 
WHAT IF ?
Ini berita beredar tentang 𝐤𝐞𝐧𝐚𝐢𝐤𝐚𝐧 𝐡𝐚𝐫𝐠𝐚 𝐁𝐁𝐌;
misal Pertalite naik sampai 14-15r..."
WOLF_of_IHSG,Bbm,PRODUCT,"bentar, 
WHAT IF ?
Ini berita beredar tentang 𝐤𝐞𝐧𝐚𝐢𝐤𝐚𝐧 𝐡𝐚𝐫𝐠𝐚 𝐁𝐁𝐌;
misal Pertalite naik sampai 14-15r..."
WOLF_of_IHSG,WHAT,ORGANIZATION,"bentar, 
WHAT IF ?
Ini berita beredar tentang 𝐤𝐞𝐧𝐚𝐢𝐤𝐚𝐧 𝐡𝐚𝐫𝐠𝐚 𝐁𝐁𝐌;
misal Pertalite naik sampai 14-15r..."
WOLF_of_IHSG,IF,ORGANIZATION,"bentar, 
WHAT IF ?
Ini berita beredar tentang 𝐤𝐞𝐧𝐚𝐢𝐤𝐚𝐧 𝐡𝐚𝐫𝐠𝐚 𝐁𝐁𝐌;
misal Pertalite naik sampai 14-15r..."
WOLF_of_IHSG,BBM,PRODUCT,"bentar, 
WHAT IF ?
Ini berita beredar tentang 𝐤𝐞𝐧𝐚𝐢𝐤𝐚𝐧 𝐡𝐚𝐫𝐠𝐚 𝐁𝐁𝐌;
misal Pertalite naik sampai 14-15r..."
yangbegituan,Pertalite,PRODUCT,"@polisiolahraga Pertalite tetap, BBM Non Subsidi yang naik. Tapi stok pertalite bisa jadi akan berku..."
yangbegituan,Bbm,PRODUCT,"@polisiolahraga Pertalite tetap, BBM Non Subsidi yang naik. Tapi stok pertalite bisa jadi akan berku..."
yangbegituan,BBM,PRODUCT,"@polisiolahraga Pertalite tetap, BBM Non Subsidi yang naik. Tapi stok pertalite bisa jadi akan berku..."
paubilabil,Bbm,PRODUCT,baru juga mau nyetuh bulan april harga bbm non-subsidi mau naik aja https://t.co/BStR3hRPyo...
cnbcindonesia,Diramal Naik,LOCATION,"Video: Harga BBM Non Subsidi Diramal Naik 1 April, Ini Alasannya https://t.co/m4NliOzEez..."
cahyodewantoroo,Bbm,PRODUCT,"@masduke_x Kalo bbm non subsidi tiap bulan mmg naik turun, berhubung harga minyak dunia lg menggila ..."
metro24jam_id,Indonesia,LOCATION,"Siap-siap harga bahan bakar minyak (BBM) non subsidi di Indonesia naik mulai 1 April 2026. Pasalnya,..."
metro24jam_id,Iran,LOCATION,"Siap-siap harga bahan bakar minyak (BBM) non subsidi di Indonesia naik mulai 1 April 2026. Pasalnya,..."
metro24jam_id,Bbm,PRODUCT,"Siap-siap harga bahan bakar minyak (BBM) non subsidi di Indonesia naik mulai 1 April 2026. Pasalnya,..."
metro24jam_id,Amerika,LOCATION,"Siap-siap harga bahan bakar minyak (BBM) non subsidi di Indonesia naik mulai 1 April 2026. Pasalnya,..."
metro24jam_id,BBM,PRODUCT,"Siap-siap harga bahan bakar minyak (BBM) non subsidi di Indonesia naik mulai 1 April 2026. Pasalnya,..."
SadgeFan,Bbm,PRODUCT,"@helmfulfes @MurtadhaOne1 @prabowo Apasih kontol? Emang minyak lagi naik, selama ini ditahan pakai s..."
SadgeFan,Prabowo,PERSON,"@helmfulfes @MurtadhaOne1 @prabowo Apasih kontol? Emang minyak lagi naik, selama ini ditahan pakai s..."
AD1T_RG,Lpg,PRODUCT,"@kompascom Andai yg naik non subsidi peterlite bakal di bikin langka, yg ujung2nya peterlite jg akan..."
AD1T_RG,MBG,ORGANIZATION,"@kompascom Andai yg naik non subsidi peterlite bakal di bikin langka, yg ujung2nya peterlite jg akan..."
AD1T_RG,KMP,ORGANIZATION,"@kompascom Andai yg naik non subsidi peterlite bakal di bikin langka, yg ujung2nya peterlite jg akan..."
AD1T_RG,LPG,PRODUCT,"@kompascom Andai yg naik non subsidi peterlite bakal di bikin langka, yg ujung2nya peterlite jg akan..."
biztechid,Per,LOCATION,"Harga BBM Nonsubsidi Per 1 April 2026 Pukul 00.00 WIB Diprediksi Naik 10 Persen

https://t.co/JzSnNE..."
biztechid,Indonesia,LOCATION,"Harga BBM Nonsubsidi Per 1 April 2026 Pukul 00.00 WIB Diprediksi Naik 10 Persen

https://t.co/JzSnNE..."
biztechid,Bbm,PRODUCT,"Harga BBM Nonsubsidi Per 1 April 2026 Pukul 00.00 WIB Diprediksi Naik 10 Persen

https://t.co/JzSnNE..."
biztechid,BBM,PRODUCT,"Harga BBM Nonsubsidi Per 1 April 2026 Pukul 00.00 WIB Diprediksi Naik 10 Persen

https://t.co/JzSnNE..."
biztechid,WIB,ORGANIZATION,"Harga BBM Nonsubsidi Per 1 April 2026 Pukul 00.00 WIB Diprediksi Naik 10 Persen

https://t.co/JzSnNE..."
fajaronline,Indonesia Ternyata Sudah Naik,LOCATION,"BBM Non Subsidi di Indonesia Ternyata Sudah Naik, Subsidi Nyusul 1 April 2026? https://t.co/JSKU2SWX..."
fajaronline,Nyusul,LOCATION,"BBM Non Subsidi di Indonesia Ternyata Sudah Naik, Subsidi Nyusul 1 April 2026? https://t.co/JSKU2SWX..."
fajaronline,Indonesia,LOCATION,"BBM Non Subsidi di Indonesia Ternyata Sudah Naik, Subsidi Nyusul 1 April 2026? https://t.co/JSKU2SWX..."
Utha_san,Bbm,PRODUCT,@Kasteis @BigAlphaID Nyatanya sejak era Jokodok bbm bersubsidi gk pernah turun yang ada naik. Yg nai...
satsukyhiruta,Pertamax,PRODUCT,@trihartono__ @Kasteis @BigAlphaID Kalo BBM non-subsidi (RON 92 ke atas) selalu naik dan turun ngiku...
satsukyhiruta,Bbm,PRODUCT,@trihartono__ @Kasteis @BigAlphaID Kalo BBM non-subsidi (RON 92 ke atas) selalu naik dan turun ngiku...
satsukyhiruta,BBM,PRODUCT,@trihartono__ @Kasteis @BigAlphaID Kalo BBM non-subsidi (RON 92 ke atas) selalu naik dan turun ngiku...
satsukyhiruta,RON,ORGANIZATION,@trihartono__ @Kasteis @BigAlphaID Kalo BBM non-subsidi (RON 92 ke atas) selalu naik dan turun ngiku...
lewatt_doang,Pertalite,PRODUCT,"@WOLF_of_IHSG blm ada pengumuman resmi, tp yg naik harusnya BBM non subsidi aja, kalo pertalite naik..."
lewatt_doang,Bbm,PRODUCT,"@WOLF_of_IHSG blm ada pengumuman resmi, tp yg naik harusnya BBM non subsidi aja, kalo pertalite naik..."
lewatt_doang,BBM,PRODUCT,"@WOLF_of_IHSG blm ada pengumuman resmi, tp yg naik harusnya BBM non subsidi aja, kalo pertalite naik..."
anakodok2009,Bbm,PRODUCT,"@Kelas_ppds @insidefolkative Bbm non subsidi ngikutin harga minyak dunia, kalau naik ya ikut naik..."
tomatskillo,Rp12.500,MONEY,beginilah kualitas kader banteng bikin narasi bombastis padahal naik turun bbm non subsidi seringkal...
tomatskillo,Rp12.100,MONEY,beginilah kualitas kader banteng bikin narasi bombastis padahal naik turun bbm non subsidi seringkal...
tomatskillo,Medan Pertamax,LOCATION,beginilah kualitas kader banteng bikin narasi bombastis padahal naik turun bbm non subsidi seringkal...
tomatskillo,Rp,LOCATION,beginilah kualitas kader banteng bikin narasi bombastis padahal naik turun bbm non subsidi seringkal...
tomatskillo,Pertamax,PRODUCT,beginilah kualitas kader banteng bikin narasi bombastis padahal naik turun bbm non subsidi seringkal...
akuratco,Airlangga,ORGANIZATION,Kenaikan harga bahan bakar minyak (BBM) non-subsidi di Indonesia dinilai sebagai dampak langsung dar...
akuratco,Indonesia,LOCATION,Kenaikan harga bahan bakar minyak (BBM) non-subsidi di Indonesia dinilai sebagai dampak langsung dar...
akuratco,Timur Tengah,LOCATION,Kenaikan harga bahan bakar minyak (BBM) non-subsidi di Indonesia dinilai sebagai dampak langsung dar...
akuratco,Amerika,LOCATION,Kenaikan harga bahan bakar minyak (BBM) non-subsidi di Indonesia dinilai sebagai dampak langsung dar...
akuratco,Iran,LOCATION,Kenaikan harga bahan bakar minyak (BBM) non-subsidi di Indonesia dinilai sebagai dampak langsung dar...
TheanaXBT,Pertamax,PRODUCT,"@eggggsie @Nebulavexion @insidefolkative BBM itu sifat perubahannya langsung terjadi, malaysia ama s..."
TheanaXBT,Bbm,PRODUCT,"@eggggsie @Nebulavexion @insidefolkative BBM itu sifat perubahannya langsung terjadi, malaysia ama s..."
TheanaXBT,BBM,PRODUCT,"@eggggsie @Nebulavexion @insidefolkative BBM itu sifat perubahannya langsung terjadi, malaysia ama s..."
petanirumah,Solar,PRODUCT,"@HSoekma23 Infonya tanggal 1 April berlaku harga baru.
BBM non subsisdi naik tinggi.

BBM subsidi di..."
petanirumah,Bbm,PRODUCT,"@HSoekma23 Infonya tanggal 1 April berlaku harga baru.
BBM non subsisdi naik tinggi.

BBM subsidi di..."
petanirumah,BBM,PRODUCT,"@HSoekma23 Infonya tanggal 1 April berlaku harga baru.
BBM non subsisdi naik tinggi.

BBM subsidi di..."
BudakBaonkX,"Rp12.300,",MONEY,"@mas_veel Pertamina menaikkan hrga BBM non-subsidi. Pertamax (RON 92) menjadi Rp12.300, sebelumnya R..."
BudakBaonkX,Rp11.800,MONEY,"@mas_veel Pertamina menaikkan hrga BBM non-subsidi. Pertamax (RON 92) menjadi Rp12.300, sebelumnya R..."
BudakBaonkX,Rp12.450,MONEY,"@mas_veel Pertamina menaikkan hrga BBM non-subsidi. Pertamax (RON 92) menjadi Rp12.300, sebelumnya R..."
BudakBaonkX,Rp12.900,MONEY,"@mas_veel Pertamina menaikkan hrga BBM non-subsidi. Pertamax (RON 92) menjadi Rp12.300, sebelumnya R..."
BudakBaonkX,Rp12.700,MONEY,"@mas_veel Pertamina menaikkan hrga BBM non-subsidi. Pertamax (RON 92) menjadi Rp12.300, sebelumnya R..."
BudakBaonkX,Rp13.100,MONEY,"@mas_veel Pertamina menaikkan hrga BBM non-subsidi. Pertamax (RON 92) menjadi Rp12.300, sebelumnya R..."
BudakBaonkX,Rp,LOCATION,"@mas_veel Pertamina menaikkan hrga BBM non-subsidi. Pertamax (RON 92) menjadi Rp12.300, sebelumnya R..."
BudakBaonkX,Pertamax,PRODUCT,"@mas_veel Pertamina menaikkan hrga BBM non-subsidi. Pertamax (RON 92) menjadi Rp12.300, sebelumnya R..."
BudakBaonkX,Pertamax Green,PRODUCT,"@mas_veel Pertamina menaikkan hrga BBM non-subsidi. Pertamax (RON 92) menjadi Rp12.300, sebelumnya R..."
BudakBaonkX,Pertamax Turbo,PRODUCT,"@mas_veel Pertamina menaikkan hrga BBM non-subsidi. Pertamax (RON 92) menjadi Rp12.300, sebelumnya R..."
BudakBaonkX,Bbm,PRODUCT,"@mas_veel Pertamina menaikkan hrga BBM non-subsidi. Pertamax (RON 92) menjadi Rp12.300, sebelumnya R..."
BudakBaonkX,Pertamina,ORGANIZATION,"@mas_veel Pertamina menaikkan hrga BBM non-subsidi. Pertamax (RON 92) menjadi Rp12.300, sebelumnya R..."
BudakBaonkX,BBM,PRODUCT,"@mas_veel Pertamina menaikkan hrga BBM non-subsidi. Pertamax (RON 92) menjadi Rp12.300, sebelumnya R..."
BudakBaonkX,RON,ORGANIZATION,"@mas_veel Pertamina menaikkan hrga BBM non-subsidi. Pertamax (RON 92) menjadi Rp12.300, sebelumnya R..."
Munir_Timur,Bbm,PRODUCT,"Kenapa BBM RI Tidak Naik?

Harga BBM tidak naik bukan karena tekanan global rendah. Justru karena AP..."
Munir_Timur,Apbn,ORGANIZATION,"Kenapa BBM RI Tidak Naik?

Harga BBM tidak naik bukan karena tekanan global rendah. Justru karena AP..."
Munir_Timur,BBM,PRODUCT,"Kenapa BBM RI Tidak Naik?

Harga BBM tidak naik bukan karena tekanan global rendah. Justru karena AP..."
Munir_Timur,RI,ORGANIZATION,"Kenapa BBM RI Tidak Naik?

Harga BBM tidak naik bukan karena tekanan global rendah. Justru karena AP..."
Munir_Timur,APBN,ORGANIZATION,"Kenapa BBM RI Tidak Naik?

Harga BBM tidak naik bukan karena tekanan global rendah. Justru karena AP..."
Eveloph,Indonesia,LOCATION,"@junk_kiss @tagarabak Bbm non subsidi di Indonesia udah naik 1 maret yg lalu mas, dan bbm subsidi ku..."
Eveloph,Bbm,PRODUCT,"@junk_kiss @tagarabak Bbm non subsidi di Indonesia udah naik 1 maret yg lalu mas, dan bbm subsidi ku..."
Multipolar_04,Pertalite,PRODUCT,"POIN UTAMA-nya adalah SUBSIDI yang diberikan oleh Pemerintah, khususnya untuk jenis BBM bersubsidi s..."
Multipolar_04,Solar,PRODUCT,"POIN UTAMA-nya adalah SUBSIDI yang diberikan oleh Pemerintah, khususnya untuk jenis BBM bersubsidi s..."
Multipolar_04,Bbm,PRODUCT,"POIN UTAMA-nya adalah SUBSIDI yang diberikan oleh Pemerintah, khususnya untuk jenis BBM bersubsidi s..."
Multipolar_04,POIN,ORGANIZATION,"POIN UTAMA-nya adalah SUBSIDI yang diberikan oleh Pemerintah, khususnya untuk jenis BBM bersubsidi s..."
Multipolar_04,UTAMA,ORGANIZATION,"POIN UTAMA-nya adalah SUBSIDI yang diberikan oleh Pemerintah, khususnya untuk jenis BBM bersubsidi s..."
Multipolar_04,SUBSIDI,ORGANIZATION,"POIN UTAMA-nya adalah SUBSIDI yang diberikan oleh Pemerintah, khususnya untuk jenis BBM bersubsidi s..."
Multipolar_04,BBM,PRODUCT,"POIN UTAMA-nya adalah SUBSIDI yang diberikan oleh Pemerintah, khususnya untuk jenis BBM bersubsidi s..."
Dedy44169434,Mlysia,LOCATION,"@RD_4WR1212 Jgn dulu berasumsi, tggu  1 april krn biasa pertamina merubah harga tiap tgl 1. Klo pert..."
Dedy44169434,Pertalite,PRODUCT,"@RD_4WR1212 Jgn dulu berasumsi, tggu  1 april krn biasa pertamina merubah harga tiap tgl 1. Klo pert..."
Dedy44169434,Bbm,PRODUCT,"@RD_4WR1212 Jgn dulu berasumsi, tggu  1 april krn biasa pertamina merubah harga tiap tgl 1. Klo pert..."
Dedy44169434,Pertamina,ORGANIZATION,"@RD_4WR1212 Jgn dulu berasumsi, tggu  1 april krn biasa pertamina merubah harga tiap tgl 1. Klo pert..."
david_saleko,Lpg,PRODUCT,@investorgabut Tunggu sampai April..gw bilang jago kalo April gak non subsidi naik signifikan sama g...
david_saleko,Bbm,PRODUCT,@investorgabut Tunggu sampai April..gw bilang jago kalo April gak non subsidi naik signifikan sama g...
david_saleko,BBM,PRODUCT,@investorgabut Tunggu sampai April..gw bilang jago kalo April gak non subsidi naik signifikan sama g...
david_saleko,LPG,PRODUCT,@investorgabut Tunggu sampai April..gw bilang jago kalo April gak non subsidi naik signifikan sama g...
marSyaheedAS,Malaysia,LOCATION,@ProdArchitech @The_RedsIndo Indonesia ga naik juga udah lebih mahal dari Malaysia BBMnya. Apalagi B...
marSyaheedAS,Bbm,PRODUCT,@ProdArchitech @The_RedsIndo Indonesia ga naik juga udah lebih mahal dari Malaysia BBMnya. Apalagi B...
marSyaheedAS,Indonesia,LOCATION,@ProdArchitech @The_RedsIndo Indonesia ga naik juga udah lebih mahal dari Malaysia BBMnya. Apalagi B...
marSyaheedAS,BBM,PRODUCT,@ProdArchitech @The_RedsIndo Indonesia ga naik juga udah lebih mahal dari Malaysia BBMnya. Apalagi B...
Eveloph,Pertamax,PRODUCT,"@_1ky17 @The_RedsIndo Malaysia BBM subsidi juga ga naik mas, masih sama harganya, kuotanya yg dikura..."
Eveloph,BBM,PRODUCT,"@_1ky17 @The_RedsIndo Malaysia BBM subsidi juga ga naik mas, masih sama harganya, kuotanya yg dikura..."
prapanca78,Bbm,PRODUCT,@tempodotco Gak naik buat BBM bersubsidi tapi langka /kosong....non subsidi menghitung hari naek nya...
prapanca78,BBM,PRODUCT,@tempodotco Gak naik buat BBM bersubsidi tapi langka /kosong....non subsidi menghitung hari naek nya...
indrawxyz,Rp10.000,MONEY,"🚨🇮🇩 Penjual lumpia basah di Tasikmalaya udah ngerti lebih cepet dari lo..

Dia nulis di kertas: ""kar..."
indrawxyz,Rp12.000..,MONEY,"🚨🇮🇩 Penjual lumpia basah di Tasikmalaya udah ngerti lebih cepet dari lo..

Dia nulis di kertas: ""kar..."
indrawxyz,Tasikmalaya,LOCATION,"🚨🇮🇩 Penjual lumpia basah di Tasikmalaya udah ngerti lebih cepet dari lo..

Dia nulis di kertas: ""kar..."
indrawxyz,Iran,LOCATION,"🚨🇮🇩 Penjual lumpia basah di Tasikmalaya udah ngerti lebih cepet dari lo..

Dia nulis di kertas: ""kar..."
cnbcindonesia,Rp22.023,MONEY,"Harga BBM Malaysia Naik Lagi, Bensin Non-Subsidi Tembus Rp22.023/Liter https://t.co/5GYTN6GZK4..."
cnbcindonesia,Tembus Rp,LOCATION,"Harga BBM Malaysia Naik Lagi, Bensin Non-Subsidi Tembus Rp22.023/Liter https://t.co/5GYTN6GZK4..."
cnbcindonesia,Bensin,PRODUCT,"Harga BBM Malaysia Naik Lagi, Bensin Non-Subsidi Tembus Rp22.023/Liter https://t.co/5GYTN6GZK4..."
KerjaHasil_id,Indonesia,LOCATION,"Harga #bbm non subsidi Indonesia naik mulai 2 Maret 2026

Harga BBM di Seluruh SPBU RI Resmi Naik, B..."
KerjaHasil_id,Seluruh,LOCATION,"Harga #bbm non subsidi Indonesia naik mulai 2 Maret 2026

Harga BBM di Seluruh SPBU RI Resmi Naik, B..."
KerjaHasil_id,Bbm,PRODUCT,"Harga #bbm non subsidi Indonesia naik mulai 2 Maret 2026

Harga BBM di Seluruh SPBU RI Resmi Naik, B..."
KerjaHasil_id,BBM,PRODUCT,"Harga #bbm non subsidi Indonesia naik mulai 2 Maret 2026

Harga BBM di Seluruh SPBU RI Resmi Naik, B..."
KerjaHasil_id,SPBU,PRODUCT,"Harga #bbm non subsidi Indonesia naik mulai 2 Maret 2026

Harga BBM di Seluruh SPBU RI Resmi Naik, B..."
KerjaHasil_id,RI,ORGANIZATION,"Harga #bbm non subsidi Indonesia naik mulai 2 Maret 2026

Harga BBM di Seluruh SPBU RI Resmi Naik, B..."
bluekid1991,Bbm,PRODUCT,"@Kudabajingan Ya kalo subsidi hilang kan berarti pemasukannya akan naik, karena yang akan dijual ada..."
bluekid1991,Pertamina,ORGANIZATION,"@Kudabajingan Ya kalo subsidi hilang kan berarti pemasukannya akan naik, karena yang akan dijual ada..."
bluekid1991,Pln,ORGANIZATION,"@Kudabajingan Ya kalo subsidi hilang kan berarti pemasukannya akan naik, karena yang akan dijual ada..."
bluekid1991,PLN,ORGANIZATION,"@Kudabajingan Ya kalo subsidi hilang kan berarti pemasukannya akan naik, karena yang akan dijual ada..."
txtangkringan,Rp10.000,MONEY,"Pemerintah mengunci harga Pertalite di Rp10.000 per liter, dan Solar subsidi di angka Rp6.800 per li..."
txtangkringan,Rp6.800,MONEY,"Pemerintah mengunci harga Pertalite di Rp10.000 per liter, dan Solar subsidi di angka Rp6.800 per li..."
txtangkringan,Rp500,MONEY,"Pemerintah mengunci harga Pertalite di Rp10.000 per liter, dan Solar subsidi di angka Rp6.800 per li..."
txtangkringan,"Rp950,",MONEY,"Pemerintah mengunci harga Pertalite di Rp10.000 per liter, dan Solar subsidi di angka Rp6.800 per li..."
txtangkringan,Rp,LOCATION,"Pemerintah mengunci harga Pertalite di Rp10.000 per liter, dan Solar subsidi di angka Rp6.800 per li..."
txtangkringan,Pertamax,PRODUCT,"Pemerintah mengunci harga Pertalite di Rp10.000 per liter, dan Solar subsidi di angka Rp6.800 per li..."
txtangkringan,Pertalite,PRODUCT,"Pemerintah mengunci harga Pertalite di Rp10.000 per liter, dan Solar subsidi di angka Rp6.800 per li..."
txtangkringan,Solar,PRODUCT,"Pemerintah mengunci harga Pertalite di Rp10.000 per liter, dan Solar subsidi di angka Rp6.800 per li..."
txtangkringan,Dexlite,PRODUCT,"Pemerintah mengunci harga Pertalite di Rp10.000 per liter, dan Solar subsidi di angka Rp6.800 per li..."
txtangkringan,ESDM,ORGANIZATION,"Pemerintah mengunci harga Pertalite di Rp10.000 per liter, dan Solar subsidi di angka Rp6.800 per li..."
aliennrss,Bbm,PRODUCT,"Takut banget abis lebaran Inflasi gede gedean, termasuk harga BBM non subsidi naik tinggi, ekonomi s..."
aliennrss,BBM,PRODUCT,"Takut banget abis lebaran Inflasi gede gedean, termasuk harga BBM non subsidi naik tinggi, ekonomi s..."
tekarok007,Rp19.634.,MONEY,"Sudah naik lagi BBM non subsidi di Malaysia jadi Rp19.634.
Jangan-jangan tiap pekan naik terus harga..."
tekarok007,Malaysia,LOCATION,"Sudah naik lagi BBM non subsidi di Malaysia jadi Rp19.634.
Jangan-jangan tiap pekan naik terus harga..."
tekarok007,Rp,LOCATION,"Sudah naik lagi BBM non subsidi di Malaysia jadi Rp19.634.
Jangan-jangan tiap pekan naik terus harga..."
tekarok007,Bbm,PRODUCT,"Sudah naik lagi BBM non subsidi di Malaysia jadi Rp19.634.
Jangan-jangan tiap pekan naik terus harga..."
tekarok007,Indonesia,LOCATION,"Sudah naik lagi BBM non subsidi di Malaysia jadi Rp19.634.
Jangan-jangan tiap pekan naik terus harga..."
tekarok007,BBM,PRODUCT,"Sudah naik lagi BBM non subsidi di Malaysia jadi Rp19.634.
Jangan-jangan tiap pekan naik terus harga..."
tekarok007,WNI,ORGANIZATION,"Sudah naik lagi BBM non subsidi di Malaysia jadi Rp19.634.
Jangan-jangan tiap pekan naik terus harga..."
Blue_oceanan,Pertalite,PRODUCT,"@Hnirankara After lebaran, kemungkinan naik sih. Bisa jd pertalite  langka, terpaksa beli bbm non su..."
Blue_oceanan,Bbm,PRODUCT,"@Hnirankara After lebaran, kemungkinan naik sih. Bisa jd pertalite  langka, terpaksa beli bbm non su..."
Anak__Ogi,Sumatera,LOCATION,"Seperti biasa, yg salah yg ngamuk. Bahkan korban dikejar sampai dimobil.
@pertamina @bumn_idn

PART ..."
Anak__Ogi,PART,ORGANIZATION,"Seperti biasa, yg salah yg ngamuk. Bahkan korban dikejar sampai dimobil.
@pertamina @bumn_idn

PART ..."
Anak__Ogi,OKNUM,ORGANIZATION,"Seperti biasa, yg salah yg ngamuk. Bahkan korban dikejar sampai dimobil.
@pertamina @bumn_idn

PART ..."
Anak__Ogi,PETUGAS,ORGANIZATION,"Seperti biasa, yg salah yg ngamuk. Bahkan korban dikejar sampai dimobil.
@pertamina @bumn_idn

PART ..."
Anak__Ogi,SPBU,PRODUCT,"Seperti biasa, yg salah yg ngamuk. Bahkan korban dikejar sampai dimobil.
@pertamina @bumn_idn

PART ..."
Anak__Ogi,SOK,ORGANIZATION,"Seperti biasa, yg salah yg ngamuk. Bahkan korban dikejar sampai dimobil.
@pertamina @bumn_idn

PART ..."
Anak__Ogi,JAGO,ORGANIZATION,"Seperti biasa, yg salah yg ngamuk. Bahkan korban dikejar sampai dimobil.
@pertamina @bumn_idn

PART ..."
Anak__Ogi,DARI,ORGANIZATION,"Seperti biasa, yg salah yg ngamuk. Bahkan korban dikejar sampai dimobil.
@pertamina @bumn_idn

PART ..."
Anak__Ogi,BODY,ORGANIZATION,"Seperti biasa, yg salah yg ngamuk. Bahkan korban dikejar sampai dimobil.
@pertamina @bumn_idn

PART ..."
Anak__Ogi,SHAMING,ORGANIZATION,"Seperti biasa, yg salah yg ngamuk. Bahkan korban dikejar sampai dimobil.
@pertamina @bumn_idn

PART ..."
Anak__Ogi,HINGGA,ORGANIZATION,"Seperti biasa, yg salah yg ngamuk. Bahkan korban dikejar sampai dimobil.
@pertamina @bumn_idn

PART ..."
Anak__Ogi,DUGAAN,ORGANIZATION,"Seperti biasa, yg salah yg ngamuk. Bahkan korban dikejar sampai dimobil.
@pertamina @bumn_idn

PART ..."
Anak__Ogi,PENGANIAYAAN,ORGANIZATION,"Seperti biasa, yg salah yg ngamuk. Bahkan korban dikejar sampai dimobil.
@pertamina @bumn_idn

PART ..."
ferry_hdyt13,Bbm,PRODUCT,"@tempodotco Bbm non subsidi sudah naik, itu artinya kita juga yg bayarin MBG.
Blm lagi dampaknya klu..."
ferry_hdyt13,MBG,ORGANIZATION,"@tempodotco Bbm non subsidi sudah naik, itu artinya kita juga yg bayarin MBG.
Blm lagi dampaknya klu..."
fsaidhamzah,Rp.500,MONEY,"@moyalyubov7 @gnrlfans benar nih, semua harga BBM (subsidi &amp; non subsidi) akan naik +/- Rp.500 s..."
fsaidhamzah,"Rp.1.000,",MONEY,"@moyalyubov7 @gnrlfans benar nih, semua harga BBM (subsidi &amp; non subsidi) akan naik +/- Rp.500 s..."
jawapos,Tidak Naik,LOCATION,"Jelang Lebaran 2026, Pemerintah Pastikan Harga BBM Non-Subsidi Tidak Naik
https://t.co/mSH6WvpG6r..."
jatmikk,$120,MONEY,"@Cryptocium_id Harga minyak $120+ paksa Pertamina kuras cadangan 20 hari. 

Beban subsidi APBN bisa ..."
jatmikk,Rp500,MONEY,"@Cryptocium_id Harga minyak $120+ paksa Pertamina kuras cadangan 20 hari. 

Beban subsidi APBN bisa ..."
jatmikk,Bbm,PRODUCT,"@Cryptocium_id Harga minyak $120+ paksa Pertamina kuras cadangan 20 hari. 

Beban subsidi APBN bisa ..."
jatmikk,Timur Tengah,LOCATION,"@Cryptocium_id Harga minyak $120+ paksa Pertamina kuras cadangan 20 hari. 

Beban subsidi APBN bisa ..."
jatmikk,Pertamina,ORGANIZATION,"@Cryptocium_id Harga minyak $120+ paksa Pertamina kuras cadangan 20 hari. 

Beban subsidi APBN bisa ..."
jatmikk,Apbn,ORGANIZATION,"@Cryptocium_id Harga minyak $120+ paksa Pertamina kuras cadangan 20 hari. 

Beban subsidi APBN bisa ..."
jatmikk,APBN,ORGANIZATION,"@Cryptocium_id Harga minyak $120+ paksa Pertamina kuras cadangan 20 hari. 

Beban subsidi APBN bisa ..."
jatmikk,BBM,PRODUCT,"@Cryptocium_id Harga minyak $120+ paksa Pertamina kuras cadangan 20 hari. 

Beban subsidi APBN bisa ..."
ukhtielya,rp12.300,MONEY,@MiskinTV_ Logikanya bbm subsidi mau naik jd brp ? Scr bbm non subsidi ron 92 rp 12.300 lalu mau har...
ukhtielya,Pertalite,PRODUCT,@MiskinTV_ Logikanya bbm subsidi mau naik jd brp ? Scr bbm non subsidi ron 92 rp 12.300 lalu mau har...
ukhtielya,Bbm,PRODUCT,@MiskinTV_ Logikanya bbm subsidi mau naik jd brp ? Scr bbm non subsidi ron 92 rp 12.300 lalu mau har...
tribunpontianak,Pertalite,PRODUCT,"Resmi Naik Lagi, Harga BBM Pertalite hingga Non-Subsidi saat Lebaran Idul Fitri 2026

Baca: https://..."
LambeSahamjja,Indonesia,LOCATION,"Imbas adanya P*erang yang sedang berlangsung,cadangan BBM di indonesia tinggal bertahan 20 hari saja..."
shintaeffendi,Bbm,PRODUCT,"01/03/2026 Harga BBM non subsidi resmi naik.
https://t.co/XMUT6g0bvg 
Rangkuman: https://t.co/yUCBSm..."
shintaeffendi,BBM,PRODUCT,"01/03/2026 Harga BBM non subsidi resmi naik.
https://t.co/XMUT6g0bvg 
Rangkuman: https://t.co/yUCBSm..."
goldgloryandyou,Artinya,LOCATION,"Apakah biodisel dan bioetanol akan jadi alternatif? 

Biodisel/etanol akan dipake atau jadi alternat..."
goldgloryandyou,Pertamax,PRODUCT,"Apakah biodisel dan bioetanol akan jadi alternatif? 

Biodisel/etanol akan dipake atau jadi alternat..."
goldgloryandyou,Bbm,PRODUCT,"Apakah biodisel dan bioetanol akan jadi alternatif? 

Biodisel/etanol akan dipake atau jadi alternat..."
erocryptoo,US$100,MONEY,"2. Dampak Ekonomi (paling signifikan dan langsung)

🔹Harga minyak dunia melonjak tajam: Analis mempe..."
erocryptoo,US$67,MONEY,"2. Dampak Ekonomi (paling signifikan dan langsung)

🔹Harga minyak dunia melonjak tajam: Analis mempe..."
erocryptoo,Bbm,PRODUCT,"2. Dampak Ekonomi (paling signifikan dan langsung)

🔹Harga minyak dunia melonjak tajam: Analis mempe..."
erocryptoo,US,ORGANIZATION,"2. Dampak Ekonomi (paling signifikan dan langsung)

🔹Harga minyak dunia melonjak tajam: Analis mempe..."
erocryptoo,BBM,PRODUCT,"2. Dampak Ekonomi (paling signifikan dan langsung)

🔹Harga minyak dunia melonjak tajam: Analis mempe..."
rmol_id,Naik Serentak,LOCATION,"Harga BBM Pertamina 1 Maret 2026: Non-Subsidi Naik Serentak, Pertalite Stabil
https://t.co/EMw1YPjZ5..."
rmol_id,Pertalite,PRODUCT,"Harga BBM Pertamina 1 Maret 2026: Non-Subsidi Naik Serentak, Pertalite Stabil
https://t.co/EMw1YPjZ5..."
rmol_id,Bbm,PRODUCT,"Harga BBM Pertamina 1 Maret 2026: Non-Subsidi Naik Serentak, Pertalite Stabil
https://t.co/EMw1YPjZ5..."
rmol_id,Pertamina,ORGANIZATION,"Harga BBM Pertamina 1 Maret 2026: Non-Subsidi Naik Serentak, Pertalite Stabil
https://t.co/EMw1YPjZ5..."
rmol_id,BBM,PRODUCT,"Harga BBM Pertamina 1 Maret 2026: Non-Subsidi Naik Serentak, Pertalite Stabil
https://t.co/EMw1YPjZ5..."
mlakbr,Iran,LOCATION,"Guys bulan puasa ini kemungkinan akan berat bagi kita semua (terutama masyr kelas menegah)

Ini penj..."
KompasTV,Rp10.000,MONEY,"Daftar Penyesuaian Harga BBM Berlaku 1 Maret 2026, Non Subsidi Naik, Pertalite Masih Rp10.000 https:..."
KompasTV,Naik,LOCATION,"Daftar Penyesuaian Harga BBM Berlaku 1 Maret 2026, Non Subsidi Naik, Pertalite Masih Rp10.000 https:..."
KompasTV,Pertalite,PRODUCT,"Daftar Penyesuaian Harga BBM Berlaku 1 Maret 2026, Non Subsidi Naik, Pertalite Masih Rp10.000 https:..."
KompasTV,Bbm,PRODUCT,"Daftar Penyesuaian Harga BBM Berlaku 1 Maret 2026, Non Subsidi Naik, Pertalite Masih Rp10.000 https:..."
KompasTV,BBM,PRODUCT,"Daftar Penyesuaian Harga BBM Berlaku 1 Maret 2026, Non Subsidi Naik, Pertalite Masih Rp10.000 https:..."
Jateng_Twit,Bensin,PRODUCT,"UPDATE HARGA BBM PER 1 MARET 2026 

Semua harga BBM non-subsidi pada semua SPBU baik yang berjenis b..."
Jateng_Twit,UPDATE,ORGANIZATION,"UPDATE HARGA BBM PER 1 MARET 2026 

Semua harga BBM non-subsidi pada semua SPBU baik yang berjenis b..."
Jateng_Twit,PER,ORGANIZATION,"UPDATE HARGA BBM PER 1 MARET 2026 

Semua harga BBM non-subsidi pada semua SPBU baik yang berjenis b..."
Jateng_Twit,MARET,ORGANIZATION,"UPDATE HARGA BBM PER 1 MARET 2026 

Semua harga BBM non-subsidi pada semua SPBU baik yang berjenis b..."
Jateng_Twit,SPBU,PRODUCT,"UPDATE HARGA BBM PER 1 MARET 2026 

Semua harga BBM non-subsidi pada semua SPBU baik yang berjenis b..."
jatmikk,Pertalite,PRODUCT,"@zakiberkata Prediksi langkah Pemerintah 2026:

​BBM Non-Subsidi naik seketika ikuti harga global.

..."
jatmikk,Solar,PRODUCT,"@zakiberkata Prediksi langkah Pemerintah 2026:

​BBM Non-Subsidi naik seketika ikuti harga global.

..."
jatmikk,BLT,ORGANIZATION,"@zakiberkata Prediksi langkah Pemerintah 2026:

​BBM Non-Subsidi naik seketika ikuti harga global.

..."
blackkuromee,Bbm,PRODUCT,We all should be scared guys. MBG ini ga cuma berdampak non-multiplier effect ke perekonomian di mas...
blackkuromee,MBG,ORGANIZATION,We all should be scared guys. MBG ini ga cuma berdampak non-multiplier effect ke perekonomian di mas...
blackkuromee,PNBP,ORGANIZATION,We all should be scared guys. MBG ini ga cuma berdampak non-multiplier effect ke perekonomian di mas...
Heraloebss,Indonesia,LOCATION,BREAKING NEWS— Mafia Minyak yang sudah bertahun-tahun mencekik rakyat Indonesia dengan membuat harga...
Heraloebss,BREAKING,ORGANIZATION,BREAKING NEWS— Mafia Minyak yang sudah bertahun-tahun mencekik rakyat Indonesia dengan membuat harga...
Heraloebss,NEWS,ORGANIZATION,BREAKING NEWS— Mafia Minyak yang sudah bertahun-tahun mencekik rakyat Indonesia dengan membuat harga...
nocturnalcutie,Bbm,PRODUCT,"bbm non subsidi turun.

kmrn malem aku isi, kirain bakal naik ke 13 ribuan lg ternyata hari ini turu..."
detikfinance,Naik,LOCATION,"Distribusi BBM-LPG Terjaga Sepanjang 2025, Konsumsi Non-Subsidi Naik https://t.co/209GX07TfP..."
detikfinance,Lpg,PRODUCT,"Distribusi BBM-LPG Terjaga Sepanjang 2025, Konsumsi Non-Subsidi Naik https://t.co/209GX07TfP..."
detikfinance,LPG,PRODUCT,"Distribusi BBM-LPG Terjaga Sepanjang 2025, Konsumsi Non-Subsidi Naik https://t.co/209GX07TfP..."
arman041411,Paket,PERSON,"@Mdy_Asmara1701 Brutal nya negara ini 
Bantuan kena PAJAK @Menkeu 
Paket internet @Telkomsel semakin..."
arman041411,Lpg,PRODUCT,"@Mdy_Asmara1701 Brutal nya negara ini 
Bantuan kena PAJAK @Menkeu 
Paket internet @Telkomsel semakin..."
arman041411,Pertamina,ORGANIZATION,"@Mdy_Asmara1701 Brutal nya negara ini 
Bantuan kena PAJAK @Menkeu 
Paket internet @Telkomsel semakin..."
arman041411,PAJAK,ORGANIZATION,"@Mdy_Asmara1701 Brutal nya negara ini 
Bantuan kena PAJAK @Menkeu 
Paket internet @Telkomsel semakin..."
arman041411,LPG,PRODUCT,"@Mdy_Asmara1701 Brutal nya negara ini 
Bantuan kena PAJAK @Menkeu 
Paket internet @Telkomsel semakin..."
Aceh,Bbm,PRODUCT,Media Internasional: Terancam kelaparan Warga terdampak banjir–longsor di wilayah Tengah Aceh (Gayo)...
Aceh,Aceh,LOCATION,Media Internasional: Terancam kelaparan Warga terdampak banjir–longsor di wilayah Tengah Aceh (Gayo)...
Aceh,BBM,PRODUCT,Media Internasional: Terancam kelaparan Warga terdampak banjir–longsor di wilayah Tengah Aceh (Gayo)...
Legislator75,Bbm,PRODUCT,"@KangSemproel BBM subsidi hilang di spbu, pas mau ngantri abiiis..bis bis..pindah ke non subsidi nai..."
Legislator75,BBM,PRODUCT,"@KangSemproel BBM subsidi hilang di spbu, pas mau ngantri abiiis..bis bis..pindah ke non subsidi nai..."
pertamina,Bbm,PRODUCT,"Pertamina memastikan SPBU tetap aman beroperasi, harga BBM non-subsidi tidak naik, dan distribusi en..."
pertamina,Pertamina,ORGANIZATION,"Pertamina memastikan SPBU tetap aman beroperasi, harga BBM non-subsidi tidak naik, dan distribusi en..."
pertamina,SPBU,PRODUCT,"Pertamina memastikan SPBU tetap aman beroperasi, harga BBM non-subsidi tidak naik, dan distribusi en..."
pertamina,BBM,PRODUCT,"Pertamina memastikan SPBU tetap aman beroperasi, harga BBM non-subsidi tidak naik, dan distribusi en..."
detikfinance,Seluruh Indonesia,LOCATION,"Mulai Desember, Tarif BBM Non-Subsidi Naik di Seluruh Indonesia https://t.co/VMms0QYXJ4..."
detikfinance,Indonesia,LOCATION,"Mulai Desember, Tarif BBM Non-Subsidi Naik di Seluruh Indonesia https://t.co/VMms0QYXJ4..."
zhil_arf,Indonesia,LOCATION,"Tanpa Suharto, tiada Habibie. Ternyata tokoh Islam alternatif yang dapat menggantikan Habibie adalah..."
zhil_arf,ICMI,ORGANIZATION,"Tanpa Suharto, tiada Habibie. Ternyata tokoh Islam alternatif yang dapat menggantikan Habibie adalah..."
infomjkt,Pertamax,PRODUCT,"KOMPAK MERAH MEMBARA ALIAS NAIK HARGA!

Mengutip sumber terkait, BBM NON SUBSIDI alami kenaikan harg..."
infomjkt,Pertalite,PRODUCT,"KOMPAK MERAH MEMBARA ALIAS NAIK HARGA!

Mengutip sumber terkait, BBM NON SUBSIDI alami kenaikan harg..."
infomjkt,Bbm,PRODUCT,"KOMPAK MERAH MEMBARA ALIAS NAIK HARGA!

Mengutip sumber terkait, BBM NON SUBSIDI alami kenaikan harg..."
infomjkt,Bensin,PRODUCT,"KOMPAK MERAH MEMBARA ALIAS NAIK HARGA!

Mengutip sumber terkait, BBM NON SUBSIDI alami kenaikan harg..."
infomjkt,KOMPAK,ORGANIZATION,"KOMPAK MERAH MEMBARA ALIAS NAIK HARGA!

Mengutip sumber terkait, BBM NON SUBSIDI alami kenaikan harg..."
infomjkt,MERAH,ORGANIZATION,"KOMPAK MERAH MEMBARA ALIAS NAIK HARGA!

Mengutip sumber terkait, BBM NON SUBSIDI alami kenaikan harg..."
infomjkt,MEMBARA,ORGANIZATION,"KOMPAK MERAH MEMBARA ALIAS NAIK HARGA!

Mengutip sumber terkait, BBM NON SUBSIDI alami kenaikan harg..."
infomjkt,ALIAS,ORGANIZATION,"KOMPAK MERAH MEMBARA ALIAS NAIK HARGA!

Mengutip sumber terkait, BBM NON SUBSIDI alami kenaikan harg..."
infomjkt,NAIK,ORGANIZATION,"KOMPAK MERAH MEMBARA ALIAS NAIK HARGA!

Mengutip sumber terkait, BBM NON SUBSIDI alami kenaikan harg..."
infomjkt,HARGA,ORGANIZATION,"KOMPAK MERAH MEMBARA ALIAS NAIK HARGA!

Mengutip sumber terkait, BBM NON SUBSIDI alami kenaikan harg..."
infomjkt,BBM,PRODUCT,"KOMPAK MERAH MEMBARA ALIAS NAIK HARGA!

Mengutip sumber terkait, BBM NON SUBSIDI alami kenaikan harg..."
infomjkt,NON,ORGANIZATION,"KOMPAK MERAH MEMBARA ALIAS NAIK HARGA!

Mengutip sumber terkait, BBM NON SUBSIDI alami kenaikan harg..."
infomjkt,SUBSIDI,ORGANIZATION,"KOMPAK MERAH MEMBARA ALIAS NAIK HARGA!

Mengutip sumber terkait, BBM NON SUBSIDI alami kenaikan harg..."
hrdbacot,Bbm,PRODUCT,Pagiiii. BBM non Subsidi per bulan ini naik yaa~ https://t.co/NQdz4JmWj6...
hrdbacot,BBM,PRODUCT,Pagiiii. BBM non Subsidi per bulan ini naik yaa~ https://t.co/NQdz4JmWj6...
tribunpontianak,Pertamina Terbaru Mulai,LOCATION,"RESMI Harga BBM Subsidi-Non Subsidi Pertamina Terbaru Mulai 1 November 2025, Naik dari Oktober

Baca..."
tribunpontianak,"Oktober

Baca",LOCATION,"RESMI Harga BBM Subsidi-Non Subsidi Pertamina Terbaru Mulai 1 November 2025, Naik dari Oktober

Baca..."
tribunpontianak,RESMI,ORGANIZATION,"RESMI Harga BBM Subsidi-Non Subsidi Pertamina Terbaru Mulai 1 November 2025, Naik dari Oktober

Baca..."
Heraloebss,BLT,ORGANIZATION,"Berikut adalah alasan utama mengapa program BLT masih dipertahankan, berdasarkan pernyataan resmi da..."
LambeResing,Rp100,MONEY,"🚨 UPDATE: Ini dia harga BBM per Oktober 2025, naik!

Seluruh BBM swasta dan diesel non subsidi menye..."
LambeResing,UPDATE,ORGANIZATION,"🚨 UPDATE: Ini dia harga BBM per Oktober 2025, naik!

Seluruh BBM swasta dan diesel non subsidi menye..."
hasyimmah,Pertamax,PRODUCT,"Istri dan anak saya marah-marah karena SPBU Shell nggak jualan, katanya kosong.

""Orang nggak mau be..."
hasyimmah,SPBU,PRODUCT,"Istri dan anak saya marah-marah karena SPBU Shell nggak jualan, katanya kosong.

""Orang nggak mau be..."
EfriSafitra1,Pertamina,ORGANIZATION,"@kompascom Ya Pertamina tdk monopoli, tp pemerintahlah  ""mencekik"" Swasta dgn aturannya,  krn salah ..."
minionsthe6,Bbm,PRODUCT,@KangSemproel @budmul80 @rasjawa @LafaWindy kemarin @pertamina anda bilang penjualan BBM non subsidi...
minionsthe6,Pertamina,ORGANIZATION,@KangSemproel @budmul80 @rasjawa @LafaWindy kemarin @pertamina anda bilang penjualan BBM non subsidi...
minionsthe6,BBM,PRODUCT,@KangSemproel @budmul80 @rasjawa @LafaWindy kemarin @pertamina anda bilang penjualan BBM non subsidi...
officialinews_,Bbm,PRODUCT,Menteri ESDM Bahlil Lahadalia menegaskan tidak akan membuka tambahan impor BBM non-subsidi untuk SPB...
officialinews_,Bahlil,PERSON,Menteri ESDM Bahlil Lahadalia menegaskan tidak akan membuka tambahan impor BBM non-subsidi untuk SPB...
officialinews_,ESDM,ORGANIZATION,Menteri ESDM Bahlil Lahadalia menegaskan tidak akan membuka tambahan impor BBM non-subsidi untuk SPB...
officialinews_,BBM,PRODUCT,Menteri ESDM Bahlil Lahadalia menegaskan tidak akan membuka tambahan impor BBM non-subsidi untuk SPB...
officialinews_,SPBU,PRODUCT,Menteri ESDM Bahlil Lahadalia menegaskan tidak akan membuka tambahan impor BBM non-subsidi untuk SPB...
varreldept,Keuangan,PERSON,"@Najazi731 @ucshaken GUA KASIH 7 BRO SISANYA BREAKDOWN SENDIRI WKWK

Sri Mulyani selama menjabat seb..."
varreldept,Indonesia,LOCATION,"@Najazi731 @ucshaken GUA KASIH 7 BRO SISANYA BREAKDOWN SENDIRI WKWK

Sri Mulyani selama menjabat seb..."
varreldept,Jokowi,PERSON,"@Najazi731 @ucshaken GUA KASIH 7 BRO SISANYA BREAKDOWN SENDIRI WKWK

Sri Mulyani selama menjabat seb..."
varreldept,GUA,ORGANIZATION,"@Najazi731 @ucshaken GUA KASIH 7 BRO SISANYA BREAKDOWN SENDIRI WKWK

Sri Mulyani selama menjabat seb..."
varreldept,KASIH,ORGANIZATION,"@Najazi731 @ucshaken GUA KASIH 7 BRO SISANYA BREAKDOWN SENDIRI WKWK

Sri Mulyani selama menjabat seb..."
varreldept,BRO,ORGANIZATION,"@Najazi731 @ucshaken GUA KASIH 7 BRO SISANYA BREAKDOWN SENDIRI WKWK

Sri Mulyani selama menjabat seb..."
varreldept,SISANYA,ORGANIZATION,"@Najazi731 @ucshaken GUA KASIH 7 BRO SISANYA BREAKDOWN SENDIRI WKWK

Sri Mulyani selama menjabat seb..."
varreldept,BREAKDOWN,ORGANIZATION,"@Najazi731 @ucshaken GUA KASIH 7 BRO SISANYA BREAKDOWN SENDIRI WKWK

Sri Mulyani selama menjabat seb..."
varreldept,SENDIRI,ORGANIZATION,"@Najazi731 @ucshaken GUA KASIH 7 BRO SISANYA BREAKDOWN SENDIRI WKWK

Sri Mulyani selama menjabat seb..."
varreldept,WKWK,ORGANIZATION,"@Najazi731 @ucshaken GUA KASIH 7 BRO SISANYA BREAKDOWN SENDIRI WKWK

Sri Mulyani selama menjabat seb..."
varreldept,SBY,ORGANIZATION,"@Najazi731 @ucshaken GUA KASIH 7 BRO SISANYA BREAKDOWN SENDIRI WKWK

Sri Mulyani selama menjabat seb..."
inilahdotcom,Rp12.200,MONEY,"Harga BBM Non-Subsidi September 2025

Mulai 1 September 2025, seluruh produsen BBM di Indonesia resm..."
inilahdotcom,Rp12.580,MONEY,"Harga BBM Non-Subsidi September 2025

Mulai 1 September 2025, seluruh produsen BBM di Indonesia resm..."
inilahdotcom,Rp12.610,MONEY,"Harga BBM Non-Subsidi September 2025

Mulai 1 September 2025, seluruh produsen BBM di Indonesia resm..."
inilahdotcom,Rp60,MONEY,"Harga BBM Non-Subsidi September 2025

Mulai 1 September 2025, seluruh produsen BBM di Indonesia resm..."
inilahdotcom,September,LOCATION,"Harga BBM Non-Subsidi September 2025

Mulai 1 September 2025, seluruh produsen BBM di Indonesia resm..."
inilahdotcom,Indonesia,LOCATION,"Harga BBM Non-Subsidi September 2025

Mulai 1 September 2025, seluruh produsen BBM di Indonesia resm..."
inilahdotcom,Pertamina,LOCATION,"Harga BBM Non-Subsidi September 2025

Mulai 1 September 2025, seluruh produsen BBM di Indonesia resm..."
inilahdotcom,BP,ORGANIZATION,"Harga BBM Non-Subsidi September 2025

Mulai 1 September 2025, seluruh produsen BBM di Indonesia resm..."
informasicom,Pertamax,PRODUCT,"Pertamina menyesuaikan harga BBM non subsidi, Pertamax Turbo naik sedangkan Pertamax Green turun. ht..."
informasicom,Pertamax Green,PRODUCT,"Pertamina menyesuaikan harga BBM non subsidi, Pertamax Turbo naik sedangkan Pertamax Green turun. ht..."
informasicom,Pertamax Turbo,PRODUCT,"Pertamina menyesuaikan harga BBM non subsidi, Pertamax Turbo naik sedangkan Pertamax Green turun. ht..."
informasicom,Bbm,PRODUCT,"Pertamina menyesuaikan harga BBM non subsidi, Pertamax Turbo naik sedangkan Pertamax Green turun. ht..."
informasicom,Pertamina,ORGANIZATION,"Pertamina menyesuaikan harga BBM non subsidi, Pertamax Turbo naik sedangkan Pertamax Green turun. ht..."
informasicom,BBM,PRODUCT,"Pertamina menyesuaikan harga BBM non subsidi, Pertamax Turbo naik sedangkan Pertamax Green turun. ht..."
innovacommunity,Bbm,PRODUCT,"Harga BBM non subsidi terbaru.

Diesel naik semua😭 https://t.co/P7pAZEay12..."
innovacommunity,BBM,PRODUCT,"Harga BBM non subsidi terbaru.

Diesel naik semua😭 https://t.co/P7pAZEay12..."
RadioElshinta,Rp12.500,MONEY,"Harga BBM Pertamina non subsidi per 1 Juli 2025 resmi naik. SPBU swasta seperti Shell, Vivo dan BP-A..."
RadioElshinta,"Rp12.100,",MONEY,"Harga BBM Pertamina non subsidi per 1 Juli 2025 resmi naik. SPBU swasta seperti Shell, Vivo dan BP-A..."
RadioElshinta,Rp13.250,MONEY,"Harga BBM Pertamina non subsidi per 1 Juli 2025 resmi naik. SPBU swasta seperti Shell, Vivo dan BP-A..."
RadioElshinta,"Rp12.800,",MONEY,"Harga BBM Pertamina non subsidi per 1 Juli 2025 resmi naik. SPBU swasta seperti Shell, Vivo dan BP-A..."
RadioElshinta,SPBU,PRODUCT,"Harga BBM Pertamina non subsidi per 1 Juli 2025 resmi naik. SPBU swasta seperti Shell, Vivo dan BP-A..."
RadioElshinta,BP,ORGANIZATION,"Harga BBM Pertamina non subsidi per 1 Juli 2025 resmi naik. SPBU swasta seperti Shell, Vivo dan BP-A..."
RadioElshinta,AKR,ORGANIZATION,"Harga BBM Pertamina non subsidi per 1 Juli 2025 resmi naik. SPBU swasta seperti Shell, Vivo dan BP-A..."
detikfinance,"Rp6.800,",MONEY,"Harga BBM solar di Indonesia naik, termasuk di SPBU Pertamina, Shell, VIVO, dan BP. Biosolar tetap R..."
detikfinance,Solar,PRODUCT,"Harga BBM solar di Indonesia naik, termasuk di SPBU Pertamina, Shell, VIVO, dan BP. Biosolar tetap R..."
detikfinance,Pertamina,ORGANIZATION,"Harga BBM solar di Indonesia naik, termasuk di SPBU Pertamina, Shell, VIVO, dan BP. Biosolar tetap R..."
detikfinance,SPBU,PRODUCT,"Harga BBM solar di Indonesia naik, termasuk di SPBU Pertamina, Shell, VIVO, dan BP. Biosolar tetap R..."
detikfinance,VIVO,ORGANIZATION,"Harga BBM solar di Indonesia naik, termasuk di SPBU Pertamina, Shell, VIVO, dan BP. Biosolar tetap R..."
detikfinance,BP,ORGANIZATION,"Harga BBM solar di Indonesia naik, termasuk di SPBU Pertamina, Shell, VIVO, dan BP. Biosolar tetap R..."
infomjkt,Rp400,MONEY,"KOMPAK NAIK

Kenaikan harga BBM Non Subsidi mengawali bulan Juli 2025. Berkisar antara Rp 400 - Rp 5..."
infomjkt,Rp590,MONEY,"KOMPAK NAIK

Kenaikan harga BBM Non Subsidi mengawali bulan Juli 2025. Berkisar antara Rp 400 - Rp 5..."
Harian_Jogja,Rp12.500,MONEY,"Harga BBM Non Subsidi di Jogja Naik per Juli 2025, Pertamax Kini Rp12.500 per Liter
https://t.co/e2Y..."
Harian_Jogja,Jogja Naik,LOCATION,"Harga BBM Non Subsidi di Jogja Naik per Juli 2025, Pertamax Kini Rp12.500 per Liter
https://t.co/e2Y..."
Harian_Jogja,Pertamax,PRODUCT,"Harga BBM Non Subsidi di Jogja Naik per Juli 2025, Pertamax Kini Rp12.500 per Liter
https://t.co/e2Y..."
Harian_Jogja,Bbm,PRODUCT,"Harga BBM Non Subsidi di Jogja Naik per Juli 2025, Pertamax Kini Rp12.500 per Liter
https://t.co/e2Y..."
Harian_Jogja,BBM,PRODUCT,"Harga BBM Non Subsidi di Jogja Naik per Juli 2025, Pertamax Kini Rp12.500 per Liter
https://t.co/e2Y..."
penumpangbus,Bbm,PRODUCT,"Sesuai prediksi, hari ini harga BBM non-subsidi naik.

Untung kemarin udah isi full tank 🤭..."
penumpangbus,BBM,PRODUCT,"Sesuai prediksi, hari ini harga BBM non-subsidi naik.

Untung kemarin udah isi full tank 🤭..."
sosmednonformal,Rp12.500,MONEY,"Mulai 1 Juli 2025, harga BBM non subsidi di SPBU Pertamina resmi naik.

Di DKI Jakarta, Pertamax kin..."
sosmednonformal,Rp12.100.,MONEY,"Mulai 1 Juli 2025, harga BBM non subsidi di SPBU Pertamina resmi naik.

Di DKI Jakarta, Pertamax kin..."
sosmednonformal,Pertamax,PRODUCT,"Mulai 1 Juli 2025, harga BBM non subsidi di SPBU Pertamina resmi naik.

Di DKI Jakarta, Pertamax kin..."
sosmednonformal,Bbm,PRODUCT,"Mulai 1 Juli 2025, harga BBM non subsidi di SPBU Pertamina resmi naik.

Di DKI Jakarta, Pertamax kin..."
sosmednonformal,Jakarta,LOCATION,"Mulai 1 Juli 2025, harga BBM non subsidi di SPBU Pertamina resmi naik.

Di DKI Jakarta, Pertamax kin..."
sosmednonformal,Pertamina,ORGANIZATION,"Mulai 1 Juli 2025, harga BBM non subsidi di SPBU Pertamina resmi naik.

Di DKI Jakarta, Pertamax kin..."
sosmednonformal,BBM,PRODUCT,"Mulai 1 Juli 2025, harga BBM non subsidi di SPBU Pertamina resmi naik.

Di DKI Jakarta, Pertamax kin..."
sosmednonformal,SPBU,PRODUCT,"Mulai 1 Juli 2025, harga BBM non subsidi di SPBU Pertamina resmi naik.

Di DKI Jakarta, Pertamax kin..."
sosmednonformal,DKI,ORGANIZATION,"Mulai 1 Juli 2025, harga BBM non subsidi di SPBU Pertamina resmi naik.

Di DKI Jakarta, Pertamax kin..."
AskPerplexity,Indonesia,LOCATION,"@kusput25 @thesaviour Harga minyak dunia memang sangat berpengaruh ke harga minyak di Indonesia, ter..."
AskPerplexity,Bbm,PRODUCT,"@kusput25 @thesaviour Harga minyak dunia memang sangat berpengaruh ke harga minyak di Indonesia, ter..."
AskPerplexity,Minyak Mentah,PRODUCT,"@kusput25 @thesaviour Harga minyak dunia memang sangat berpengaruh ke harga minyak di Indonesia, ter..."
AskPerplexity,BBM,PRODUCT,"@kusput25 @thesaviour Harga minyak dunia memang sangat berpengaruh ke harga minyak di Indonesia, ter..."
hazmi_ash,Bbm,PRODUCT,Emang negara ini bisa ngasih apa lagi selain LPDP ke kelas menengah pembayar pajak? Sekolah negeri f...
hazmi_ash,LPDP,ORGANIZATION,Emang negara ini bisa ngasih apa lagi selain LPDP ke kelas menengah pembayar pajak? Sekolah negeri f...
hazmi_ash,BBM,PRODUCT,Emang negara ini bisa ngasih apa lagi selain LPDP ke kelas menengah pembayar pajak? Sekolah negeri f...
Razieq97,Setelah,LOCATION,"@AdhieMassardi Setelah menaikkan BBM, kemudian dibuat Peraturan untuk mencekik rakyat, dengan cara m..."
Razieq97,Bbm,PRODUCT,"@AdhieMassardi Setelah menaikkan BBM, kemudian dibuat Peraturan untuk mencekik rakyat, dengan cara m..."
Razieq97,Pertamina,ORGANIZATION,"@AdhieMassardi Setelah menaikkan BBM, kemudian dibuat Peraturan untuk mencekik rakyat, dengan cara m..."
Razieq97,BBM,PRODUCT,"@AdhieMassardi Setelah menaikkan BBM, kemudian dibuat Peraturan untuk mencekik rakyat, dengan cara m..."
Razieq97,SPBU,PRODUCT,"@AdhieMassardi Setelah menaikkan BBM, kemudian dibuat Peraturan untuk mencekik rakyat, dengan cara m..."
seringham62617,Bbm,PRODUCT,"@erickthohir Setelah kasus korupsi di PT Pertamina terbongkar, tidak ada alasan lagi untuk mempertah..."
seringham62617,Pertamina,ORGANIZATION,"@erickthohir Setelah kasus korupsi di PT Pertamina terbongkar, tidak ada alasan lagi untuk mempertah..."
seringham62617,PT,ORGANIZATION,"@erickthohir Setelah kasus korupsi di PT Pertamina terbongkar, tidak ada alasan lagi untuk mempertah..."
seringham62617,BBM,PRODUCT,"@erickthohir Setelah kasus korupsi di PT Pertamina terbongkar, tidak ada alasan lagi untuk mempertah..."
saopenabaca,Pertamax,PRODUCT,"@geloraco Ko BBM langkah dan tiba² harga naik, seperti Pertamax &amp; BBM lainnya dr non pemerintah...."
saopenabaca,Bbm,PRODUCT,"@geloraco Ko BBM langkah dan tiba² harga naik, seperti Pertamax &amp; BBM lainnya dr non pemerintah...."
saopenabaca,BBM,PRODUCT,"@geloraco Ko BBM langkah dan tiba² harga naik, seperti Pertamax &amp; BBM lainnya dr non pemerintah...."
HinoBalap,Bbm,PRODUCT,"Belom setahun kerja, udah nganeh2 aja
- Pengurangan operasional transportasi umum (khususnya BisKita..."
HinoBalap,BBM,PRODUCT,"Belom setahun kerja, udah nganeh2 aja
- Pengurangan operasional transportasi umum (khususnya BisKita..."
raihanaditya86,Bbm,PRODUCT,"@innovacommunity Bbm non subsidi harusnya ikutin harga minyak dunia. Tp di indo nggak ngaruh, minyak..."
suaminyafanny,Lpg,PRODUCT,"@e100ss LPG naik, beberapa bahan pokok juga naik, air mineral naik, bbm non subsidi juga naik.
Oh iy..."
suaminyafanny,Bbm,PRODUCT,"@e100ss LPG naik, beberapa bahan pokok juga naik, air mineral naik, bbm non subsidi juga naik.
Oh iy..."
suaminyafanny,LPG,PRODUCT,"@e100ss LPG naik, beberapa bahan pokok juga naik, air mineral naik, bbm non subsidi juga naik.
Oh iy..."
SINDOnews,Naik,LOCATION,"Harga BBM Non-Subsidi Naik, Ini Cara Hemat Bensin Motor
https://t.co/QEVoJJmg85..."
SINDOnews,Bensin,PRODUCT,"Harga BBM Non-Subsidi Naik, Ini Cara Hemat Bensin Motor
https://t.co/QEVoJJmg85..."
e100ss,Bbm,PRODUCT,Memasuki tahun 2025 ada sejumlah informasi baru seputar kenaikan harga Bahan Bakar Minyak (BBM) non ...
e100ss,Indonesia,LOCATION,Memasuki tahun 2025 ada sejumlah informasi baru seputar kenaikan harga Bahan Bakar Minyak (BBM) non ...
e100ss,BBM,PRODUCT,Memasuki tahun 2025 ada sejumlah informasi baru seputar kenaikan harga Bahan Bakar Minyak (BBM) non ...
e100ss,SPBU,PRODUCT,Memasuki tahun 2025 ada sejumlah informasi baru seputar kenaikan harga Bahan Bakar Minyak (BBM) non ...
vangkitongki,Pertamina,LOCATION,"@idextratime Ini yg pada marah² ga tau ya, kalo tiap tanggal 1 eti ngepost update perubahan harga BB..."
vangkitongki,Pertalite,PRODUCT,"@idextratime Ini yg pada marah² ga tau ya, kalo tiap tanggal 1 eti ngepost update perubahan harga BB..."
vangkitongki,Bbm,PRODUCT,"@idextratime Ini yg pada marah² ga tau ya, kalo tiap tanggal 1 eti ngepost update perubahan harga BB..."
vangkitongki,Pertamina,ORGANIZATION,"@idextratime Ini yg pada marah² ga tau ya, kalo tiap tanggal 1 eti ngepost update perubahan harga BB..."
vangkitongki,BBM,PRODUCT,"@idextratime Ini yg pada marah² ga tau ya, kalo tiap tanggal 1 eti ngepost update perubahan harga BB..."
vangkitongki,SPBU,PRODUCT,"@idextratime Ini yg pada marah² ga tau ya, kalo tiap tanggal 1 eti ngepost update perubahan harga BB..."
merapi_uncover,Rp12.100,MONEY,"[Breaking news] NAIK
Kenaikan BBM (hanya) NON SUBSIDI untuk wilayah Daerah Istimewa Yogyakarta mulai..."
merapi_uncover,Rp𝟏𝟐.𝟓𝟎𝟎,MONEY,"[Breaking news] NAIK
Kenaikan BBM (hanya) NON SUBSIDI untuk wilayah Daerah Istimewa Yogyakarta mulai..."
merapi_uncover,Rp13.550,MONEY,"[Breaking news] NAIK
Kenaikan BBM (hanya) NON SUBSIDI untuk wilayah Daerah Istimewa Yogyakarta mulai..."
merapi_uncover,Rp𝟏𝟑.𝟕𝟎𝟎,MONEY,"[Breaking news] NAIK
Kenaikan BBM (hanya) NON SUBSIDI untuk wilayah Daerah Istimewa Yogyakarta mulai..."
merapi_uncover,Rp13.400,MONEY,"[Breaking news] NAIK
Kenaikan BBM (hanya) NON SUBSIDI untuk wilayah Daerah Istimewa Yogyakarta mulai..."
merapi_uncover,Rp𝟏𝟑.𝟔𝟎𝟎,MONEY,"[Breaking news] NAIK
Kenaikan BBM (hanya) NON SUBSIDI untuk wilayah Daerah Istimewa Yogyakarta mulai..."
merapi_uncover,Rp13.800,MONEY,"[Breaking news] NAIK
Kenaikan BBM (hanya) NON SUBSIDI untuk wilayah Daerah Istimewa Yogyakarta mulai..."
merapi_uncover,Pertamax,PRODUCT,"[Breaking news] NAIK
Kenaikan BBM (hanya) NON SUBSIDI untuk wilayah Daerah Istimewa Yogyakarta mulai..."
merapi_uncover,Pertamax Turbo,PRODUCT,"[Breaking news] NAIK
Kenaikan BBM (hanya) NON SUBSIDI untuk wilayah Daerah Istimewa Yogyakarta mulai..."
merapi_uncover,Bbm,PRODUCT,"[Breaking news] NAIK
Kenaikan BBM (hanya) NON SUBSIDI untuk wilayah Daerah Istimewa Yogyakarta mulai..."
merapi_uncover,Pertamina,ORGANIZATION,"[Breaking news] NAIK
Kenaikan BBM (hanya) NON SUBSIDI untuk wilayah Daerah Istimewa Yogyakarta mulai..."
merapi_uncover,NAIK,ORGANIZATION,"[Breaking news] NAIK
Kenaikan BBM (hanya) NON SUBSIDI untuk wilayah Daerah Istimewa Yogyakarta mulai..."
merapi_uncover,BBM,PRODUCT,"[Breaking news] NAIK
Kenaikan BBM (hanya) NON SUBSIDI untuk wilayah Daerah Istimewa Yogyakarta mulai..."
merapi_uncover,NON,ORGANIZATION,"[Breaking news] NAIK
Kenaikan BBM (hanya) NON SUBSIDI untuk wilayah Daerah Istimewa Yogyakarta mulai..."
merapi_uncover,SUBSIDI,ORGANIZATION,"[Breaking news] NAIK
Kenaikan BBM (hanya) NON SUBSIDI untuk wilayah Daerah Istimewa Yogyakarta mulai..."
merapi_uncover,TURBO,ORGANIZATION,"[Breaking news] NAIK
Kenaikan BBM (hanya) NON SUBSIDI untuk wilayah Daerah Istimewa Yogyakarta mulai..."
novembeer8,Bbm,PRODUCT,"@idextratime Padahal BBM non subsidi mah tiap bulan emang naik/turun ngikutin harga minyak dunia, ta..."
novembeer8,BBM,PRODUCT,"@idextratime Padahal BBM non subsidi mah tiap bulan emang naik/turun ngikutin harga minyak dunia, ta..."
Harian_Jogja,Resmi Naik,LOCATION,"Non-subsidi Resmi Naik, Ini Harga Terbaru BBM Mulai 1 Januari 2025 https://t.co/XQVBCuZJn4 https://t..."
StefanAntonio__,Pertamax,PRODUCT,"@Notonogoro67941 Untuk kategori BBM Non Subsidi memang sering turun naik Bro
Karena dipengaruhi lang..."
StefanAntonio__,Bbm,PRODUCT,"@Notonogoro67941 Untuk kategori BBM Non Subsidi memang sering turun naik Bro
Karena dipengaruhi lang..."
StefanAntonio__,Minyak Mentah,PRODUCT,"@Notonogoro67941 Untuk kategori BBM Non Subsidi memang sering turun naik Bro
Karena dipengaruhi lang..."
StefanAntonio__,BBM,PRODUCT,"@Notonogoro67941 Untuk kategori BBM Non Subsidi memang sering turun naik Bro
Karena dipengaruhi lang..."
StefanAntonio__,CNBC,ORGANIZATION,"@Notonogoro67941 Untuk kategori BBM Non Subsidi memang sering turun naik Bro
Karena dipengaruhi lang..."
tekarok007,PPN,ORGANIZATION,"Ironis emang, tapi kenyataan begitu.
Sebagian besar Orang miskin itu lebih banyak belain orang kaya ..."
BeritaJalananID,Naik Lagi,LOCATION,Harga BBM Non-Subsidi Naik Lagi https://t.co/ne6n4BIKBQ...
BeritaJalananID,Bbm,PRODUCT,Harga BBM Non-Subsidi Naik Lagi https://t.co/ne6n4BIKBQ...
BeritaJalananID,BBM,PRODUCT,Harga BBM Non-Subsidi Naik Lagi https://t.co/ne6n4BIKBQ...
al_bataw1,Pertalite,PRODUCT,"Premium menghilang muncul pertalite, yg sering menghilang ketika bbm ""non subsidi"" naik...."
al_bataw1,Bbm,PRODUCT,"Premium menghilang muncul pertalite, yg sering menghilang ketika bbm ""non subsidi"" naik...."
tekarok007,Prabowo,PERSON,"@fe_iman cerdas? masa bilang
""Papua Nugini All in Anies""
""Bintang Bokep dijadikan profesor""
""Nenek O..."
inspired_007,Bbm,PRODUCT,"@V3g3L Minyak dunia turu akibat pasokan berlebih, tapi desember harga bbm non subsidi naik, kan asu...."
VIVAcoid,Pertamina Resmi Naik,LOCATION,"Harga BBM Non Subsidi Pertamina Resmi Naik per 1 Desember 2024, Ini Daftarnya

Link Artikel : https:..."
VIVAcoid,Indonesia,LOCATION,PT Pertamina mengumumkan penyesuaian harga bahan bakar minyak (BBM) per 1 Desember 2024 di seluruh S...
VIVAcoid,Jakarta,LOCATION,PT Pertamina mengumumkan penyesuaian harga bahan bakar minyak (BBM) per 1 Desember 2024 di seluruh S...
VIVAcoid,SPBU,PRODUCT,PT Pertamina mengumumkan penyesuaian harga bahan bakar minyak (BBM) per 1 Desember 2024 di seluruh S...
VIVAcoid,DEX,ORGANIZATION,PT Pertamina mengumumkan penyesuaian harga bahan bakar minyak (BBM) per 1 Desember 2024 di seluruh S...
VIVAcoid,RON,ORGANIZATION,PT Pertamina mengumumkan penyesuaian harga bahan bakar minyak (BBM) per 1 Desember 2024 di seluruh S...
CNNIndonesia,Pertamina Naik,LOCATION,"Resmi, Harga 3 BBM Non Subsidi Pertamina Naik per 1 Desember 2024 https://t.co/L6KxS0YqVZ..."
CNNIndonesia,Bbm,PRODUCT,"Resmi, Harga 3 BBM Non Subsidi Pertamina Naik per 1 Desember 2024 https://t.co/L6KxS0YqVZ..."
CNNIndonesia,Pertamina,ORGANIZATION,"Resmi, Harga 3 BBM Non Subsidi Pertamina Naik per 1 Desember 2024 https://t.co/L6KxS0YqVZ..."
CNNIndonesia,BBM,PRODUCT,"Resmi, Harga 3 BBM Non Subsidi Pertamina Naik per 1 Desember 2024 https://t.co/L6KxS0YqVZ..."
pakmul63,Bbm,PRODUCT,"Mereka bertahan dari badai PHK.  Kalau ojol gunakan bbm non subsidi, maka pilihan tarif naik atau me..."
pakmul63,PHK,ORGANIZATION,"Mereka bertahan dari badai PHK.  Kalau ojol gunakan bbm non subsidi, maka pilihan tarif naik atau me..."
e100ss,Naik Kecuali Pertamax,LOCATION,Pertamina Jatimbalinus Umumkan Evaluasi Harga BBM Non Subsidi Naik Kecuali Pertamax https://t.co/U1H...
e100ss,Pertamax,PRODUCT,Pertamina Jatimbalinus Umumkan Evaluasi Harga BBM Non Subsidi Naik Kecuali Pertamax https://t.co/U1H...
e100ss,Pertamina,ORGANIZATION,Pertamina Jatimbalinus Umumkan Evaluasi Harga BBM Non Subsidi Naik Kecuali Pertamax https://t.co/U1H...
cnbcindonesia,Seluruh,LOCATION,"Harga BBM Non Subsidi di Seluruh SPBU Kompak Naik, ESDM Buka Suara
https://t.co/P4FNyZELK7..."
cnbcindonesia,ESDM,ORGANIZATION,"Harga BBM Non Subsidi di Seluruh SPBU Kompak Naik, ESDM Buka Suara
https://t.co/P4FNyZELK7..."
kompascom,Pertamina,LOCATION,"Berikut rincian harga BBM non-subsidi Pertamina di wilayah Jakarta per 1 November 2024, semua naik k..."
Harian_Jogja,Naik,LOCATION,"Harga BBM Pertamina Non Subsidi Naik per 1 November 2024, Ini Daftarnya https://t.co/cF1LWPXrm5 #ber..."
Harian_Jogja,Pertamina,ORGANIZATION,"Harga BBM Pertamina Non Subsidi Naik per 1 November 2024, Ini Daftarnya https://t.co/cF1LWPXrm5 #ber..."
welly_albinanto,Bbm,PRODUCT,"@mubin_nusantara @ChatibBasri Sebentar, diabaikan gimana. Wong diperhatikan kok. Pajak dibanyakin (N..."
welly_albinanto,TER,ORGANIZATION,"@mubin_nusantara @ChatibBasri Sebentar, diabaikan gimana. Wong diperhatikan kok. Pajak dibanyakin (N..."
welly_albinanto,PPN,ORGANIZATION,"@mubin_nusantara @ChatibBasri Sebentar, diabaikan gimana. Wong diperhatikan kok. Pajak dibanyakin (N..."
welly_albinanto,BBM,PRODUCT,"@mubin_nusantara @ChatibBasri Sebentar, diabaikan gimana. Wong diperhatikan kok. Pajak dibanyakin (N..."
nalar_logis,Pertamax,PRODUCT,"@JuneSky90 @saidiman @prabowo Salah satu ciri demokrasi liberal belum cocok di kita ya begini ini

T..."
nalar_logis,Pertalite,PRODUCT,"@JuneSky90 @saidiman @prabowo Salah satu ciri demokrasi liberal belum cocok di kita ya begini ini

T..."
nalar_logis,Bbm,PRODUCT,"@JuneSky90 @saidiman @prabowo Salah satu ciri demokrasi liberal belum cocok di kita ya begini ini

T..."
nalar_logis,Prabowo,PERSON,"@JuneSky90 @saidiman @prabowo Salah satu ciri demokrasi liberal belum cocok di kita ya begini ini

T..."
nalar_logis,BBM,PRODUCT,"@JuneSky90 @saidiman @prabowo Salah satu ciri demokrasi liberal belum cocok di kita ya begini ini

T..."
okezonenews,Tiba,LOCATION,Fakta Harga BBM Non Subsidi Tiba-Tiba Naik https://t.co/sxrDk1sbWp...
okezonenews,Bbm,PRODUCT,Fakta Harga BBM Non Subsidi Tiba-Tiba Naik https://t.co/sxrDk1sbWp...
okezonenews,BBM,PRODUCT,Fakta Harga BBM Non Subsidi Tiba-Tiba Naik https://t.co/sxrDk1sbWp...
kompascom,Rp13.700,MONEY,BBM non-subsidi jenis Pertamax resmi naik jadi Rp 13.700 karena Pertamina melakukan penyesuaian harg...
RadioElshinta,Rp750,MONEY,PT Pertamina (Persero) melalui PT Pertamina Patra Niaga resmi menaikan harga bahan bakar minyak (BBM...
RadioElshinta,Rp13.700,MONEY,PT Pertamina (Persero) melalui PT Pertamina Patra Niaga resmi menaikan harga bahan bakar minyak (BBM...
RadioElshinta,Rp12.950,MONEY,PT Pertamina (Persero) melalui PT Pertamina Patra Niaga resmi menaikan harga bahan bakar minyak (BBM...
RadioElshinta,Bensin,PRODUCT,PT Pertamina (Persero) melalui PT Pertamina Patra Niaga resmi menaikan harga bahan bakar minyak (BBM...
Harian_Jogja,Pertamina Resmi Naik,LOCATION,"Harga BBM Non Subsidi Pertamina Resmi Naik per 2 Agustus 2024, Berikut Rinciannya! https://t.co/NGH4..."
kompascom,Rp12.950,MONEY,"Semua harga BBM Non Subsidi naik, baik dari Pertamina, Shell, BP, dan Vivo, kecuali Pertamax yang te..."
kompascom,BP,ORGANIZATION,"Semua harga BBM Non Subsidi naik, baik dari Pertamina, Shell, BP, dan Vivo, kecuali Pertamax yang te..."
Nandagustiann,Bbm,PRODUCT,@Aryprasetyo85 @03__nakula @2045Tv @__AnakKolong @_memoryusang @NgkongRoses @Anak__Ogi @AntoniusCDN ...
Nandagustiann,BBM,PRODUCT,@Aryprasetyo85 @03__nakula @2045Tv @__AnakKolong @_memoryusang @NgkongRoses @Anak__Ogi @AntoniusCDN ...
Seputar_Energi_,Pertamina,LOCATION,Tercatat harga BBM Non Subsidi Pertamina stabil nih  sejak Maret 2024 meskipun ICP naik. Pertamina t...
Seputar_Energi_,Pertamina,ORGANIZATION,Tercatat harga BBM Non Subsidi Pertamina stabil nih  sejak Maret 2024 meskipun ICP naik. Pertamina t...
Seputar_Energi_,ICP,ORGANIZATION,Tercatat harga BBM Non Subsidi Pertamina stabil nih  sejak Maret 2024 meskipun ICP naik. Pertamina t...
cnbcindonesia,Kompak Naik,LOCATION,"Video: Tok! Harga BBM Non-Subsidi Kompak Naik
https://t.co/yx8GiFE8y4..."
InfoJktCom,Layak Naik,LOCATION,"Legislator: Harga BBM Non Subsidi Layak Naik agar Tak Bebani APBN  

https://t.co/ZLpOYDMzXo

#Energ..."
InfoJktCom,Apbn,ORGANIZATION,"Legislator: Harga BBM Non Subsidi Layak Naik agar Tak Bebani APBN  

https://t.co/ZLpOYDMzXo

#Energ..."
InfoJktCom,APBN,ORGANIZATION,"Legislator: Harga BBM Non Subsidi Layak Naik agar Tak Bebani APBN  

https://t.co/ZLpOYDMzXo

#Energ..."
VIVAcoid,Pertamina Naik Kecuali Pertamax,LOCATION,"Terbaru! Harga BBM Non Subsidi Pertamina Naik Kecuali Pertamax, Ini Daftarnya https://t.co/CML2nkooI..."
rmol_id,Naik,LOCATION,"Kurangi Beban APBN, Pimpinan Komisi VII Usul Harga BBM Non Subsidi Naik
https://t.co/Q9pG6r0Ahn..."
rmol_id,Apbn,ORGANIZATION,"Kurangi Beban APBN, Pimpinan Komisi VII Usul Harga BBM Non Subsidi Naik
https://t.co/Q9pG6r0Ahn..."
rmol_id,APBN,ORGANIZATION,"Kurangi Beban APBN, Pimpinan Komisi VII Usul Harga BBM Non Subsidi Naik
https://t.co/Q9pG6r0Ahn..."
rmol_id,VII,ORGANIZATION,"Kurangi Beban APBN, Pimpinan Komisi VII Usul Harga BBM Non Subsidi Naik
https://t.co/Q9pG6r0Ahn..."
Seputar_Energi_,Layak Naik,LOCATION,"Legislator: Harga BBM Non Subsidi Layak Naik agar Tak Bebani APBN

https://t.co/KmsS637jZ7

#Energiz..."
Seputar_Energi_,Apbn,ORGANIZATION,"Legislator: Harga BBM Non Subsidi Layak Naik agar Tak Bebani APBN

https://t.co/KmsS637jZ7

#Energiz..."
Seputar_Energi_,APBN,ORGANIZATION,"Legislator: Harga BBM Non Subsidi Layak Naik agar Tak Bebani APBN

https://t.co/KmsS637jZ7

#Energiz..."
VIVAcoid,Layak Naik,LOCATION,"Agar Tak Semakin Bebani APBN, DPR Bilang Harga BBM Non Subsidi Layak Naik https://t.co/OL6fEU8wZN..."
VIVAcoid,Apbn,ORGANIZATION,"Agar Tak Semakin Bebani APBN, DPR Bilang Harga BBM Non Subsidi Layak Naik https://t.co/OL6fEU8wZN..."
VIVAcoid,Dpr,ORGANIZATION,"Agar Tak Semakin Bebani APBN, DPR Bilang Harga BBM Non Subsidi Layak Naik https://t.co/OL6fEU8wZN..."
VIVAcoid,APBN,ORGANIZATION,"Agar Tak Semakin Bebani APBN, DPR Bilang Harga BBM Non Subsidi Layak Naik https://t.co/OL6fEU8wZN..."
VIVAcoid,DPR,ORGANIZATION,"Agar Tak Semakin Bebani APBN, DPR Bilang Harga BBM Non Subsidi Layak Naik https://t.co/OL6fEU8wZN..."
SeninPahing26,Bbm,PRODUCT,"Hadiah agustusan masak naik 🤔
Menurutnya, produk BBM non subsidi lebih baik dilepas sesuai dengan me..."
SeninPahing26,BBM,PRODUCT,"Hadiah agustusan masak naik 🤔
Menurutnya, produk BBM non subsidi lebih baik dilepas sesuai dengan me..."
ThatSun510,Solar,PRODUCT,"Pak @jokowi &amp; @luhut_binsar, silahkan hapus subsidi bbm tapi buktikan dulu rupiah menguat &amp; ..."
ThatSun510,Bbm,PRODUCT,"Pak @jokowi &amp; @luhut_binsar, silahkan hapus subsidi bbm tapi buktikan dulu rupiah menguat &amp; ..."
ThatSun510,Jawa,LOCATION,"Pak @jokowi &amp; @luhut_binsar, silahkan hapus subsidi bbm tapi buktikan dulu rupiah menguat &amp; ..."
ThatSun510,Jokowi,PERSON,"Pak @jokowi &amp; @luhut_binsar, silahkan hapus subsidi bbm tapi buktikan dulu rupiah menguat &amp; ..."
ThatSun510,UMR,ORGANIZATION,"Pak @jokowi &amp; @luhut_binsar, silahkan hapus subsidi bbm tapi buktikan dulu rupiah menguat &amp; ..."
ThatSun510,GDP,ORGANIZATION,"Pak @jokowi &amp; @luhut_binsar, silahkan hapus subsidi bbm tapi buktikan dulu rupiah menguat &amp; ..."
bugsbunny_2345,Bbm,PRODUCT,Mana nih BBM non subsidi gak pernah turun harganya...bilangnya selalu mantau harga minyak dunia dan ...
bugsbunny_2345,Indonesia,LOCATION,Mana nih BBM non subsidi gak pernah turun harganya...bilangnya selalu mantau harga minyak dunia dan ...
bugsbunny_2345,BBM,PRODUCT,Mana nih BBM non subsidi gak pernah turun harganya...bilangnya selalu mantau harga minyak dunia dan ...
tempodotco,Tak Jadi Naik Bulan Ini,LOCATION,Pertamina Pastikan Harga BBM Non-Subsidi Tak Jadi Naik Bulan Ini https://t.co/kSTmC32STU #TempoBisni...
tempodotco,Bbm,PRODUCT,Pertamina Pastikan Harga BBM Non-Subsidi Tak Jadi Naik Bulan Ini https://t.co/kSTmC32STU #TempoBisni...
tempodotco,Pertamina,ORGANIZATION,Pertamina Pastikan Harga BBM Non-Subsidi Tak Jadi Naik Bulan Ini https://t.co/kSTmC32STU #TempoBisni...
tempodotco,BBM,PRODUCT,Pertamina Pastikan Harga BBM Non-Subsidi Tak Jadi Naik Bulan Ini https://t.co/kSTmC32STU #TempoBisni...
PRFMnews,Kembali Naik,LOCATION,"Isu Harga BBM Non Subsidi Kembali Naik di Bulan Juni 2024, Pertamina Akhirnya Buka Suara    https://..."
PRFMnews,Bulan Juni,LOCATION,"Isu Harga BBM Non Subsidi Kembali Naik di Bulan Juni 2024, Pertamina Akhirnya Buka Suara    https://..."
KontanNews,Bulan Juni,LOCATION,"Harga BBM Non Subsidi Tak Naik, Segini Harga Pertamax Cs di Bulan Juni 2024 https://t.co/edFR3entfz ..."
KontanNews,Pertamax,PRODUCT,"Harga BBM Non Subsidi Tak Naik, Segini Harga Pertamax Cs di Bulan Juni 2024 https://t.co/edFR3entfz ..."
P3gEl,Pertalite,PRODUCT,"Siap-2 bosku, kencangkan ikat pinggang, pemerintah akan naikan harga, yg sdh jelas HET naik, gula, b..."
P3gEl,Bbm,PRODUCT,"Siap-2 bosku, kencangkan ikat pinggang, pemerintah akan naikan harga, yg sdh jelas HET naik, gula, b..."
P3gEl,HET,ORGANIZATION,"Siap-2 bosku, kencangkan ikat pinggang, pemerintah akan naikan harga, yg sdh jelas HET naik, gula, b..."
P3gEl,BBM,PRODUCT,"Siap-2 bosku, kencangkan ikat pinggang, pemerintah akan naikan harga, yg sdh jelas HET naik, gula, b..."
Naz_lira,Indonesia,LOCATION,Anda tau siapa yang paling ngotot ingin China bangun pabrik mobil listrik sebanyak-banyaknya di Indo...
firmanovoselic,Bbm,PRODUCT,@gilang_ahm31272 setiap awal bulan bbm non subsidi emang bakalan naik / turun. Dari dulu emang begit...
IESR,$100,MONEY,"Jika konflik Iran x Israel meningkat eskalasinya, harga minyak dikuatirkan melonjak mencapai $100/ba..."
IESR,Bbm,PRODUCT,"Jika konflik Iran x Israel meningkat eskalasinya, harga minyak dikuatirkan melonjak mencapai $100/ba..."
IESR,Minyak Mentah,PRODUCT,"Jika konflik Iran x Israel meningkat eskalasinya, harga minyak dikuatirkan melonjak mencapai $100/ba..."
IESR,Iran,LOCATION,"Jika konflik Iran x Israel meningkat eskalasinya, harga minyak dikuatirkan melonjak mencapai $100/ba..."
IESR,BBM,PRODUCT,"Jika konflik Iran x Israel meningkat eskalasinya, harga minyak dikuatirkan melonjak mencapai $100/ba..."
jalanparis,Iran,LOCATION,"@convomf harga2 bakalan naik karena pasokan komoditas terganggu akibat perang,sbg contoh perang russ..."
Ex_TKI,Pertalite,PRODUCT,@WongAlasRoban Semenjak pertalite naik tajam sy pindah ke SPBU VIVO BBM non subsidi sampai sekarang ...
Ex_TKI,Bbm,PRODUCT,@WongAlasRoban Semenjak pertalite naik tajam sy pindah ke SPBU VIVO BBM non subsidi sampai sekarang ...
Ex_TKI,SPBU,PRODUCT,@WongAlasRoban Semenjak pertalite naik tajam sy pindah ke SPBU VIVO BBM non subsidi sampai sekarang ...
Ex_TKI,VIVO,ORGANIZATION,@WongAlasRoban Semenjak pertalite naik tajam sy pindah ke SPBU VIVO BBM non subsidi sampai sekarang ...
Ex_TKI,BBM,PRODUCT,@WongAlasRoban Semenjak pertalite naik tajam sy pindah ke SPBU VIVO BBM non subsidi sampai sekarang ...
heevanaut,Bbm,PRODUCT,@taeko0kie_ @ARSIPAJA BBM udh naik kak khususnya SPBU swasta per 1 Maret kemarin. Pertamina masih na...
heevanaut,Minyak Mentah,PRODUCT,@taeko0kie_ @ARSIPAJA BBM udh naik kak khususnya SPBU swasta per 1 Maret kemarin. Pertamina masih na...
heevanaut,Pertamina,ORGANIZATION,@taeko0kie_ @ARSIPAJA BBM udh naik kak khususnya SPBU swasta per 1 Maret kemarin. Pertamina masih na...
heevanaut,ARSIPAJA,ORGANIZATION,@taeko0kie_ @ARSIPAJA BBM udh naik kak khususnya SPBU swasta per 1 Maret kemarin. Pertamina masih na...
heevanaut,BBM,PRODUCT,@taeko0kie_ @ARSIPAJA BBM udh naik kak khususnya SPBU swasta per 1 Maret kemarin. Pertamina masih na...
heevanaut,SPBU,PRODUCT,@taeko0kie_ @ARSIPAJA BBM udh naik kak khususnya SPBU swasta per 1 Maret kemarin. Pertamina masih na...
heevanaut,MOPS,ORGANIZATION,@taeko0kie_ @ARSIPAJA BBM udh naik kak khususnya SPBU swasta per 1 Maret kemarin. Pertamina masih na...
e100ss,Tidak Naik Hingga Juni,LOCATION,Menteri ESDM Sebut Harga BBM Non-subsidi Tidak Naik Hingga Juni https://t.co/ZRYPhm4yD2...
e100ss,ESDM,ORGANIZATION,Menteri ESDM Sebut Harga BBM Non-subsidi Tidak Naik Hingga Juni https://t.co/ZRYPhm4yD2...
G3nX_files,Bbm,PRODUCT,"Tolak rencana rasio pajak @gibran_tweet naik tapi ,BBM, listrik, gas, PDAM, kesehatan di subsidi ras..."
G3nX_files,BBM,PRODUCT,"Tolak rencana rasio pajak @gibran_tweet naik tapi ,BBM, listrik, gas, PDAM, kesehatan di subsidi ras..."
G3nX_files,PDAM,ORGANIZATION,"Tolak rencana rasio pajak @gibran_tweet naik tapi ,BBM, listrik, gas, PDAM, kesehatan di subsidi ras..."
adlinur,Bbm,PRODUCT,@ardanisbergas @alfeeii @strike_bravo_b Ya tinggal diatur mekanisme kotraknya misal evaluasi hargabu...
adlinur,BBM,PRODUCT,@ardanisbergas @alfeeii @strike_bravo_b Ya tinggal diatur mekanisme kotraknya misal evaluasi hargabu...
P3gEl,Pertamax,PRODUCT,"BBM non subsidi diperkirakan naik maret, bila wacana penghapusan pertalite jadi dan diganti pertamax..."
okezonenews,Bakal Naik Usai Pemilu,LOCATION,"Harga BBM Non Subsidi Bakal Naik Usai Pemilu 2024?
https://t.co/Xf94SIIdiV..."
heresmyjunmy,Bbm,PRODUCT,"@WillaFernando @xquitavee lah tolol? brarti buat non golongam bbm jg jgn ikut naik ya, subsidi nya j..."
SelebtwitMobil,Bbm,PRODUCT,"@ItsMeHexa Satu2nya yg bukan bullshit cuma harga BBM swasta non-subsidi, sblm diperintahkan utk naik..."
SelebtwitMobil,BBM,PRODUCT,"@ItsMeHexa Satu2nya yg bukan bullshit cuma harga BBM swasta non-subsidi, sblm diperintahkan utk naik..."
desmondwira,Pertamax,PRODUCT,"Akan ada kenaikan harga BBM non subsidi spt Pertamax pada awal Maret 2024. Sementara, untuk BBM subs..."
desmondwira,Pertalite,PRODUCT,"Akan ada kenaikan harga BBM non subsidi spt Pertamax pada awal Maret 2024. Sementara, untuk BBM subs..."
desmondwira,Solar,PRODUCT,"Akan ada kenaikan harga BBM non subsidi spt Pertamax pada awal Maret 2024. Sementara, untuk BBM subs..."
akubknsiapa2x,Bbm,PRODUCT,"@apapunituokeoke @kepinginpintar @idextratime itu bbm non subsidi, harganya ngikutin harga minyak du..."
pakmul63,Pertamina,ORGANIZATION,"BBM NON-SUBSIDI
.
Sudah semestinya Pertamina menurunkan harga BBM non-subsidinya.  Saat ini harga mi..."
pakmul63,BBM,PRODUCT,"BBM NON-SUBSIDI
.
Sudah semestinya Pertamina menurunkan harga BBM non-subsidinya.  Saat ini harga mi..."
pakmul63,NON,ORGANIZATION,"BBM NON-SUBSIDI
.
Sudah semestinya Pertamina menurunkan harga BBM non-subsidinya.  Saat ini harga mi..."
pakmul63,SUBSIDI,ORGANIZATION,"BBM NON-SUBSIDI
.
Sudah semestinya Pertamina menurunkan harga BBM non-subsidinya.  Saat ini harga mi..."
pakmul63,FPKSDPRRI,ORGANIZATION,"BBM NON-SUBSIDI
.
Sudah semestinya Pertamina menurunkan harga BBM non-subsidinya.  Saat ini harga mi..."
cnbcindonesia,Naik Besok,LOCATION,Sinyal Kuat Harga BBM Non-Subsidi Naik Besok! https://t.co/NAk1AsMH7O...
arpas2000,Bbm,PRODUCT,@AnthonyBudiawan BI pasti minta bantuan pemerintah dgn cara menaikkan harga BBM subsidi &amp; non su...
arpas2000,Amerika,LOCATION,@AnthonyBudiawan BI pasti minta bantuan pemerintah dgn cara menaikkan harga BBM subsidi &amp; non su...
arpas2000,BI,ORGANIZATION,@AnthonyBudiawan BI pasti minta bantuan pemerintah dgn cara menaikkan harga BBM subsidi &amp; non su...
arpas2000,BBM,PRODUCT,@AnthonyBudiawan BI pasti minta bantuan pemerintah dgn cara menaikkan harga BBM subsidi &amp; non su...
arpas2000,PDB,ORGANIZATION,@AnthonyBudiawan BI pasti minta bantuan pemerintah dgn cara menaikkan harga BBM subsidi &amp; non su...
AnthonyBudiawan,Keuangan Sri Mulyani,PERSON,"Menteri Keuangan Sri Mulyani di persimpangan jalan, antara membiarkan harga BBM dan Pangan naik, yan..."
AnthonyBudiawan,Bbm,PRODUCT,"Menteri Keuangan Sri Mulyani di persimpangan jalan, antara membiarkan harga BBM dan Pangan naik, yan..."
AnthonyBudiawan,BBM,PRODUCT,"Menteri Keuangan Sri Mulyani di persimpangan jalan, antara membiarkan harga BBM dan Pangan naik, yan..."
ErliSutaWarman,Bbm,PRODUCT,@msaid_didu Pak yang naik itu Bukan BBM SUBSIDI tapi BBM NON SUBSIDI moso sekelas Doktor bapak gak b...
ErliSutaWarman,BBM,PRODUCT,@msaid_didu Pak yang naik itu Bukan BBM SUBSIDI tapi BBM NON SUBSIDI moso sekelas Doktor bapak gak b...
ErliSutaWarman,SUBSIDI,ORGANIZATION,@msaid_didu Pak yang naik itu Bukan BBM SUBSIDI tapi BBM NON SUBSIDI moso sekelas Doktor bapak gak b...
ErliSutaWarman,NON,ORGANIZATION,@msaid_didu Pak yang naik itu Bukan BBM SUBSIDI tapi BBM NON SUBSIDI moso sekelas Doktor bapak gak b...
ErliSutaWarman,DAN,ORGANIZATION,@msaid_didu Pak yang naik itu Bukan BBM SUBSIDI tapi BBM NON SUBSIDI moso sekelas Doktor bapak gak b...
TSetiotomo,Bbm,PRODUCT,@msaid_didu Ada BBM bersubsidi dan ada BBM yg non subsdi. Yg naik atau turun itu BBM non subsidi. Ad...
TSetiotomo,Pln,ORGANIZATION,@msaid_didu Ada BBM bersubsidi dan ada BBM yg non subsdi. Yg naik atau turun itu BBM non subsidi. Ad...
TSetiotomo,BBM,PRODUCT,@msaid_didu Ada BBM bersubsidi dan ada BBM yg non subsdi. Yg naik atau turun itu BBM non subsidi. Ad...
JogjaUpdate,Pertamax,PRODUCT,"#sekhilafinfo
Harga BBM non subsidi naik per 1 Oktober 2023.
Pertamax naik jadi 14ribu per liter...."
JogjaUpdate,Bbm,PRODUCT,"#sekhilafinfo
Harga BBM non subsidi naik per 1 Oktober 2023.
Pertamax naik jadi 14ribu per liter...."
JogjaUpdate,BBM,PRODUCT,"#sekhilafinfo
Harga BBM non subsidi naik per 1 Oktober 2023.
Pertamax naik jadi 14ribu per liter...."
TirtoID,Rp14.000,MONEY,Harga BBM non subsidi naik per 1 Oktober 2023. Pertamax naik menjadi Rp14.000 per liter. Bagaimana a...
TirtoID,Rp,LOCATION,Harga BBM non subsidi naik per 1 Oktober 2023. Pertamax naik menjadi Rp14.000 per liter. Bagaimana a...
TirtoID,Pertalite,LOCATION,Harga BBM non subsidi naik per 1 Oktober 2023. Pertamax naik menjadi Rp14.000 per liter. Bagaimana a...
TirtoID,Pertamax,PRODUCT,Harga BBM non subsidi naik per 1 Oktober 2023. Pertamax naik menjadi Rp14.000 per liter. Bagaimana a...
TirtoID,Pertalite,PRODUCT,Harga BBM non subsidi naik per 1 Oktober 2023. Pertamax naik menjadi Rp14.000 per liter. Bagaimana a...
Chila88888,Bbm,PRODUCT,"@LaminoTea @CNNIndonesia Tapi pajak terus jalan malah akan ada pajak emisi/karbon, bbm yang disebut ..."
great_fleet,Bbm,PRODUCT,"Harga minyak dunia naik, harga BBM non-subsidi turut naik...

Tapi pas harga minyak dunia turun, koq..."
great_fleet,BBM,PRODUCT,"Harga minyak dunia naik, harga BBM non-subsidi turut naik...

Tapi pas harga minyak dunia turun, koq..."
UGMYogyakarta,Rp13.300,MONEY,Pengamat #UGM : Lakukan Pembatasan BBM Subsidi: PT Pertamina (Persero) kembali menaikkan harga bahan...
UGMYogyakarta,Rp14.000,MONEY,Pengamat #UGM : Lakukan Pembatasan BBM Subsidi: PT Pertamina (Persero) kembali menaikkan harga bahan...
UGMYogyakarta,Rp,LOCATION,Pengamat #UGM : Lakukan Pembatasan BBM Subsidi: PT Pertamina (Persero) kembali menaikkan harga bahan...
UGMYogyakarta,Pertamax,PRODUCT,Pengamat #UGM : Lakukan Pembatasan BBM Subsidi: PT Pertamina (Persero) kembali menaikkan harga bahan...
UGMYogyakarta,Bbm,PRODUCT,Pengamat #UGM : Lakukan Pembatasan BBM Subsidi: PT Pertamina (Persero) kembali menaikkan harga bahan...
UGMYogyakarta,Pertamina,ORGANIZATION,Pengamat #UGM : Lakukan Pembatasan BBM Subsidi: PT Pertamina (Persero) kembali menaikkan harga bahan...
UGMYogyakarta,UGM,ORGANIZATION,Pengamat #UGM : Lakukan Pembatasan BBM Subsidi: PT Pertamina (Persero) kembali menaikkan harga bahan...
UGMYogyakarta,BBM,PRODUCT,Pengamat #UGM : Lakukan Pembatasan BBM Subsidi: PT Pertamina (Persero) kembali menaikkan harga bahan...
UGMYogyakarta,PT,ORGANIZATION,Pengamat #UGM : Lakukan Pembatasan BBM Subsidi: PT Pertamina (Persero) kembali menaikkan harga bahan...
Kriuuukid,"Naik Lagi

Berikut",LOCATION,"Harga BBM Pertamina 1 Oktober 2023, BBM Non Subsidi Naik Lagi

Berikut merupakan harga BBM pada bula..."
Kriuuukid,Bbm,PRODUCT,"Harga BBM Pertamina 1 Oktober 2023, BBM Non Subsidi Naik Lagi

Berikut merupakan harga BBM pada bula..."
Kriuuukid,Pertamina,ORGANIZATION,"Harga BBM Pertamina 1 Oktober 2023, BBM Non Subsidi Naik Lagi

Berikut merupakan harga BBM pada bula..."
Kriuuukid,BBM,PRODUCT,"Harga BBM Pertamina 1 Oktober 2023, BBM Non Subsidi Naik Lagi

Berikut merupakan harga BBM pada bula..."
Kriuuukid,FTZ,ORGANIZATION,"Harga BBM Pertamina 1 Oktober 2023, BBM Non Subsidi Naik Lagi

Berikut merupakan harga BBM pada bula..."
Bakrek10,Bbm,PRODUCT,"@MinmonPS7 Pasukan militan bilang
"" kan yg naik harga bbm non subsidi""

Pengen gw tempeleng ama kera..."
Jeng_KeuL,Pertamax,PRODUCT,@detikcom Ini kan yg naik harga BBM Non Subsidi alias Pertamax dkk. Kalo selama ini msh pake yg subs...
Jeng_KeuL,Bbm,PRODUCT,@detikcom Ini kan yg naik harga BBM Non Subsidi alias Pertamax dkk. Kalo selama ini msh pake yg subs...
Jeng_KeuL,BBM,PRODUCT,@detikcom Ini kan yg naik harga BBM Non Subsidi alias Pertamax dkk. Kalo selama ini msh pake yg subs...
allkacruuut,Indo,LOCATION,@msaid_didu Wkwkw padalah bbm yg naik non subsidi wkwkwk ane adh biasa gak perrlu ente bela ane paka...
allkacruuut,Bbm,PRODUCT,@msaid_didu Wkwkw padalah bbm yg naik non subsidi wkwkwk ane adh biasa gak perrlu ente bela ane paka...
tribunmedan,Pertamina,LOCATION,"Harga BBM Non Subsidi Pertamina dan Shell Naik, Berikut Daftar Harga Terbarunya
 
https://t.co/8fH33..."
tribunmedan,Pertamina,ORGANIZATION,"Harga BBM Non Subsidi Pertamina dan Shell Naik, Berikut Daftar Harga Terbarunya
 
https://t.co/8fH33..."
SugengEsatech,Naik,LOCATION,"@Muslim_AntiPKI9 @PartBurungGalak Ingat Mulai 1 Oktober 2023, BBM Non Subsidi Naik lagi... Hanya men..."
SugengEsatech,Bbm,PRODUCT,"@Muslim_AntiPKI9 @PartBurungGalak Ingat Mulai 1 Oktober 2023, BBM Non Subsidi Naik lagi... Hanya men..."
SugengEsatech,BBM,PRODUCT,"@Muslim_AntiPKI9 @PartBurungGalak Ingat Mulai 1 Oktober 2023, BBM Non Subsidi Naik lagi... Hanya men..."
VIVAcoid,Naik,LOCATION,"Harga BBM Non Subsidi Naik, Inflasi Aman? Ini Kata BPS https://t.co/E2eb4fbXr1..."
VIVAcoid,BPS,ORGANIZATION,"Harga BBM Non Subsidi Naik, Inflasi Aman? Ini Kata BPS https://t.co/E2eb4fbXr1..."
Tan_Mar3M,Bbm,PRODUCT,Kata bani200 tak ngaruh bbm non subsidi naik. https://t.co/c7yoGuspvJ...
ekowboy2,Pertalite,PRODUCT,"BBM non subsidi diam-diam naik lagi sementara itu ada wacana penghapusan pertalite..

Partai wong ci..."
MMargani5,Pertamax,PRODUCT,"PT Pertamina menyesuaikan harga BBM non subsidi per 1 Oktober 2023.Tidak hanya Pertamax,harga Pertam..."
MMargani5,Dexlite,PRODUCT,"PT Pertamina menyesuaikan harga BBM non subsidi per 1 Oktober 2023.Tidak hanya Pertamax,harga Pertam..."
MMargani5,Pertamax Green,PRODUCT,"PT Pertamina menyesuaikan harga BBM non subsidi per 1 Oktober 2023.Tidak hanya Pertamax,harga Pertam..."
MMargani5,Pertamax Turbo,PRODUCT,"PT Pertamina menyesuaikan harga BBM non subsidi per 1 Oktober 2023.Tidak hanya Pertamax,harga Pertam..."
MMargani5,Bbm,PRODUCT,"PT Pertamina menyesuaikan harga BBM non subsidi per 1 Oktober 2023.Tidak hanya Pertamax,harga Pertam..."
MMargani5,Indonesia,LOCATION,"PT Pertamina menyesuaikan harga BBM non subsidi per 1 Oktober 2023.Tidak hanya Pertamax,harga Pertam..."
MMargani5,Pertamina,ORGANIZATION,"PT Pertamina menyesuaikan harga BBM non subsidi per 1 Oktober 2023.Tidak hanya Pertamax,harga Pertam..."
MMargani5,PT,ORGANIZATION,"PT Pertamina menyesuaikan harga BBM non subsidi per 1 Oktober 2023.Tidak hanya Pertamax,harga Pertam..."
MMargani5,BBM,PRODUCT,"PT Pertamina menyesuaikan harga BBM non subsidi per 1 Oktober 2023.Tidak hanya Pertamax,harga Pertam..."
MMargani5,GA,ORGANIZATION,"PT Pertamina menyesuaikan harga BBM non subsidi per 1 Oktober 2023.Tidak hanya Pertamax,harga Pertam..."
MMargani5,BAHAYA,ORGANIZATION,"PT Pertamina menyesuaikan harga BBM non subsidi per 1 Oktober 2023.Tidak hanya Pertamax,harga Pertam..."
MMargani5,TA,ORGANIZATION,"PT Pertamina menyesuaikan harga BBM non subsidi per 1 Oktober 2023.Tidak hanya Pertamax,harga Pertam..."
whydntr,Pertalite,PRODUCT,@Maruahalsiahaa2 @DokterTifa Ente jgn bilang seorang dokter tolol...itu pekerjaan mulia blum tentu e...
whydntr,Bbm,PRODUCT,@Maruahalsiahaa2 @DokterTifa Ente jgn bilang seorang dokter tolol...itu pekerjaan mulia blum tentu e...
whydntr,BBM,PRODUCT,@Maruahalsiahaa2 @DokterTifa Ente jgn bilang seorang dokter tolol...itu pekerjaan mulia blum tentu e...
detikfinance,Rp13.300,MONEY,Pertamina melakukan penyesuaian harga BBM non subsidi. Harga Pertamax naik dari sebelumnya Rp 13.300...
detikfinance,Rp14.000,MONEY,Pertamina melakukan penyesuaian harga BBM non subsidi. Harga Pertamax naik dari sebelumnya Rp 13.300...
detikfinance,Rp,LOCATION,Pertamina melakukan penyesuaian harga BBM non subsidi. Harga Pertamax naik dari sebelumnya Rp 13.300...
detikfinance,Pertamax,PRODUCT,Pertamina melakukan penyesuaian harga BBM non subsidi. Harga Pertamax naik dari sebelumnya Rp 13.300...
narwisan81,Pertalite,PRODUCT,@msaid_didu Walaupun yg naik BBM non-subsidi; tapi rakyat kecil kalau pertalite dan solar gak ada/ha...
narwisan81,Solar,PRODUCT,@msaid_didu Walaupun yg naik BBM non-subsidi; tapi rakyat kecil kalau pertalite dan solar gak ada/ha...
narwisan81,Bbm,PRODUCT,@msaid_didu Walaupun yg naik BBM non-subsidi; tapi rakyat kecil kalau pertalite dan solar gak ada/ha...
narwisan81,BBM,PRODUCT,@msaid_didu Walaupun yg naik BBM non-subsidi; tapi rakyat kecil kalau pertalite dan solar gak ada/ha...
EkoYustitianto1,Bbm,PRODUCT,@msaid_didu Gini ya Didu...kenaikan harga BBM non subsidi itu tergantung naik turunnya harga BBM pas...
EkoYustitianto1,Dpr,ORGANIZATION,@msaid_didu Gini ya Didu...kenaikan harga BBM non subsidi itu tergantung naik turunnya harga BBM pas...
EkoYustitianto1,BBM,PRODUCT,@msaid_didu Gini ya Didu...kenaikan harga BBM non subsidi itu tergantung naik turunnya harga BBM pas...
EkoYustitianto1,DPR,ORGANIZATION,@msaid_didu Gini ya Didu...kenaikan harga BBM non subsidi itu tergantung naik turunnya harga BBM pas...
EkoYustitianto1,SBY,ORGANIZATION,@msaid_didu Gini ya Didu...kenaikan harga BBM non subsidi itu tergantung naik turunnya harga BBM pas...
ali_hasan110,Pertamina,LOCATION,Resmi! Harga BBM Non Subsidi Pertamina di SPBU Naik 1 Oktober https://t.co/ZBJWpM7nsm...
ali_hasan110,Bbm,PRODUCT,Resmi! Harga BBM Non Subsidi Pertamina di SPBU Naik 1 Oktober https://t.co/ZBJWpM7nsm...
ali_hasan110,Pertamina,ORGANIZATION,Resmi! Harga BBM Non Subsidi Pertamina di SPBU Naik 1 Oktober https://t.co/ZBJWpM7nsm...
ali_hasan110,BBM,PRODUCT,Resmi! Harga BBM Non Subsidi Pertamina di SPBU Naik 1 Oktober https://t.co/ZBJWpM7nsm...
ali_hasan110,SPBU,PRODUCT,Resmi! Harga BBM Non Subsidi Pertamina di SPBU Naik 1 Oktober https://t.co/ZBJWpM7nsm...
RMTHandoko,Bbm,PRODUCT,@msaid_didu Gak apa2 kan ini BBM non Subsidi saja yg naik.. nikmati saja memang harga minyak dunia l...
RMTHandoko,BBM,PRODUCT,@msaid_didu Gak apa2 kan ini BBM non Subsidi saja yg naik.. nikmati saja memang harga minyak dunia l...
tauhidderry,Pertalite,PRODUCT,@msaid_didu Itu BBM non subsidi yang naek..pertalite dan biosolar gak naik...
tauhidderry,Bbm,PRODUCT,@msaid_didu Itu BBM non subsidi yang naek..pertalite dan biosolar gak naik...
tauhidderry,BBM,PRODUCT,@msaid_didu Itu BBM non subsidi yang naek..pertalite dan biosolar gak naik...
AlnilamOmar,Pertalite,PRODUCT,"Pertamina menaikkan harga BBM non subsidi.

Netijen:Pertalite ga naik tapi langka🙄

Netijen : Jadi k..."
AlnilamOmar,Bbm,PRODUCT,"Pertamina menaikkan harga BBM non subsidi.

Netijen:Pertalite ga naik tapi langka🙄

Netijen : Jadi k..."
AlnilamOmar,Pertamina,ORGANIZATION,"Pertamina menaikkan harga BBM non subsidi.

Netijen:Pertalite ga naik tapi langka🙄

Netijen : Jadi k..."
AlnilamOmar,BBM,PRODUCT,"Pertamina menaikkan harga BBM non subsidi.

Netijen:Pertalite ga naik tapi langka🙄

Netijen : Jadi k..."
AlnilamOmar,PDIP,ORGANIZATION,"Pertamina menaikkan harga BBM non subsidi.

Netijen:Pertalite ga naik tapi langka🙄

Netijen : Jadi k..."
bugsbunny2345,Bbm,PRODUCT,"Sedap bener BBM non subsidi naik lagi hari ini..
Nikmat apalagi yg engkau dustakan gaess..masih nyam..."
bugsbunny2345,BBM,PRODUCT,"Sedap bener BBM non subsidi naik lagi hari ini..
Nikmat apalagi yg engkau dustakan gaess..masih nyam..."
t_huberton,Bbm,PRODUCT,"@DokterTifa Woi kalau BBM subsidi ngak naik coy, ngak usah bikin hoax kalau non subsidi tergantung m..."
t_huberton,BBM,PRODUCT,"@DokterTifa Woi kalau BBM subsidi ngak naik coy, ngak usah bikin hoax kalau non subsidi tergantung m..."
TMIHARINI,Pertamax,PRODUCT,"Harga BBM Non subisidi naik mulai 1 Oktober 2023

Harga naik di kisaran 700 rupiah (pertamax) hingga..."
TMIHARINI,Dexlite,PRODUCT,"Harga BBM Non subisidi naik mulai 1 Oktober 2023

Harga naik di kisaran 700 rupiah (pertamax) hingga..."
TMIHARINI,Pertamax Turbo,PRODUCT,"Harga BBM Non subisidi naik mulai 1 Oktober 2023

Harga naik di kisaran 700 rupiah (pertamax) hingga..."
TMIHARINI,Bbm,PRODUCT,"Harga BBM Non subisidi naik mulai 1 Oktober 2023

Harga naik di kisaran 700 rupiah (pertamax) hingga..."
TMIHARINI,Pertamina,ORGANIZATION,"Harga BBM Non subisidi naik mulai 1 Oktober 2023

Harga naik di kisaran 700 rupiah (pertamax) hingga..."
TMIHARINI,BBM,PRODUCT,"Harga BBM Non subisidi naik mulai 1 Oktober 2023

Harga naik di kisaran 700 rupiah (pertamax) hingga..."
RadioElshinta,Pertamina,LOCATION,"Harga Bahan Bakar Minyak (BBM) non subsidi Pertamax dkk dari Pertamina naik mulai hari ini, Minggu 1..."
Mdy_Asmara1701,Naik,LOCATION,"Sekedar Kasih Tahu ya Guys 

Harga BBM Non Subsidi Naik https://t.co/BvJX2FJ7dU..."
Mdy_Asmara1701,Bbm,PRODUCT,"Sekedar Kasih Tahu ya Guys 

Harga BBM Non Subsidi Naik https://t.co/BvJX2FJ7dU..."
Mdy_Asmara1701,BBM,PRODUCT,"Sekedar Kasih Tahu ya Guys 

Harga BBM Non Subsidi Naik https://t.co/BvJX2FJ7dU..."
HeruCaturP,Anies,LOCATION,"@awemany Narasi kritik ente ke Anies didominasi  aroma kebencian dan aroma belum move on, sampai lup..."
HeruCaturP,Bbm,PRODUCT,"@awemany Narasi kritik ente ke Anies didominasi  aroma kebencian dan aroma belum move on, sampai lup..."
HeruCaturP,BBM,PRODUCT,"@awemany Narasi kritik ente ke Anies didominasi  aroma kebencian dan aroma belum move on, sampai lup..."
abouttng,Rp13.300,MONEY,Harga BBM Pertamina kembali naik per 1 Oktober 2023. Kenaikan harga ini untuk 5 jenis BBM non-subsid...
abouttng,Rp14.000,MONEY,Harga BBM Pertamina kembali naik per 1 Oktober 2023. Kenaikan harga ini untuk 5 jenis BBM non-subsid...
abouttng,Dexlite,PRODUCT,Harga BBM Pertamina kembali naik per 1 Oktober 2023. Kenaikan harga ini untuk 5 jenis BBM non-subsid...
abouttng,Pertamax Turbo,PRODUCT,Harga BBM Pertamina kembali naik per 1 Oktober 2023. Kenaikan harga ini untuk 5 jenis BBM non-subsid...
FerdiansyahSP,Pertamax,PRODUCT,"@Nayyy407 @detikcom Dibaca dulu makanya mas, yg naik BBM non subsidi ya. Yg belum mampu beli pertama..."
FerdiansyahSP,Pertalite,PRODUCT,"@Nayyy407 @detikcom Dibaca dulu makanya mas, yg naik BBM non subsidi ya. Yg belum mampu beli pertama..."
FerdiansyahSP,Bbm,PRODUCT,"@Nayyy407 @detikcom Dibaca dulu makanya mas, yg naik BBM non subsidi ya. Yg belum mampu beli pertama..."
FerdiansyahSP,BBM,PRODUCT,"@Nayyy407 @detikcom Dibaca dulu makanya mas, yg naik BBM non subsidi ya. Yg belum mampu beli pertama..."
pikiran_rakyat,Makin Mencekik,LOCATION,Update Harga BBM Pertamina per 1 Oktober 2023: Harga BBM Subsidi Makin Mencekik! https://t.co/aID4rh...
P3gEl,Pertamina,ORGANIZATION,"Bahasa mengubah terlalu halus, to the point aja min, pertamina menaikan harga BBM non subsidi, naik ..."
alisyarief,Pasti Naik Lagi,LOCATION,Harga Minyak Mendekati USD 100 Per Barel. BBM Non Subsidi Pasti Naik Lagi https://t.co/jd7cvhj9K3...
alisyarief,Bbm,PRODUCT,Harga Minyak Mendekati USD 100 Per Barel. BBM Non Subsidi Pasti Naik Lagi https://t.co/jd7cvhj9K3...
alisyarief,USD,ORGANIZATION,Harga Minyak Mendekati USD 100 Per Barel. BBM Non Subsidi Pasti Naik Lagi https://t.co/jd7cvhj9K3...
alisyarief,BBM,PRODUCT,Harga Minyak Mendekati USD 100 Per Barel. BBM Non Subsidi Pasti Naik Lagi https://t.co/jd7cvhj9K3...
detikcom,Pertamax,PRODUCT,Harga minyak mentah yang tinggi bisa mendorong harga Pertamax atau BBM non subsidi ikut naik. Cek di...
detikcom,Bbm,PRODUCT,Harga minyak mentah yang tinggi bisa mendorong harga Pertamax atau BBM non subsidi ikut naik. Cek di...
detikcom,Minyak Mentah,PRODUCT,Harga minyak mentah yang tinggi bisa mendorong harga Pertamax atau BBM non subsidi ikut naik. Cek di...
detikcom,BBM,PRODUCT,Harga minyak mentah yang tinggi bisa mendorong harga Pertamax atau BBM non subsidi ikut naik. Cek di...
detikfinance,Minyak Mentah,PRODUCT,Harga minyak mentah yang tinggi bisa mendorong harga Pertamax atau BBM non subsidi ikut naik. https:...
PetugasRakyatRI,Bbm,PRODUCT,"*UU Cipta Kerja Gagal Selamatkan APBN, Harga BBM Naik: Pembohongan Publik?*

Oleh: Anthony Budiawan ..."
PetugasRakyatRI,Apbn,ORGANIZATION,"*UU Cipta Kerja Gagal Selamatkan APBN, Harga BBM Naik: Pembohongan Publik?*

Oleh: Anthony Budiawan ..."
PetugasRakyatRI,UU,ORGANIZATION,"*UU Cipta Kerja Gagal Selamatkan APBN, Harga BBM Naik: Pembohongan Publik?*

Oleh: Anthony Budiawan ..."
PetugasRakyatRI,APBN,ORGANIZATION,"*UU Cipta Kerja Gagal Selamatkan APBN, Harga BBM Naik: Pembohongan Publik?*

Oleh: Anthony Budiawan ..."
PetugasRakyatRI,BBM,PRODUCT,"*UU Cipta Kerja Gagal Selamatkan APBN, Harga BBM Naik: Pembohongan Publik?*

Oleh: Anthony Budiawan ..."
PetugasRakyatRI,PEPS,ORGANIZATION,"*UU Cipta Kerja Gagal Selamatkan APBN, Harga BBM Naik: Pembohongan Publik?*

Oleh: Anthony Budiawan ..."
GRUNGE_GO,Bbm,PRODUCT,"Tinggal sisa 1 voucher, sepertinya gue harus minta lagi nih, maklum harga BBM non subsidi kan skr la..."
GRUNGE_GO,BBM,PRODUCT,"Tinggal sisa 1 voucher, sepertinya gue harus minta lagi nih, maklum harga BBM non subsidi kan skr la..."
IjazahOri,Bbm,PRODUCT,"Hebatnya sosok Cak Imin, begitu doi diberitakan jadi cawapresnya Anies aje, BBM non subsidi dan bera..."
IjazahOri,BBM,PRODUCT,"Hebatnya sosok Cak Imin, begitu doi diberitakan jadi cawapresnya Anies aje, BBM non subsidi dan bera..."
Th3Tr4vel3r,Tinggi,LOCATION,"Naik Naik BBM Non Subsidi
Tinggi tinggi sekali
Hapus Hapus BBM Subsidi
Kemiskinan Semaki menjadi

se..."
Th3Tr4vel3r,Kemiskinan Semaki,LOCATION,"Naik Naik BBM Non Subsidi
Tinggi tinggi sekali
Hapus Hapus BBM Subsidi
Kemiskinan Semaki menjadi

se..."
Th3Tr4vel3r,Bbm,PRODUCT,"Naik Naik BBM Non Subsidi
Tinggi tinggi sekali
Hapus Hapus BBM Subsidi
Kemiskinan Semaki menjadi

se..."
Th3Tr4vel3r,BBM,PRODUCT,"Naik Naik BBM Non Subsidi
Tinggi tinggi sekali
Hapus Hapus BBM Subsidi
Kemiskinan Semaki menjadi

se..."
satia_nagara,Bbm,PRODUCT,"Warna warni partai politik bagaikan es buah dan hiruk pikuk  koalisi sementara beras mahal, BBM non ..."
satia_nagara,BBM,PRODUCT,"Warna warni partai politik bagaikan es buah dan hiruk pikuk  koalisi sementara beras mahal, BBM non ..."
blank0429,Bbm,PRODUCT,"Tanda-tanda BBM yg katanya disubsidi mau ganti harga biasanya diawali yg non subsidi naik duluan.

B..."
blank0429,BBM,PRODUCT,"Tanda-tanda BBM yg katanya disubsidi mau ganti harga biasanya diawali yg non subsidi naik duluan.

B..."
P3gEl,KTP,ORGANIZATION,"@papa_loren Pura2 bahagia sajalah, hari ini bbm non subsidi juga resmi naik kalo tarif tol sudah dul..."
KompasTV,Pertamina,ORGANIZATION,"Harga BBM Pertamina Non-Subsidi Naik per 1 September 2023, Berikut Daftar Lengkapnya https://t.co/2B..."
prastow,Bbm,PRODUCT,@MARIAM_Mendezz @Lelanang_ Harga BBM Non Subsidi memang naik karena mengikuti harga pasar. Kalau har...
prastow,BBM,PRODUCT,@MARIAM_Mendezz @Lelanang_ Harga BBM Non Subsidi memang naik karena mengikuti harga pasar. Kalau har...
apostiera,Bbm,PRODUCT,"Beginilah akibat PT 20%, urusan copras-capres cuma diatur segelintir orang. Parpol2 pusing sendiri d..."
apostiera,PT,ORGANIZATION,"Beginilah akibat PT 20%, urusan copras-capres cuma diatur segelintir orang. Parpol2 pusing sendiri d..."
apostiera,UU,ORGANIZATION,"Beginilah akibat PT 20%, urusan copras-capres cuma diatur segelintir orang. Parpol2 pusing sendiri d..."
apostiera,BBM,PRODUCT,"Beginilah akibat PT 20%, urusan copras-capres cuma diatur segelintir orang. Parpol2 pusing sendiri d..."
ronavioleta,Naik,LOCATION,"Kalau gaji Ahok naik dari 2,8 M menjadi 8,36 M, itu menyesuaikan apa?

Harga BBM Non-Subsidi Naik, P..."
ronavioleta,Bbm,PRODUCT,"Kalau gaji Ahok naik dari 2,8 M menjadi 8,36 M, itu menyesuaikan apa?

Harga BBM Non-Subsidi Naik, P..."
ronavioleta,Pertamina,ORGANIZATION,"Kalau gaji Ahok naik dari 2,8 M menjadi 8,36 M, itu menyesuaikan apa?

Harga BBM Non-Subsidi Naik, P..."
ronavioleta,BBM,PRODUCT,"Kalau gaji Ahok naik dari 2,8 M menjadi 8,36 M, itu menyesuaikan apa?

Harga BBM Non-Subsidi Naik, P..."
TirtoID,Dexlite,PRODUCT,PT Pertamina (Persero) kembali menaikkan harga tiga jenis Bahan Bakar Minyak (BBM) non subsidi yakni...
TirtoID,Pertamax Turbo,PRODUCT,PT Pertamina (Persero) kembali menaikkan harga tiga jenis Bahan Bakar Minyak (BBM) non subsidi yakni...
TirtoID,Pertamina,ORGANIZATION,PT Pertamina (Persero) kembali menaikkan harga tiga jenis Bahan Bakar Minyak (BBM) non subsidi yakni...
TirtoID,PT,ORGANIZATION,PT Pertamina (Persero) kembali menaikkan harga tiga jenis Bahan Bakar Minyak (BBM) non subsidi yakni...
jawapos,Naik Bulan Ini,LOCATION,Harga BBM Non-Subsidi Naik Bulan Ini https://t.co/akAm2FVfDH...
merdekadotcom,Pertamina Naik Mulai Hari Ini,LOCATION,"Harga BBM Non-Subsidi Pertamina Naik Mulai Hari Ini, Cek Rinciannya di Sini https://t.co/EdRTyhQSAu..."
kumparan,PT,ORGANIZATION,PT Pertamina (Persero) mengumumkan kenaikan daftar bahan bakar minyak (BBM) non subsidi per 1 Juli 2...
kumparan,BP,ORGANIZATION,PT Pertamina (Persero) mengumumkan kenaikan daftar bahan bakar minyak (BBM) non subsidi per 1 Juli 2...
kumparan,AKR,ORGANIZATION,PT Pertamina (Persero) mengumumkan kenaikan daftar bahan bakar minyak (BBM) non subsidi per 1 Juli 2...
kumparan,Dexlite,PRODUCT,Pertamina mengumumkan perubahan daftar BBM per 1 Juli 2023. Terpantau harga BBM non subsidi naik sep...
kumparan,Pertamax Turbo,PRODUCT,Pertamina mengumumkan perubahan daftar BBM per 1 Juli 2023. Terpantau harga BBM non subsidi naik sep...
Adibara79,Bbm,PRODUCT,@DrEvaChaniago Wooiiii butet...klo punya presiden HOBI JANJI-JANJI PIYE BUTET...harga sembako naik.....
Adibara79,HOBI,ORGANIZATION,@DrEvaChaniago Wooiiii butet...klo punya presiden HOBI JANJI-JANJI PIYE BUTET...harga sembako naik.....
Adibara79,JANJI,ORGANIZATION,@DrEvaChaniago Wooiiii butet...klo punya presiden HOBI JANJI-JANJI PIYE BUTET...harga sembako naik.....
Adibara79,PIYE,ORGANIZATION,@DrEvaChaniago Wooiiii butet...klo punya presiden HOBI JANJI-JANJI PIYE BUTET...harga sembako naik.....
Adibara79,BUTET,ORGANIZATION,@DrEvaChaniago Wooiiii butet...klo punya presiden HOBI JANJI-JANJI PIYE BUTET...harga sembako naik.....
saidmarwan11,Pertalite,PRODUCT,@blank0429 Heran..!! Pertalite yg ku tau BBM non subsidi kok ketika harga naik kok tiba tiba termasu...
saidmarwan11,Bbm,PRODUCT,@blank0429 Heran..!! Pertalite yg ku tau BBM non subsidi kok ketika harga naik kok tiba tiba termasu...
saidmarwan11,BBM,PRODUCT,@blank0429 Heran..!! Pertalite yg ku tau BBM non subsidi kok ketika harga naik kok tiba tiba termasu...
saidmarwan11,RI,ORGANIZATION,@blank0429 Heran..!! Pertalite yg ku tau BBM non subsidi kok ketika harga naik kok tiba tiba termasu...
AriestaWijaya5,Pertamina,ORGANIZATION,"@pertamina Senang amat yang nyari untung dari rakyat kecil ??
Woii, menghapus premium sama halnya de..."
twhandayani78,Pertalite,PRODUCT,@pertamina Untung karena mencekik rakyat dengan menaikkan harga Pertalite dan menghapus premium. Bed...
twhandayani78,Pertamina,ORGANIZATION,@pertamina Untung karena mencekik rakyat dengan menaikkan harga Pertalite dan menghapus premium. Bed...
cnbcindonesia,Ini Resmi Naik,LOCATION,"Harga BBM Non Subsidi Ini Resmi Naik, Ini Alasan Pertamina https://t.co/6P1kWUsPzh..."
serambinews,Bbm,PRODUCT,"Simak daftar harga BBM terbaru, resmi naik lagi hari ini, Rabu 1 Februari 2023.
Beberapa jenis BBM t..."
serambinews,BBM,PRODUCT,"Simak daftar harga BBM terbaru, resmi naik lagi hari ini, Rabu 1 Februari 2023.
Beberapa jenis BBM t..."
keuangannews_id,Bbm,PRODUCT,Harga BBM Non Subsidi di SPBU Pertamina Resmi Naik https://t.co/Ob049ONObW...
keuangannews_id,Pertamina,ORGANIZATION,Harga BBM Non Subsidi di SPBU Pertamina Resmi Naik https://t.co/Ob049ONObW...
keuangannews_id,BBM,PRODUCT,Harga BBM Non Subsidi di SPBU Pertamina Resmi Naik https://t.co/Ob049ONObW...
keuangannews_id,SPBU,PRODUCT,Harga BBM Non Subsidi di SPBU Pertamina Resmi Naik https://t.co/Ob049ONObW...
indowfofficial,Pertamax,PRODUCT,"(H) 
2. Harga komoditas nonpangan juga naik

Selain itu, kenaikan GK pada September 2022 juga diseba..."
indowfofficial,Pertalite,PRODUCT,"(H) 
2. Harga komoditas nonpangan juga naik

Selain itu, kenaikan GK pada September 2022 juga diseba..."
indowfofficial,Solar,PRODUCT,"(H) 
2. Harga komoditas nonpangan juga naik

Selain itu, kenaikan GK pada September 2022 juga diseba..."
indowfofficial,Bbm,PRODUCT,"(H) 
2. Harga komoditas nonpangan juga naik

Selain itu, kenaikan GK pada September 2022 juga diseba..."
indowfofficial,GK,ORGANIZATION,"(H) 
2. Harga komoditas nonpangan juga naik

Selain itu, kenaikan GK pada September 2022 juga diseba..."
indowfofficial,BBM,PRODUCT,"(H) 
2. Harga komoditas nonpangan juga naik

Selain itu, kenaikan GK pada September 2022 juga diseba..."
ar3klokal,Pertamax,PRODUCT,Menteri BUMN menyampaikan keinginannya untuk penyesuaian harga Pertamax / BBM non subsidi diumumkan ...
ar3klokal,Bbm,PRODUCT,Menteri BUMN menyampaikan keinginannya untuk penyesuaian harga Pertamax / BBM non subsidi diumumkan ...
ar3klokal,BUMN,ORGANIZATION,Menteri BUMN menyampaikan keinginannya untuk penyesuaian harga Pertamax / BBM non subsidi diumumkan ...
ar3klokal,BBM,PRODUCT,Menteri BUMN menyampaikan keinginannya untuk penyesuaian harga Pertamax / BBM non subsidi diumumkan ...
PrinaWonkCerbon,Pertamax,PRODUCT,@KING__VALDEZ Sebenernya ini keptusan bener pa @erickthohir sesuai dngn pa yang pernah d lontarkanny...
PrinaWonkCerbon,Bbm,PRODUCT,@KING__VALDEZ Sebenernya ini keptusan bener pa @erickthohir sesuai dngn pa yang pernah d lontarkanny...
PrinaWonkCerbon,Mk,ORGANIZATION,@KING__VALDEZ Sebenernya ini keptusan bener pa @erickthohir sesuai dngn pa yang pernah d lontarkanny...
PrinaWonkCerbon,BBM,PRODUCT,@KING__VALDEZ Sebenernya ini keptusan bener pa @erickthohir sesuai dngn pa yang pernah d lontarkanny...
yeributkuy,Bbm,PRODUCT,"Ya gmna yaa, kan non subsidi wajar sihh kalau naik.
Harga minyak dunia kan ya Ndak stabil. Naik pun ..."
yeributkuy,Pertamina,ORGANIZATION,"Ya gmna yaa, kan non subsidi wajar sihh kalau naik.
Harga minyak dunia kan ya Ndak stabil. Naik pun ..."
yeributkuy,BBM,PRODUCT,"Ya gmna yaa, kan non subsidi wajar sihh kalau naik.
Harga minyak dunia kan ya Ndak stabil. Naik pun ..."
tazzella99,Bbm,PRODUCT,@asli_komunies @halu11ribuT @nocturnalicious @ekowboy2 Sejak kpn harga BBM non subsidi harganya naik...
tazzella99,BBM,PRODUCT,@asli_komunies @halu11ribuT @nocturnalicious @ekowboy2 Sejak kpn harga BBM non subsidi harganya naik...
olland72,Dan,LOCATION,"@bachrum_achmadi Dan cman kadrun dngu yg nyinyir bbm non subsidi naik hrga, pdahal naik onta..."
olland72,Bbm,PRODUCT,"@bachrum_achmadi Dan cman kadrun dngu yg nyinyir bbm non subsidi naik hrga, pdahal naik onta..."
HeryIdris5,Lu,LOCATION,@bachrum_achmadi Lu cuma pake partalite ribut pula...!! Yg naik itu BBM non subsidi bahlul achmadi. ...
HeryIdris5,Bbm,PRODUCT,@bachrum_achmadi Lu cuma pake partalite ribut pula...!! Yg naik itu BBM non subsidi bahlul achmadi. ...
HeryIdris5,BBM,PRODUCT,@bachrum_achmadi Lu cuma pake partalite ribut pula...!! Yg naik itu BBM non subsidi bahlul achmadi. ...
kakadjf,Kan,LOCATION,@bachrum_achmadi Kan yang naik BBM Non Subsidi.. Yang menikmati kan kalangan yang ga perlu subsidi l...
kakadjf,Bbm,PRODUCT,@bachrum_achmadi Kan yang naik BBM Non Subsidi.. Yang menikmati kan kalangan yang ga perlu subsidi l...
kakadjf,BBM,PRODUCT,@bachrum_achmadi Kan yang naik BBM Non Subsidi.. Yang menikmati kan kalangan yang ga perlu subsidi l...
bachrum_achmadi,Bbm,PRODUCT,"BBM non subsidi naik lagi per tanggal 08 Desember 2022.

Selamat menikmati! Cuma ebong yg slalu baha..."
bachrum_achmadi,BBM,PRODUCT,"BBM non subsidi naik lagi per tanggal 08 Desember 2022.

Selamat menikmati! Cuma ebong yg slalu baha..."
ignamukti,Bbm,PRODUCT,"@NgilmuKantiLaku @Ari3Pras @jokowi Kasihan banget lu sebagai rakyat yang tersakiti.
UU justru untuk ..."
ignamukti,Jokowi,PERSON,"@NgilmuKantiLaku @Ari3Pras @jokowi Kasihan banget lu sebagai rakyat yang tersakiti.
UU justru untuk ..."
ignamukti,UU,ORGANIZATION,"@NgilmuKantiLaku @Ari3Pras @jokowi Kasihan banget lu sebagai rakyat yang tersakiti.
UU justru untuk ..."
ignamukti,BBM,PRODUCT,"@NgilmuKantiLaku @Ari3Pras @jokowi Kasihan banget lu sebagai rakyat yang tersakiti.
UU justru untuk ..."
anggunsafitriz,Naik Mulai Desember,LOCATION,"Harga BBM Non Subsidi Naik Mulai Desember 2022
https://t.co/3Yz151Ryju..."
anggunsafitriz,Bbm,PRODUCT,"Harga BBM Non Subsidi Naik Mulai Desember 2022
https://t.co/3Yz151Ryju..."
anggunsafitriz,BBM,PRODUCT,"Harga BBM Non Subsidi Naik Mulai Desember 2022
https://t.co/3Yz151Ryju..."
OposisiCerdas,Naik Mulai Desember,LOCATION,"Harga BBM Non Subsidi Naik Mulai Desember 2022
https://t.co/MXMv3TmWBU..."
geloraco,Naik Mulai Desember,LOCATION,"Harga BBM Non Subsidi Naik Mulai Desember 2022
https://t.co/7dNAIEQ2ZU..."
tvOneNews,Naik Mulai Desember,LOCATION,Harga BBM Non Subsidi Naik Mulai Desember 2022 https://t.co/SWIf52vH01...
tvOneNews,Bbm,PRODUCT,Harga BBM Non Subsidi Naik Mulai Desember 2022 https://t.co/SWIf52vH01...
tvOneNews,BBM,PRODUCT,Harga BBM Non Subsidi Naik Mulai Desember 2022 https://t.co/SWIf52vH01...
perupadata,Pertamax,PRODUCT,"BBM Pertamina non-subsidi naik harga, meliputi Pertamax Turbo, Pertamina Dex dan Dexlite. Shell juga..."
perupadata,Dexlite,PRODUCT,"BBM Pertamina non-subsidi naik harga, meliputi Pertamax Turbo, Pertamina Dex dan Dexlite. Shell juga..."
perupadata,Pertamax Turbo,PRODUCT,"BBM Pertamina non-subsidi naik harga, meliputi Pertamax Turbo, Pertamina Dex dan Dexlite. Shell juga..."
perupadata,Bbm,PRODUCT,"BBM Pertamina non-subsidi naik harga, meliputi Pertamax Turbo, Pertamina Dex dan Dexlite. Shell juga..."
perupadata,Pertamina,ORGANIZATION,"BBM Pertamina non-subsidi naik harga, meliputi Pertamax Turbo, Pertamina Dex dan Dexlite. Shell juga..."
perupadata,BBM,PRODUCT,"BBM Pertamina non-subsidi naik harga, meliputi Pertamax Turbo, Pertamina Dex dan Dexlite. Shell juga..."
jawapos,Resmi Naik Per,LOCATION,"BBM Pertamina Non Subsidi Resmi Naik Per 1 Desember 2022, Ini Harganya https://t.co/o957tk8vkq..."
tribunnews,Rp15.200,MONEY,"Harga BBM Non Subsidi di Bali Resmi Naik Hari Ini, Kamis 1 Desember 2022: Pertamax Turbo Rp15.200
 
..."
tribunnews,Bali Resmi Naik Hari Ini,LOCATION,"Harga BBM Non Subsidi di Bali Resmi Naik Hari Ini, Kamis 1 Desember 2022: Pertamax Turbo Rp15.200
 
..."
tribunnews,Pertamax Turbo,PRODUCT,"Harga BBM Non Subsidi di Bali Resmi Naik Hari Ini, Kamis 1 Desember 2022: Pertamax Turbo Rp15.200
 
..."
cnbcindonesia,Naik Lagi,LOCATION,"Harga BBM Non Subsidi Naik Lagi, Pertamina Buka Suara.. https://t.co/JD0NMcwEq4..."
haluanharian,Naik,LOCATION,"Duh! Harga BBM Non Subsidi Naik per 1 Desember 2022, Cek Daftar Harga Terbarunya https://t.co/veWqEQ..."
haluanharian,Bbm,PRODUCT,"Duh! Harga BBM Non Subsidi Naik per 1 Desember 2022, Cek Daftar Harga Terbarunya https://t.co/veWqEQ..."
haluanharian,BBM,PRODUCT,"Duh! Harga BBM Non Subsidi Naik per 1 Desember 2022, Cek Daftar Harga Terbarunya https://t.co/veWqEQ..."
TirtoID,Pertanian mengakui harga beras saat ini naik,ORGANIZATION,"Kementerian Pertanian mengakui harga beras saat ini naik. 

Hal itu dipicu kenaikan harga BBM, kesul..."
JokoLipService,Komisaris Utama,LOCATION,"Gimana sih kerjanya ?
Kerja lu ngapain aja hok ? @basuki_btp @Ahok klo ngomong sok hebat.

Si Mulut ..."
JokoLipService,Bbm,PRODUCT,"Gimana sih kerjanya ?
Kerja lu ngapain aja hok ? @basuki_btp @Ahok klo ngomong sok hebat.

Si Mulut ..."
JokoLipService,Pertamina,ORGANIZATION,"Gimana sih kerjanya ?
Kerja lu ngapain aja hok ? @basuki_btp @Ahok klo ngomong sok hebat.

Si Mulut ..."
JokoLipService,BBM,PRODUCT,"Gimana sih kerjanya ?
Kerja lu ngapain aja hok ? @basuki_btp @Ahok klo ngomong sok hebat.

Si Mulut ..."
okezonenews,Naik,LOCATION,"Harga BBM Solar Non Subsidi Naik, Berikut Daftarnya    #LengkapCepatBeritanya #Keuangan #Ekonomi #Ek..."
okezonenews,Solar,PRODUCT,"Harga BBM Solar Non Subsidi Naik, Berikut Daftarnya    #LengkapCepatBeritanya #Keuangan #Ekonomi #Ek..."
arpas2000,BPS,ORGANIZATION,@prastow Di atas kertas BPS kalau diRakyat bawah tidak turun malah naik semua. Memang aneh perhitung...
Cpt28_,Pertamina,LOCATION,"@CNNIndonesia Selama si T4i masih di Pertamina , harga bbm masih mencekik rakyat jelata.....kwkkwkwk..."
Cpt28_,Bbm,PRODUCT,"@CNNIndonesia Selama si T4i masih di Pertamina , harga bbm masih mencekik rakyat jelata.....kwkkwkwk..."
Cpt28_,Pertamina,ORGANIZATION,"@CNNIndonesia Selama si T4i masih di Pertamina , harga bbm masih mencekik rakyat jelata.....kwkkwkwk..."
AgusAgu00819551,Indonesia,LOCATION,"Shell punya londo yg numpang berak di Indonesia aja hrga nya lbh murah, nich Pertamina punya negara ..."
AgusAgu00819551,Pertamina,ORGANIZATION,"Shell punya londo yg numpang berak di Indonesia aja hrga nya lbh murah, nich Pertamina punya negara ..."
cnbcindonesia,Solar,PRODUCT,"Harga BBM Solar Non Subsidi Naik, Pertamax Turbo Malah Turun! https://t.co/553R8XPkXS..."
cnbcindonesia,Pertamax Turbo,PRODUCT,"Harga BBM Solar Non Subsidi Naik, Pertamax Turbo Malah Turun! https://t.co/553R8XPkXS..."
AraZuliaryo,Bbm,PRODUCT,@raykairi @randhilicious @txtdrpemerintah Dulu sebelum banteng dipemerintahan gak ada tuh narasi bbm...
raykairi,Pertamax,PRODUCT,"@gorioyoo @txtdrpemerintah Untuk BBM subsidi semenjak 2019 belum pernah naik. 

Yang naik non subsid..."
raykairi,Bbm,PRODUCT,"@gorioyoo @txtdrpemerintah Untuk BBM subsidi semenjak 2019 belum pernah naik. 

Yang naik non subsid..."
raykairi,BBM,PRODUCT,"@gorioyoo @txtdrpemerintah Untuk BBM subsidi semenjak 2019 belum pernah naik. 

Yang naik non subsid..."
kompascom,Dexlite,PRODUCT,"Harga Pertamax dan Pertamax Turbo turun, harga Pertamina Dex dan Dexlite naik. Berikut daftar harga ..."
kompascom,Pertamax Turbo,PRODUCT,"Harga Pertamax dan Pertamax Turbo turun, harga Pertamina Dex dan Dexlite naik. Berikut daftar harga ..."
sakatonikabcey,Bbm,PRODUCT,"Gue sbg customer ojol kerasa bgt pos transportasi gue, kebutuhan bensin pas naik motor sendiri bengk..."
sakatonikabcey,Bensin,PRODUCT,"Gue sbg customer ojol kerasa bgt pos transportasi gue, kebutuhan bensin pas naik motor sendiri bengk..."
sakatonikabcey,Pertamina,ORGANIZATION,"Gue sbg customer ojol kerasa bgt pos transportasi gue, kebutuhan bensin pas naik motor sendiri bengk..."
sakatonikabcey,BBM,PRODUCT,"Gue sbg customer ojol kerasa bgt pos transportasi gue, kebutuhan bensin pas naik motor sendiri bengk..."
sersanqomar,Pertamina,ORGANIZATION,"@CNNIndonesia Selain PLN dan Pertamina yg punya hak monopoli tapi rugi, digunakan rezim utk mencekik..."
sersanqomar,Pln,ORGANIZATION,"@CNNIndonesia Selain PLN dan Pertamina yg punya hak monopoli tapi rugi, digunakan rezim utk mencekik..."
sersanqomar,PLN,ORGANIZATION,"@CNNIndonesia Selain PLN dan Pertamina yg punya hak monopoli tapi rugi, digunakan rezim utk mencekik..."
